horizon,method,forward_time_ms,backward_time_ms,total_time_ms,constraint_violation_inf
2,lapanda,0.08750008419156075,1.1720000766217709,1.251700334250927,0.0005186425741432465
2,TurboMPC-GPU,2.3814519999945105,1.0049539999954504,3.388068000006683,2.886579864025407e-14
5,lapanda,0.2731001004576683,2.0121000707149506,2.2515002638101578,0.0007254632806668951
5,TurboMPC-GPU,2.721678999989763,0.8727660000005244,3.587308999996708,2.6645352591003757e-14
10,lapanda,0.5661002360284328,8.927900344133377,9.484500158578157,0.0007734966265258159
10,TurboMPC-GPU,2.7807670000044027,1.0581780000080698,3.8779969999893638,2.9753977059954195e-14
20,lapanda,1.367699820548296,26.891599874943495,28.603899758309126,0.0007229501214893255
20,TurboMPC-GPU,3.2039719999943372,0.9010640000042258,4.105035999998563,2.7533531010703882e-14
40,lapanda,2.572400029748678,17.097400035709143,19.770400132983923,0.000874993103686713
40,TurboMPC-GPU,3.197690999996894,1.0329009999736627,4.163772999987714,2.842170943040401e-14
80,lapanda,5.797199904918671,16.88649971038103,22.6836996152997,0.0006145154841909195
80,TurboMPC-GPU,2.999382999973932,1.7415769999900022,4.70974800001045,2.9753977059954195e-14
160,lapanda,17.0332002453506,52.140200044959784,75.9410997852683,0.0006017332272829079
160,TurboMPC-GPU,6.679566999991948,1.6086980000125095,8.75655699999811,2.7977620220553945e-14
