horizon,method,total_time_ms,total_time_std_ms,constraint_violation_inf
10,lapanda,6.2897066585719585,10.797192210458249,0.00034157566817629716
10,TurboMPC-GPU,14.979097400003146,7.510808283184895,7.90383550561639e-05
30,lapanda,47.4458332794408,118.42430646927224,0.0007040149612364117
30,TurboMPC-GPU,79.62095086666635,167.11298330190544,0.0007145237439139307
50,lapanda,60.33863999570409,63.19469582081617,0.0007175680635824707
50,TurboMPC-GPU,128.94852496666638,216.86111912400892,0.0011370150639556987
70,lapanda,132.31301666237414,162.50595376280341,0.0006557044892818628
70,TurboMPC-GPU,187.78804323332372,261.46298116703394,0.0015508218192108402
90,lapanda,213.40452996082604,295.8184926491102,0.0006717831927866624
90,TurboMPC-GPU,323.02901226666825,282.6937481569879,0.0015707427413023686
110,lapanda,393.81593329211074,474.8636976282082,0.00047947749357675024
110,TurboMPC-GPU,445.9084365,263.07760323896844,0.0021835656428438838
130,lapanda,768.0823366778592,981.3092634008425,0.0005326577620873278
130,TurboMPC-GPU,554.5546482666699,202.5124361485848,0.001887724831079307
150,lapanda,1483.7765365994226,2038.882358990655,0.0007989416930259304
150,TurboMPC-GPU,589.7101522999984,110.91662623504794,0.0014951709677918405
170,lapanda,1911.1071400810033,2470.8369374149315,0.0007431609431837016
170,TurboMPC-GPU,533.1717160666675,92.94349799607494,0.0016483495072366684
190,lapanda,4003.203000050659,4762.423657995376,0.0007152384999015567
190,TurboMPC-GPU,516.7502895000002,108.04872751181222,0.001665096563294514
