task,scenario,success,loss,constraint_violation_inf,gradient_relative_error,gradient_cosine_similarity,gradient,reference_gradient,forward_time_sec,backward_time_sec,reference_kkt_condition
cartpole,0,1,0.01950891193799115,6.117546030282028e-05,0.0006172107860279209,0.9999998111613171,"[0.04855914776332996, -0.033364207133565096, 0.30034310176590506, 0.2840735716817211, 0.00022190662540814033]","[0.04857069424550568, -0.03323619005496378, 0.30034643488919144, 0.28404817335402843, -5.799908065099945e-17]",0.007144000381231308,0.00010199984535574913,11.181739935407714
cartpole,1,1,0.001767598960888024,1.1734693117659845e-05,0.009766223340740017,0.9999659494799736,"[-0.0012552260054347467, -0.002805041833785766, 0.00936122528094319, 0.037296273560315424, 1.0748923965013969e-05]","[-0.0012821295631793214, -0.002835117439559771, 0.009100718036187089, 0.03756798810691922, 2.9300139821672707e-17]",0.04378660023212433,0.00010610045865178108,42.40910356739138
cartpole,2,1,0.05860879281983835,1.761332569572005e-05,0.0007895938468154699,0.9999999884562203,"[-0.007107435058613453, -0.09089310832776881, 0.06877325964807172, 1.119763526003028, 7.831167807955536e-05]","[-0.007096531489454599, -0.09073313398305426, 0.06884258429597963, 1.118896349432859, 2.4913234318250425e-16]",0.010159499943256378,9.380001574754715e-05,13.995916858799374
cartpole,3,1,0.2875362408506081,1.2194357950079393e-05,0.00038845305783207087,0.9999999658028406,"[5.2881253779839685, -0.8249118717339214, 10.55552881651128, -2.9851256214686317, -0.0030048157165025735]","[5.290078707732058, -0.8252624252556685, 10.558092868215947, -2.9868434526930034, 1.6853640772982464e-16]",0.02678340021520853,0.00010399986058473587,87.00222052544588
cartpole,4,1,0.025093477088091065,4.50242610696705e-05,0.00034914254645152947,0.9999999628149392,"[-0.08740703541677985, -0.040714713015873476, -0.20963006072217144, 0.7102859727246074, -0.00017947198721516625]","[-0.08738030541997842, -0.040801440890720055, -0.2095764840466418, 0.7101289907344581, -4.780996508277499e-17]",0.018319999799132347,0.00010609999299049377,38.11110710160036
cartpole,5,1,0.21368285241108362,2.5648473453543374e-05,0.001895736150946513,0.9999989397254445,"[0.5504998668003758, -0.3848177462902201, 2.8845798295204204, 3.3201791422003, 1.9103522824928665e-05]","[0.5480302513145464, -0.3851601091125299, 2.8840765672343744, 3.3282317679927105, -4.3883944173980645e-16]",0.004989400040358305,9.359978139400482e-05,18.170186848405883
cartpole,6,1,0.18571222198119608,2.1010321134440346e-05,0.0008382149895975996,0.9999999461894168,"[1.1695912520756042, -0.35753923888536454, 1.3602447517821323, 1.460366040201733, 0.0006472949098414033]","[1.1687457379687414, -0.3568788777022953, 1.3593189004201163, 1.4591759670027789, 6.14659989945246e-17]",0.01018999982625246,0.00010829977691173553,40.433607882282814
cartpole,7,1,0.2526611324523441,1.6995651890283625e-06,0.0006756596509232046,0.9999998073035937,"[-0.7238127553401572, -0.32282871730347085, 0.6400825592571469, 5.694340461092994, 0.0024556222124027527]","[-0.7241226202684409, -0.32234023560925573, 0.6373843653935812, 5.693066313363347, -2.5717850620421746e-16]",0.028156899847090244,0.00010279985144734383,110.08142445165386
cartpole,8,1,0.25464567606151656,3.9322510517081355e-05,0.00039728401645060783,0.9999999726161012,"[0.23252462351789666, -0.31892118604698044, 0.6984548069459665, 3.3036801225499604, -0.0007133262280010211]","[0.23249862893294956, -0.31913542079908624, 0.6983635371388996, 3.302557922814068, 1.4967356220520265e-16]",0.006936099845916033,9.990017861127853e-05,40.763822258203305
cartpole,9,1,0.010784611271781657,1.6407177028554543e-05,0.03308786282376951,0.9994606366272196,"[-0.04341932779525956, -0.01893802219317143, 0.3402029893595546, 0.33407758942023613, -0.0001328257495449292]","[-0.039148681306623, -0.018616658594058297, 0.34970425520538523, 0.3222045350021763, 2.748957046198153e-17]",0.02314209984615445,0.0001034000888466835,99.28969293708174
cartpole,10,1,1.660670056981867,0.0,0.0025999871903527798,0.9999997951325381,"[-2.7151911314528863, 0.027910023799860493, 2.003865815342425, 0.3641997948529138, 8.920402562647988]","[-2.7177458974210946, 0.027942210398299736, 2.005148712368088, 0.3650041136779691, 8.945102549664295]",0.0014181998558342457,8.880021050572395e-05,325.53110016254516
cartpole,11,1,0.19659198808636102,1.7466889289607934e-05,0.000535584241537217,0.9999998574361616,"[0.520896677825934, -0.1693967319771188, 4.40528945216786, 0.7776120136152103, -0.0016539512130613332]","[0.5209546670857835, -0.16943481783767392, 4.405399834280244, 0.7758589396527216, 5.5752357372806965e-18]",0.023857800289988518,8.699996396899223e-05,128.797397967494
cartpole,12,1,1.0332689316787553,4.218833934999111e-05,0.0004875993789928082,0.9999999420829442,"[1.875369098346533, -2.113921370397763, 3.493104965651375, 21.00054685218936, 0.0057573748246083495]","[1.8739189464176431, -2.108869713431707, 3.4911017822670978, 20.993853913327232, 4.424929286363691e-16]",0.0037174997851252556,0.00010909978300333023,10.442290441908698
cartpole,13,1,0.29648186916197594,1.8608912455420068e-06,0.000377288357103638,0.999999930642461,"[3.7174852069379716, -0.5909149245407787, 3.8134407092689173, -1.963986265032522, -0.001961297073981183]","[3.7168072683636724, -0.5909252617266992, 3.813811697456752, -1.963548747807314, 4.884106628297847e-16]",0.034963199868798256,9.350012987852097e-05,93.67416435036074
cartpole,14,1,0.038866016187012256,1.7755541378505768e-05,0.0002727540540350271,0.9999999848214328,"[0.5030243684433924, -0.09797643896519721, 2.5054411041517297, -0.04706609242313281, -0.00043488332620778003]","[0.5028824013651064, -0.09798104984615381, 2.5049234702376597, -0.04696992412661752, 1.313830937034994e-16]",0.02136100037023425,9.620003402233124e-05,94.62744820787877
cartpole,15,1,0.25961748485252817,4.112906262321303e-05,0.0002661444713109449,0.9999999778657446,"[0.4523185796861218, -0.3860003872474445, 0.8114324753792508, 3.5775809940443657, -0.0007065839605644442]","[0.45230721033276383, -0.3862492108439123, 0.8113859309139457, 3.576937184057566, 3.941485108208003e-17]",0.01417719991877675,0.00010409997776150703,40.07337674713422
cartpole,16,1,1.1990982593325998,0.0,5.67367173207902e-05,0.999999998633708,"[7.43184513730104, -2.5432150835767513, 48.444278340821704, 7.7841721230666785, 7.208060467019578]","[7.431692129846322, -2.5430591350952754, 48.44350997493579, 7.784519326543985, 7.205348175132385]",0.022544499952346087,8.739996701478958e-05,8.789987122143044
cartpole,17,1,0.019674348963177928,5.288680236503751e-05,0.0009933389893984831,0.9999996502899401,"[-0.003819493060547869, -0.017055249284689593, -0.3695448106232333, 0.21695148069630932, -0.0002138181729147287]","[-0.003813160902523853, -0.01706677835787206, -0.3694915799262817, 0.21658737142233914, -4.392198441050384e-17]",0.01702720019966364,9.900005534291267e-05,525.9159694498572
cartpole,18,1,0.00409768432426396,1.5893149097223613e-05,0.029025521798847223,0.9998195053088127,"[-0.009276072994263336, -0.003733053601952771, -0.06591652907451556, 0.07487883824939612, -0.00020686787511021396]","[-0.009233051452081498, -0.004065799703689168, -0.06583214866654381, 0.07205942343466241, -2.5173198390040452e-18]",0.0011066999286413193,8.159969002008438e-05,3.6805330356780113
cartpole,19,1,1.0318800319736083,0.0,0.0009157312368098974,0.9999996177305931,"[12.796882397624806, -2.636925844344786, 37.89517159596001, 0.8176142255486587, -0.3863420648227063]","[12.80387674751808, -2.636495292421075, 37.90424332870347, 0.808278659122024, -0.41996101445251593]",0.0228965999558568,9.159976616501808e-05,8.664084635283805
cartpole,20,1,0.506842570896867,3.6576122809606204e-05,0.0006799571330948478,0.9999999384801531,"[0.3219015380064792, -0.4475969897206725, 1.3827605212084975, 4.646935257044445, -0.0015041864976903518]","[0.32189801974613663, -0.4477444635389749, 1.3825939533496612, 4.643988485760073, 9.92813837564412e-17]",0.018019600305706263,0.00010009994730353355,125.77707771521037
cartpole,21,1,1.3256960398485307,4.913088943681032e-06,0.0001376213972658098,0.9999999910550283,"[8.876778019460122, -1.7127089034640375, 22.58134040141248, -1.0360523744084427, -0.0028913580764706737]","[8.875319060310739, -1.7120949107709302, 22.58113634191919, -1.0354884080000313, -2.053378526035069e-15]",0.032067600172013044,9.849993512034416e-05,64.75401778290775
cartpole,22,1,0.08622769480352377,5.227489907611016e-07,0.001022953794828115,0.9999999964521088,"[0.4069563892686903, -0.15351356821327353, 6.085046137980631, 0.863242962918403, -2.850753540854789e-05]","[0.407383882605951, -0.15367719981670233, 6.091327914097077, 0.8636103582144569, -3.718497483734727e-16]",0.03532910021021962,0.00010430021211504936,70.23225635790207
cartpole,23,1,0.7325664931720995,2.124075120946145e-05,0.0005842714840928345,0.9999999709660116,"[6.3813366862653, -1.32471447489841, 20.65599931638734, 0.39825319782017377, -0.005173650812560382]","[6.384197899941344, -1.3257751467758239, 20.667139722510935, 0.3986914181901374, -2.995703413899054e-16]",0.03353190002962947,9.880028665065765e-05,89.92362693031356
cartpole,24,1,0.19248737746515332,4.5723847577505694e-05,0.0006967933179500342,0.9999999860814495,"[-0.2558898547437091, -0.2958025725060843, 0.8800925540017053, 4.22186608829683, -6.385263087257953e-06]","[-0.25586190765148464, -0.29619713694641203, 0.881340700473747, 4.224586804961897, 1.1201271934884105e-16]",0.005684900097548962,9.729992598295212e-05,16.641216424668883
cartpole,25,1,0.16106121343506524,0.0,0.0034823388158427937,0.9999964247690776,"[0.44944243356067903, -0.6715245766559631, 6.1437484279562105, 0.8233623064974993, 9.311213157867348]","[0.4477904630951413, -0.6728826134821002, 6.132972330800514, 0.8210484195179694, 9.348710133080491]",0.016523700207471848,9.410036727786064e-05,8.466071532560049
cartpole,26,1,0.31483213196650356,0.0,0.0004654830741093479,0.9999999794036348,"[-0.7124750767087589, -0.4666460190563547, 0.12733405513232077, 7.4142337786196855, 0.0014218141333102174]","[-0.7128504506157798, -0.4666583909741518, 0.12690367816322834, 7.417353674541167, -3.247434008312875e-17]",0.03688230039551854,9.879982098937035e-05,113.11123564074404
cartpole,27,1,0.054944623508846116,0.0,0.00011071709709743711,0.9999999970500599,"[1.0066722480354886, -0.12784945720528726, 4.034762817688213, -0.9225528228227683, -0.000314326425078372]","[1.0065649525081188, -0.12787233971572134, 4.034464498628729, -0.9224020073187249, -8.46891508985569e-17]",0.030900999903678894,9.240023791790009e-05,96.39490113412732
cartpole,28,1,0.036222651593739164,1.662370753763298e-05,0.0006660886996331276,0.9999999667875799,"[0.6306062626394422, -0.07433638714451359, 0.8684824012900787, -0.6481519542504091, 7.643705248175196e-05]","[0.6304116237406988, -0.07429510940784648, 0.8677267017730679, -0.6478646427132289, 3.6296249992444964e-16]",0.00903770001605153,8.359970524907112e-05,22.291129762111318
cartpole,29,1,0.20800851260627382,1.8186342771286945e-05,0.0036193188154457156,0.999994669125963,"[1.6561719561821353, -0.5397936136204923, 8.576149506320558, 2.4787078624809045, -0.002061790719587897]","[1.6671257861347968, -0.5398704983380022, 8.596006280474318, 2.454863161126907, -9.744424399548201e-17]",0.025133199989795685,0.00010479986667633057,86.91707117673144
cartpole,30,1,0.03154475483263661,1.2715146823438772e-05,0.00048388179634679626,0.9999999755752571,"[0.9662705879400658, -0.09031181691437941, 2.259311675045739, -1.2784494204952934, -0.000457861773871332]","[0.9665684743287474, -0.09041157228354228, 2.260509501039353, -1.2786877945128121, 2.921379337623225e-17]",0.012498800177127123,9.360024705529213e-05,97.80473333955142
cartpole,31,1,0.5605744829156748,3.641543808896586e-05,0.0024295772917210232,0.9999998658600309,"[4.788144307821833, -1.0303849131180458, 11.233308281837031, 0.7137672663076234, -0.004279212429424122]","[4.777167731807154, -1.0264686766760363, 11.206407899157636, 0.7165052925249632, -2.420754612035239e-16]",0.03277770010754466,8.909963071346283e-05,90.73950124945982
quadrotor,0,1,179.18330326932863,0.0,1.0217847293034916,0.9969081044976801,"[-258.01107578703926, 151.02365558363783, -0.5215022838559794, 33.06974399789036, 3992.770751963828, 76.5397546160652, 0.0]","[-256.88963851131825, 150.05293510621593, -0.5198919560119376, 33.047806243579295, 1962.644751189092, 77.28758132444929, 0.0]",0.002152799628674984,0.00037819985300302505,104993.34326910251
quadrotor,1,1,203.48423430044747,0.0,0.4917964970491261,0.9993354267391132,"[-305.85342090561556, 201.2147914382721, 0.22180991943575099, 33.73718314602175, 4784.893939028494, 46.6420296899232, 0.0]","[-302.02266663804113, 198.37290497372206, 0.24138250263182462, 33.97351694063006, 3200.6127308284645, 44.592203730203174, 0.0]",0.0033553997054696083,0.00039510009810328484,107620.59443040214
quadrotor,2,1,221.10036714198142,0.0,0.2131801509017692,0.9999055565133462,"[-420.2070211320822, 285.3758775069033, -3.0484212056886983, 32.380390268372125, 7878.694215352709, 79.41804576538958, 0.0]","[-419.7950625416704, 283.6125706811722, -3.075854901620377, 33.01634920430862, 6490.679296463198, 80.52277641932486, 0.0]",0.005012600217014551,0.00038819992914795876,107204.63214062742
quadrotor,3,1,217.6374566606455,0.0,0.11966973848595869,0.9999878455521896,"[-294.7881277849197, 170.83250410606644, -0.8332220757745158, 41.89030457425219, -8719.741746834003, 88.58139639859584, 0.0]","[-294.8410714409369, 169.22118280598104, -0.8415325832754724, 42.24532923073144, -9905.937693379363, 88.70159479383103, 0.0]",0.003956099972128868,0.00042220018804073334,107265.79699149614
quadrotor,4,1,167.1869943878037,0.0,0.12587460716088375,0.9999953588132047,"[-210.4855068887833, 129.88825993179012, -3.87487943743394, 27.659784907449012, -11698.972931200735, 52.34751977674135, 0.0]","[-207.8219077171151, 126.39932498660792, -3.8817731968875187, 28.033262305777, -13383.962404366015, 51.49432764696226, 0.0]",0.005091500002890825,0.0003909999504685402,108077.33528807736
quadrotor,5,1,164.0391995304076,0.0,0.3451139208296166,0.9990333410445774,"[-244.25022978007735, 144.99394178906476, -2.7955634367891777, 28.974398677551218, -2327.949736239718, 79.35706625817488, 0.0]","[-243.64467914788375, 143.18374938533202, -2.787868389965199, 29.22061695844931, -3561.166020265968, 79.39474898155702, 0.0]",0.0037210998125374317,0.000390700064599514,108567.07342629178
quadrotor,6,1,171.39352211463233,0.0,0.06503652440996953,0.9999980440943594,"[-192.9762759667948, 123.62435469553888, 0.0910623490749738, 30.76336376540888, -7674.882989022375, 16.002519992516298, 0.0]","[-193.01664653254844, 123.35859254526868, 0.0900721309720708, 30.883277696215, -8208.978835193077, 15.682502772054905, 0.0]",0.0031067999079823494,0.00042079994454979897,108647.68108948739
quadrotor,7,1,161.01667702340927,0.0,0.12454030961008491,0.9999682034400239,"[-181.31867981764842, 113.06334315830226, -0.649825678166729, 28.142661870409235, -3394.2290840442574, 23.298437034502214, 0.0]","[-181.16977689583672, 112.9351463727148, -0.6533215012876359, 28.194242746266056, -3877.9420274952568, 23.72708181671753, 0.0]",0.0024152002297341824,0.0006486000493168831,106891.83642951261
quadrotor,8,1,185.91099061526373,0.0,0.16373127626126713,0.9999929473507442,"[-229.4459569181066, 150.45489345015812, -3.7228123172965146, 28.889794960078664, -12648.936045879553, 37.33892483407958, 0.0]","[-228.55733496129687, 147.43637117591516, -3.7432734960850533, 29.450562222609157, -15125.935473475292, 37.66493691619498, 0.0]",0.003825599793344736,0.0003856997936964035,108545.40391501911
quadrotor,9,1,151.4919424578874,0.0,0.12950329131801852,0.9999936427936799,"[-156.2345749381067, 100.47683334900262, -1.4142670097774859, 25.710294618463216, -6551.651612529872, 10.67495247300118, 0.0]","[-157.52656135487416, 100.4259419034777, -1.443692176007988, 25.82387683221128, -7526.686719764189, 12.681114868175625, 0.0]",0.003316800110042095,0.00041820015758275986,107113.07000905095
quadrotor,10,1,165.8400826094901,0.0,0.09673909787504796,0.9999994906155113,"[-170.7959163266653, 102.41880460957941, -3.4445309790754663, 28.80417378891925, -24205.574268971803, 37.74867275550207, 0.0]","[-167.22480152681325, 98.50543721513802, -3.428426472985768, 29.190619244000676, -26798.060887501142, 36.816355608018924, 0.0]",0.003920100163668394,0.00040139956399798393,108879.40484877053
quadrotor,11,1,224.62137570486865,0.0,0.015995800823715916,0.999999575254137,"[-310.4064297709405, 175.40259237823255, -0.7222263037659366, 45.99722567521359, -8509.550008202728, 95.21959732116639, 0.0]","[-308.94073491990247, 175.54213525911288, -0.7127168670808521, 45.70140380985194, -8647.985004328382, 93.18316393227347, 0.0]",0.0040524001233279705,0.00041719991713762283,106635.80218999491
quadrotor,12,1,162.50217336689872,0.0,0.06583398242335518,0.9999970285251331,"[-177.85378212252945, 113.80782991453057, -1.5886314349476973, 28.184258094562484, -5785.199287848478, 14.458263693462863, 0.0]","[-177.75488844721988, 113.80556176996684, -1.5891419753191456, 28.171081102013982, -6193.161590019501, 14.955509836185835, 0.0]",0.002686799969524145,0.00041089998558163643,106990.62317130853
quadrotor,13,1,211.9013143656537,0.0,0.10908900640367865,0.9999985220385373,"[-256.89933655125657, 157.2790672305382, 0.31120459197919603, 38.40971355191404, -23260.250209984108, 53.53553612357685, 0.0]","[-251.65917825925345, 152.37586890191966, 0.3368299329205031, 38.68956383389296, -26108.59053490092, 52.00831688859114, 0.0]",0.00476419972255826,0.0003911997191607952,109172.52607828855
quadrotor,14,1,166.52614032933187,0.0,0.05912284118376343,0.9999989482201828,"[-206.0667094441614, 117.99364817353317, -3.1599218961704367, 29.258722959903356, -11380.625734566594, 66.06385204926794, 0.0]","[-204.63500303532848, 117.67553601100194, -3.1270003598178024, 29.144712410685425, -12095.914655821354, 64.09377271532512, 0.0]",0.0035470998845994473,0.0005206996574997902,107642.31587032002
quadrotor,15,1,209.63631453389,0.0,0.4917943462736565,0.9990914598218013,"[-287.9143957124147, 187.05188992172134, 0.41645288596625146, 36.90983988429925, 4045.6428131399957, 35.8820062821364, 0.0]","[-289.2958959512018, 187.34803019372043, 0.4118819207308602, 36.82328314644109, 2704.5515592048155, 38.191598790489, 0.0]",0.0022388999350368977,0.0004110001027584076,107101.38499468524
quadrotor,16,1,155.08779160546248,0.0,0.13204387976568366,0.9999573912423232,"[-180.8330671041008, 108.35852808644232, -1.1135755264934266, 27.573172866868596, -3061.447528379498, 38.61193116284173, 0.0]","[-181.27155624067953, 107.8404945139549, -1.122576258643168, 27.59047218564087, -3528.198374548502, 39.39090932346304, 0.0]",0.0034223003312945366,0.00042010005563497543,105663.06689797011
quadrotor,17,1,185.51520273001321,0.0,0.03908359911271663,0.9999998722743674,"[-189.94913823628232, 127.29159702083354, -3.6255640790327432, 28.68435877877269, -21160.253242634368, 11.09615759339789, 0.0]","[-188.75423210687765, 125.96220081040192, -3.6199674513508233, 28.809576997449728, -22020.956005095086, 10.617418997370224, 0.0]",0.005358400288969278,0.0003855000250041485,109982.80786103662
quadrotor,18,1,198.48905631077162,0.0,0.032766477399835334,0.9999971174566384,"[-266.49384613336025, 165.36706287812868, 0.8821483619153522, 36.03688525244342, 3584.715541070594, 47.50280476067506, 0.0]","[-268.0846311453527, 166.18138892294562, 0.8787424521735574, 36.079927394135886, 3706.594725888981, 49.42714556477937, 0.0]",0.0028684004209935665,0.0003754002973437309,107690.68659675097
quadrotor,19,1,177.85008315804333,0.0,0.04909421385276957,0.9999997440252573,"[-186.63659566872516, 112.33649669283503, -2.5985010612504302, 32.80605600268209, -20568.3092641107, 32.611699094188424, 0.0]","[-183.76529772518077, 109.64561465215338, -2.5690076180415233, 32.99596061360365, -21630.276956329948, 31.336911876807804, 0.0]",0.004485399927943945,0.0003659999929368496,107294.45535532448
quadrotor,20,1,223.53848643740395,0.0,0.07506012145777208,0.9999988074224677,"[-273.4515429461868, 170.89063728535373, -0.46922079031557934, 39.971248775987846, -17597.517387899978, 46.69156001781535, 0.0]","[-271.4909264158556, 168.8934181466577, -0.4557297727251028, 40.084548856859456, -19025.80260243254, 46.13517503813292, 0.0]",0.004305300302803516,0.00039579998701810837,108589.70514039541
quadrotor,21,1,196.4934228269724,0.0009207660547962959,0.20701040792359673,0.9999987717190133,"[-97.27072351132506, 34.27398219418089, -1.20776222736426, 43.09343087202153, -35954.53505939699, 10.064778858381555, 0.0]","[-116.74212689539083, 42.49325967934507, -1.1157388626512432, 44.62532241784445, -29788.101718891896, 32.718288305223105, 0.0]",0.011723000090569258,0.00045029958710074425,283660.37087372167
quadrotor,22,1,155.75510770854723,0.0,0.09834849247185753,0.9999770873333238,"[-222.1761822473862, 123.0863338305435, 0.917733244421847, 30.474945144347643, 3804.404098826232, 77.59639897682723, 0.0]","[-221.72591279942029, 123.19025911775091, 0.9206920446513976, 30.483837176913163, 3462.830455622468, 77.21390664951207, 0.0]",0.0024528000503778458,0.0004437998868525028,105873.2753900591
quadrotor,23,1,173.70005607565523,0.0,0.9032662221585612,0.4659160569228841,"[-232.01618802785705, 139.67019584441812, -0.7576207081386662, 29.645642402322967, -57.08600482908696, 61.12642542763341, 0.0]","[-232.61556665119298, 139.6628580092643, -0.7569060593153119, 29.508854901077584, -962.3673258061826, 61.88718380816818, 0.0]",0.0030804001726210117,0.00042770011350512505,105872.77844325034
quadrotor,24,1,180.44328555599594,0.0,0.4598249985541876,0.9991881527701321,"[-250.66710769761772, 151.58656273370718, -0.5200402091475532, 33.289211021493976, 3435.31089045335, 62.727975845220705, 0.0]","[-251.48041146023934, 150.23619611251686, -0.5318508662618291, 33.40469422601472, 2347.155765090903, 63.681228469610474, 0.0]",0.0022339997813105583,0.00037010014057159424,106124.57579789989
quadrotor,25,1,189.6835802914535,0.0,0.32911725016625154,0.9999071968983954,"[-274.950887781367, 169.06179360612094, -1.3758232753266368, 33.47762859795006, -8570.464889465475, 71.17283296559876, 0.0]","[-266.39038945033667, 162.00505457848166, -1.314284916278338, 33.95118924645158, -12776.862539257645, 68.58248952826212, 0.0]",0.003356100060045719,0.00038219988346099854,108722.3550769121
quadrotor,26,1,133.5161039539,0.0,1.9283979373005862,-0.686666188462082,"[-170.45316171227023, 95.38778624005477, -0.3513627940501299, 24.098988637627016, 503.8477640783949, 57.88834502329925, 0.0]","[-170.45637768315092, 94.74532370511537, -0.3564301119364994, 24.236757588162906, -450.323720161183, 58.44896950242032, 0.0]",0.0024143997579813004,0.00039479974657297134,106034.85840452574
quadrotor,27,1,151.5184176355953,0.0,0.19728921555258241,0.9999692525067122,"[-194.68636888247875, 107.64110125016956, -2.69683185688369, 26.220239809451378, -6267.886519502647, 75.63845913309929, 0.0]","[-192.33720381027996, 106.49818766174775, -2.676581185840793, 26.15507272963599, -7809.251179555651, 73.48127846078609, 0.0]",0.0034544002264738083,0.00042609963566064835,106416.8829312622
quadrotor,28,1,173.88413223595035,0.0,0.14609291672612296,0.9999412072972983,"[-274.11568791218383, 187.48023993314476, -6.256506642304861, 22.557742880132654, -4715.651003182199, 47.20765052098697, 0.0]","[-271.92976478746925, 186.3441219925544, -6.226570134687627, 22.599315755378353, -5524.158938321887, 46.5187712327754, 0.0]",0.005482099950313568,0.00038790004327893257,107819.2163267683
quadrotor,29,1,167.43009460751088,0.0,0.8424995711748403,0.9936292079050236,"[-242.89829156215583, 135.50077065080703, 0.2523237383083959, 30.108686253135474, 2168.638860437193, 90.50259998961896, 0.0]","[-241.93296972669748, 135.72235327784256, 0.2577232515992656, 29.972520625783297, 1160.3061943715234, 90.84997304550261, 0.0]",0.002483299933373928,0.0003696000203490257,105616.00374691933
quadrotor,30,1,163.9962551999849,0.0,0.07387742703536697,0.9999994825841183,"[-186.48060182866354, 104.2548972223438, -2.2601814144523105, 30.883765419593527, -18586.999764758515, 59.423004683076705, 0.0]","[-184.86075534671068, 101.87847488552464, -2.2574106621814174, 31.143351509279835, -20069.791714236402, 59.10761674761154, 0.0]",0.006791600026190281,0.000398899894207716,106620.09135856596
quadrotor,31,1,183.3775177903049,0.0,0.11737323766349642,0.9999733941942812,"[-274.50582726199576, 160.66745433894386, 1.3180654863132901, 33.70257537641745, 5825.0160397074615, 85.76462086995429, 0.0]","[-277.18896656830054, 161.44092764409135, 1.3117281567237637, 33.68282772959852, 5212.018339345193, 88.32810720117772, 0.0]",0.002209000289440155,0.00037400005385279655,107067.40025218038
robot_arm,0,1,0.8121330509902166,0.0,0.01089282306646789,0.9999999832435108,"[12.451381798662695, -5.821326358767212, 10.86307255141284, 714.6914081690979, 0.0]","[12.563149151835669, -5.886801266974625, 10.852850547485678, 722.5634298331587, 0.0]",0.008389999624341726,0.00028460007160902023,1814.340361441527
robot_arm,1,1,1.2248140111772423,0.00019264827184550803,0.1508902080409429,0.9996963015352314,"[7.73651371370278, -2.8807762902583165, 10.928662156662817, 55.46638575088848, 0.0]","[7.776938008504149, -2.844560809623538, 9.996036281675813, 48.01908148602582, 0.0]",0.005393799860030413,0.00031030038371682167,1813.1746762919822
robot_arm,2,1,0.46291563747887343,0.0004362118466694209,0.5882694376732392,0.833370570371556,"[3.5683111765490567, -1.4112259784418764, 10.350313725885453, -4.430719441699988, 0.0]","[3.281134544506964, -1.2894016542445808, 10.086011150905446, -15.495611629145518, 0.0]",0.006788299884647131,0.00028220005333423615,1815.69316804835
robot_arm,3,1,0.48822477366630673,0.0,0.6611686941419901,0.7563752034600544,"[4.3050074794655835, -1.6516289313274624, 10.463902531135668, -2.485702589177575, 0.0]","[3.966406983014168, -1.4985964362685722, 9.756131386763213, -14.177210155012283, 0.0]",0.006450199987739325,0.00039720023050904274,1816.0348806164034
robot_arm,4,1,1.0302905280171295,0.0,0.001493302542392758,0.9999990800030715,"[7.47443092566713, -2.8525530859945882, 11.10699950574215, 77.94689192067852, 0.0]","[7.457950065585173, -2.8464916653754395, 11.218209853510734, 77.98305504934515, 0.0]",0.00798140000551939,0.00025819987058639526,1813.0538980649674
robot_arm,5,1,0.6997809367834434,0.0,1.7200046728036742,-0.7690687541770201,"[2.744901714552144, -1.0452387383284174, 8.675644174366381, -30.949566385550543, 0.0]","[3.7621009763145854, -1.692805410160713, 14.835687835996788, 35.82285068884037, 0.0]",0.006314400117844343,0.00035350024700164795,1812.3998880670913
robot_arm,6,1,0.3467791489224523,0.0,1.2666871182965107,0.6113813635744864,"[3.767707997036117, -1.3567560384120658, 5.149667390934608, 6.629369138459484, 0.0]","[3.841687708184057, -1.3264469138199286, 4.101505924749605, -0.656268302260316, 0.0]",0.003445900045335293,0.0002942001447081566,1814.9395042274377
robot_arm,7,1,0.9113949077887049,0.0,0.03479532271492161,0.9999997351945559,"[9.269792149518894, -3.8486188425361827, 11.037916387388714, 266.7377385526992, 0.0]","[9.017363068817257, -3.729289956830108, 10.844612892729883, 257.76093172804, 0.0]",0.003204300068318844,0.0002670995891094208,1813.5841951895359
robot_arm,8,1,0.6076814622930994,0.0,0.00667890428674246,0.999999920298245,"[7.641003237707668, -3.5573941867255243, 13.879289764559083, 336.33053496724256, 0.0]","[7.641776171964779, -3.548529204796397, 13.665036875285878, 334.1068084433582, 0.0]",0.003219599835574627,0.00024949992075562477,1815.9265505055132
robot_arm,9,1,0.706204120218765,0.0,0.0584626581007772,0.9997813704217522,"[8.764633699747765, -3.084400495974591, 8.069061724083301, 39.97920425016144, 0.0]","[8.524196523215279, -3.0392364645687624, 9.027323882722792, 42.3700606682537, 0.0]",0.005233400035649538,0.00030949991196393967,1816.2632552277755
robot_arm,10,1,1.0004954220244622,0.0,0.04360027106055332,0.9999869523893462,"[6.217919993675135, -2.4419311798698127, 11.676155442125498, 64.10084698183053, 0.0]","[6.458430472229905, -2.5260055051890675, 11.864820951554991, 67.06894569460415, 0.0]",0.006328199990093708,0.0002764998935163021,1813.0865506185319
robot_arm,11,1,0.483673446900127,0.0,0.9083770783706364,0.43535584504731617,"[2.9947249874364488, -1.2452343967036676, 10.810428456711625, 1.0903546972817937, 0.0]","[3.1104422414438293, -1.230512226519516, 10.055575752680571, -17.401532282632317, 0.0]",0.0029449001885950565,0.0002776002511382103,1816.1635496588285
robot_arm,12,1,0.9159017557589382,0.0,1.0331884530807713,-0.2333908102655656,"[6.7709043778615685, -2.266036000221385, 5.200019727985076, -3.7921260373044405, 0.0]","[8.07501394984753, -3.0689255237587205, 11.906864610001476, 81.67971656726618, 0.0]",0.006661700084805489,0.00031979987397789955,1812.6274341676656
robot_arm,13,1,0.4613698415913549,0.0006252023904467219,0.8768881672230198,0.48577238391948313,"[4.005793672761339, -1.5532768042733587, 10.454368932174368, 0.4472978842512676, 0.0]","[3.483276927030879, -1.34362910729492, 9.905934436029264, -17.38092289336815, 0.0]",0.006492099724709988,0.0002725999802350998,1815.756507233718
robot_arm,14,1,1.0268922147266348,0.0,0.05041554168860815,0.9999975770010746,"[11.467799822583064, -4.983243608569186, 11.763900362451603, 457.86911449749, 0.0]","[11.279071602640261, -4.875895928704332, 12.079151751170109, 435.88014877252846, 0.0]",0.0055090999230742455,0.00025669997557997704,1813.5615339258727
robot_arm,15,1,0.42319137471325324,0.00030876612856900465,1.4101202880109234,0.8162993704550714,"[2.1885212679338095, -0.9758996647999449, 8.606996165528344, 16.772149781833324, 0.0]","[1.9613681840282564, -0.8513385756231044, 7.7877355608100265, 4.056951505935958, 0.0]",0.0070871999487280846,0.00028140004724264145,1813.9423727084722
robot_arm,16,1,1.089269968324506,0.0,0.17650602575638527,0.9999896256317764,"[10.506231311535597, -4.359712043725574, 7.819537382192392, 348.50161399149994, 0.0]","[9.861690893876442, -3.9870212339392572, 7.581943091480419, 296.17921456861325, 0.0]",0.0046882000751793385,0.00028410041704773903,1816.660999197456
robot_arm,17,1,0.4652431019714286,0.0,6.761635083023237,0.2902494220209953,"[3.814363927379449, -1.745051105715643, 12.612533746990108, 80.20100052051035, 0.0]","[4.524670161628497, -1.7302502585740513, 10.474221544587932, 1.524689982993014, 0.0]",0.00636029988527298,0.0002504996955394745,1816.133392177832
robot_arm,18,1,1.2175384185583207,0.00019134567062684127,0.12963787261777163,0.9997851973569479,"[7.991145793389902, -2.9744919312411873, 11.44948892124355, 51.936958765397655, 0.0]","[7.620220333973538, -2.8168495849978092, 10.919419321172226, 45.78118166192865, 0.0]",0.005103900097310543,0.00026480015367269516,1812.9220212814473
robot_arm,19,1,0.696330361326324,0.0,0.12852109340914905,0.9999935803042115,"[4.7616246308159, -2.2147918788290233, 11.639656375663508, 168.1604993927295, 0.0]","[4.407297873075638, -2.033164467968695, 10.809389495408793, 148.97560962897748, 0.0]",0.005767799913883209,0.0002680998295545578,1816.9626835355564
robot_arm,20,1,0.4848847421192335,0.0006270617404946499,0.6668554268244614,0.7565065610194087,"[3.686254039944864, -1.4688362939349517, 10.944237502986491, -3.1804277844660263, 0.0]","[3.3345518190746715, -1.3063428477930716, 10.12953797917496, -16.00172656552436, 0.0]",0.006009000353515148,0.0002851998433470726,1815.8014753795771
robot_arm,21,1,0.3498419667646581,0.0,0.2730761569557646,0.9964484045562104,"[5.1038456000447905, -1.757888863341918, 3.751647914609687, 18.609310834097588, 0.0]","[5.090655285606483, -1.7379190594528837, 3.5707536985495603, 14.322927040840584, 0.0]",0.00568309985101223,0.0002570999786257744,1814.3442147106837
robot_arm,22,1,0.5982966982604696,0.0,0.04027451621149318,0.9999995846413411,"[9.060737844515232, -4.041392326128986, 10.371472163489706, 393.0993101093026, 0.0]","[8.902092305522778, -3.9286078760742122, 9.687221178391152, 377.88668835302377, 0.0]",0.002496199682354927,0.00025299983099102974,1814.0880419314951
robot_arm,23,1,0.8824427798399278,0.0,0.042988611273225036,0.999999947895141,"[12.698336367434509, -6.041762450984584, 11.65787253642608, 741.6795446905525, 0.0]","[12.337647723495785, -5.804168252524879, 11.33895158312669, 711.105323930137, 0.0]",0.006908500101417303,0.00025880010798573494,1814.2568600684717
robot_arm,24,1,0.4956928479995269,0.0,0.019311919732767715,0.9999994549659433,"[8.945056456349958, -3.8539952828868573, 8.099754592905235, 357.66581380543124, 0.0]","[8.91501886628422, -3.8122811587850456, 7.6088388448549615, 350.90301357486277, 0.0]",0.0028699003159999847,0.0002585998736321926,1814.5691068343892
robot_arm,25,1,0.7738350078720729,5.5424679843874e-05,0.055596298824980905,0.9998811229568951,"[2.3186084745983475, -1.218928665273826, 14.47931250349608, 31.807842214683156, 0.0]","[2.42187622646757, -1.2647564974741696, 14.778967958392132, 33.84144056049501, 0.0]",0.0074650999158620834,0.0002620001323521137,1812.1910409531038
robot_arm,26,1,0.6350783350272242,0.0,0.3079851560151788,0.9986247308011297,"[11.196569077393354, -3.9583460571816813, 9.476963714770886, 71.91057681778466, 0.0]","[10.985676633647486, -3.8316097173178276, 8.684201778472563, 54.546120480492775, 0.0]",0.004735500086098909,0.00027379998937249184,1815.700522933348
robot_arm,27,1,0.7164156808656394,0.0,2.0655873288482307,0.9932959881684873,"[10.460152447426744, -4.268758651586987, 12.867155639975229, 258.1947035002145, 0.0]","[11.631442036961237, -4.099690118480071, 8.694777970883873, 83.32794423416563, 0.0]",0.0051796999759972095,0.00025949999690055847,1815.7634768540986
robot_arm,28,1,0.6075288943327688,0.0,0.1390882200392093,0.9999980608473392,"[8.463997002868448, -3.6811080116425683, 10.664882247271965, 302.2984829142518, 0.0]","[7.813058622254767, -3.334225074915294, 9.703898492815757, 265.3655586310773, 0.0]",0.004920899868011475,0.0003292001783847809,1813.9717062053478
robot_arm,29,1,0.763992154399997,0.0,0.0019275159226660506,0.9999999927470314,"[11.911172701727626, -5.49927845884021, 10.866718123911909, 642.8517752178064, 0.0]","[11.954222463705667, -5.514498285452121, 10.87687043939402, 641.6154977673646, 0.0]",0.005738299805670977,0.0002545001916587353,1814.2369393699694
robot_arm,30,1,0.962702254210013,0.0,0.005257251859851335,0.9999999154259179,"[13.126844152065319, -6.118459161082214, 12.440887142410844, 726.2075483161376, 0.0]","[13.127380688855549, -6.116364243206436, 12.663512944121724, 722.4148140887647, 0.0]",0.006378700025379658,0.00024330010637640953,1813.8965344871417
robot_arm,31,1,0.779073273360504,0.0,0.3953010213508458,0.9999232794594378,"[3.0618134976093443, -1.4485015929032725, 10.324741524753465, 88.36005934565982, 0.0]","[4.032366551062996, -2.0479324959529106, 15.620576881496754, 146.29349209539015, 0.0]",0.0036284998059272766,0.00025120005011558533,1812.1293127011568
