ocp,method,status,epochs_recorded,rows,final_loss,tail20_loss,mean_forward_time_ms,tail20_forward_time_ms,mean_backward_time_ms,tail20_backward_time_ms,build_memory_mb,first_solve_memory_mb,mean_solve_memory_mb,tail20_solve_memory_mb,total_first_solve_memory_mb,total_mean_memory_mb,total_tail20_memory_mb,mean_constraint_violation_inf,max_constraint_violation_inf,path,memory_path,build_config_path
cartpole,lapanda,ok,800,801,0.35716738958032074,0.7021542035599854,3.1954269700994096,6.317642761652158,1.9210992463655534,1.9338681449880823,1.49609375,0.09765625,0.09765625,0.09765625,1.59375,1.59375,1.59375,0.0001663971107536345,0.00041015810122901897,experiments\exp2_OCPs\cartpole\results\exp2_cartpole_open_loop_train_lapanda_fixed32.csv,experiments\exp2_OCPs\cartpole\results\exp2_cartpole_open_loop_train_lapanda_memory.csv,experiments\exp2_OCPs\cartpole\results\config_exp2_cartpole_open_loop_train_lapanda_memory.json
cartpole,SafePDP,ok,800,801,7.403731601550656,7.411200869937726,38.27229720257954,37.76232623972392,27.080474208317202,26.26614728313437,1.70703125,6.96484375,6.96484375,6.96484375,8.671875,8.671875,8.671875,2.1191042406752223e-09,2.2835195956361076e-09,experiments\exp2_OCPs\cartpole\baselines\results\exp2_cartpole_imitation_safepdp_fixed32_coc.csv,experiments\exp2_OCPs\cartpole\baselines\results\exp2_cartpole_imitation_safepdp_memory_coc.csv,experiments\exp2_OCPs\cartpole\baselines\results\config_exp2_cartpole_imitation_safepdp_memory_coc.json
quadrotor,lapanda,ok,800,801,180.4869040642647,186.30597460316648,6.919257283345119,8.077600271784865,4.252009183916099,4.277284627238735,1.62109375,0.10546875,0.10546875,0.10546875,1.7265625,1.7265625,1.7265625,6.4753910506563745e-06,3.007224135202942e-05,experiments\exp2_OCPs\quadrotor\results\exp2_quadrotor_open_loop_train_lapanda_fixed32.csv,experiments\exp2_OCPs\quadrotor\results\exp2_quadrotor_open_loop_train_lapanda_memory.csv,experiments\exp2_OCPs\quadrotor\results\config_exp2_quadrotor_open_loop_train_lapanda_memory.json
quadrotor,SafePDP,ok,800,801,182.2403036980736,188.48659408511247,30.655182432074454,25.649948835210953,18.937285471240397,13.539891168361265,1.859375,7.37890625,7.37890625,7.37890625,9.23828125,9.23828125,9.23828125,1.1146750151422764e-10,3.0349251063654936e-10,experiments\exp2_OCPs\quadrotor\baselines\results\exp2_quadrotor_imitation_safepdp_fixed32_coc.csv,experiments\exp2_OCPs\quadrotor\baselines\results\exp2_quadrotor_imitation_safepdp_memory_coc.csv,experiments\exp2_OCPs\quadrotor\baselines\results\config_exp2_quadrotor_imitation_safepdp_memory_coc.json
quadrotor,turboMPC-CPU,ok,800,801,214.96784044106005,216.00783765583353,13.568369883286506,20.276999342008,13.51955318563121,19.49056786674282,241.13388050093633,0.1424560546875,0.0005394867743445693,5.762325310559006e-05,241.27633655562383,241.1344199877107,241.13393812418943,4.189122733737506e-05,0.0028348990435388965,experiments\exp2_OCPs\quadrotor\turbompc\results\quadrotor_cpu_open_warm_e800_sqp50_admm1000_metrics.csv,experiments\exp2_OCPs\quadrotor\turbompc\results\quadrotor_cpu_open_warm_e800_sqp50_admm1000_metrics.csv,experiments\exp2_OCPs\quadrotor\turbompc\results\config_quadrotor_cpu_open_warm_e800_sqp50_admm1000_metrics.json
quadrotor,turboMPC-GPU,ok,800,801,214.96849835819577,216.00872888993922,53.13936776729769,84.7691692623761,3.7811687235510734,5.5007411727681035,338.7317123127341,0.0,0.00042137879408551813,0.0,338.7317123127341,338.7321336915282,338.7317123127341,1.359170290790513e-05,0.00017626164022432889,experiments\exp2_OCPs\quadrotor\turbompc\results\quadrotor_gpu_open_warm_e800_sqp50_admm1000_metrics.csv,experiments\exp2_OCPs\quadrotor\turbompc\results\quadrotor_gpu_open_warm_e800_sqp50_admm1000_metrics.csv,experiments\exp2_OCPs\quadrotor\turbompc\results\config_quadrotor_gpu_open_warm_e800_sqp50_admm1000_metrics.json
robot_arm,lapanda,ok,800,801,0.6765426893197182,0.7107493793910465,3.678536793130151,4.426273506102933,2.119009020496607,2.2642316380483156,1.640625,0.10546875,0.10546875,0.10546875,1.74609375,1.74609375,1.74609375,0.00014810289155262017,0.0003093990964276013,experiments\exp2_OCPs\robot_arm\results\exp2_robot_arm_open_loop_train_lapanda_fixed32.csv,experiments\exp2_OCPs\robot_arm\results\exp2_robot_arm_open_loop_train_lapanda_memory.csv,experiments\exp2_OCPs\robot_arm\results\config_exp2_robot_arm_open_loop_train_lapanda_memory.json
robot_arm,SafePDP,ok,800,801,3.4401519065137025,3.535249725867818,35.6677562851244,61.14513757858268,18.533304334240928,33.86726133608164,1.859375,7.36328125,7.36328125,7.36328125,9.22265625,9.22265625,9.22265625,6.620833587713764e-09,9.55420518047867e-09,experiments\exp2_OCPs\robot_arm\baselines\results\exp2_robot_arm_imitation_safepdp_fixed32_coc.csv,experiments\exp2_OCPs\robot_arm\baselines\results\exp2_robot_arm_imitation_safepdp_memory_coc.csv,experiments\exp2_OCPs\robot_arm\baselines\results\config_exp2_robot_arm_imitation_safepdp_memory_coc.json
robot_arm,turboMPC-CPU,ok,800,801,0.9663289023042021,1.604264352281668,8.347551734501002,9.51080398036815,3.218103039372214,3.022625222306855,247.3021711142322,0.0379638671875,0.00016535117236267166,0.0,247.3401349814197,247.30233646540458,247.3021711142322,0.0008673584531117108,0.0036954199480501992,experiments\exp2_OCPs\robot_arm\turbompc\results\robot_arm_cpu_open_warm_e800_sqp50_admm1000_metrics.csv,experiments\exp2_OCPs\robot_arm\turbompc\results\robot_arm_cpu_open_warm_e800_sqp50_admm1000_metrics.csv,experiments\exp2_OCPs\robot_arm\turbompc\results\config_robot_arm_cpu_open_warm_e800_sqp50_admm1000_metrics.json
robot_arm,turboMPC-GPU,ok,800,801,0.9366308559106992,1.4773800353987459,36.33925464747607,38.628037482373905,2.6561771137426233,3.216200165529388,346.41698852996257,0.0,0.0006856358750780275,0.0005929129464285714,346.41698852996257,346.41767416583764,346.417581442909,0.0012918823351931396,0.003925314336996055,experiments\exp2_OCPs\robot_arm\turbompc\results\robot_arm_gpu_open_warm_e800_sqp50_admm1000_metrics.csv,experiments\exp2_OCPs\robot_arm\turbompc\results\robot_arm_gpu_open_warm_e800_sqp50_admm1000_metrics.csv,experiments\exp2_OCPs\robot_arm\turbompc\results\config_robot_arm_gpu_open_warm_e800_sqp50_admm1000_metrics.json
