n,trial_id,penalty_scale,linear_residual,active_nonlinear,active_lower_box,active_upper_box,shifted_multiplier_gap,stationarity_without_box_inf,constraint_violation,gradient
100,0,1.0,3.3486408418867577e-16,64,0,0,0.06458839629767411,0.00041502430583695293,0.0008072354576873497,"[-0.013772790626876663, 0.13948277467029252, -1.9169856486655388, 54.789098137051006]"
100,1,1.0,6.410472661151693e-16,64,0,0,0.06521266985107443,0.0007126210495490312,0.0008110858308008062,"[-0.013721351895388995, 0.13955010947930277, -1.9161481504384623, 54.78678084908236]"
100,2,1.0,6.228996139474135e-16,64,0,0,0.0654154041791123,0.00034773492462503164,0.0008109249748211589,"[-0.013760123363970141, 0.13952325997151316, -1.9163761107467405, 54.78763981841983]"
100,3,1.0,4.1841265364058725e-16,64,0,0,0.06543719767258284,0.000724745387188086,0.0007966285561968878,"[-0.013748330123713803, 0.13954871547115724, -1.9159752060300816, 54.786644448931604]"
100,4,1.0,4.308304096040504e-16,63,0,0,0.030061495765478966,0.0005914112784964898,0.0005627710942208708,"[-0.004212491898198242, 0.04406810529180399, -1.959534113815467, 54.00029887745553]"
100,5,1.0,4.105301083631188e-16,64,0,0,0.06558715956067278,0.0003809400168686139,0.0008078887819931158,"[-0.013766332441667051, 0.13953877967493303, -1.9163555664575387, 54.78774808099799]"
100,6,1.0,4.3515326310321786e-16,63,0,0,0.057654280940057354,0.0007577083305158953,0.0009876028880098087,"[-0.0042727570507134875, 0.04454751551898543, -1.9558293287442838, 53.99300100920026]"
100,7,1.0,5.267488967473977e-16,64,0,0,0.061602384939220226,0.0009207407295466749,0.0008100737759051402,"[-0.013838044197042177, 0.13940933580730755, -1.9183007834980117, 54.792643836753165]"
100,8,1.0,4.838758154308542e-16,64,0,0,0.06530187327346998,0.00043259798387373927,0.0007902548297957779,"[-0.013759651429508562, 0.13953048554730632, -1.9162899746673454, 54.78744180713381]"
100,9,1.0,5.271332932821719e-16,64,0,0,0.06472282129763308,0.0009069276838338247,0.0008024225270319985,"[-0.013758043008560872, 0.13952738227980996, -1.9163808818685326, 54.7876271071467]"
200,0,1.0,4.1855003171545013e-16,138,0,0,0.052454165924873765,0.0006733690546887328,0.000535206778034647,"[-0.012291283244176972, 0.12573225376203315, -2.843762477465524, 108.6796354414601]"
200,1,1.0,4.0663982677897755e-16,138,0,0,0.05260040029689927,0.0002983117616122133,0.0005300495282380968,"[-0.012283325894318672, 0.12574686787671954, -2.843629863839863, 108.6792724432045]"
200,2,1.0,3.9344205132810863e-16,138,0,0,0.05217084066160886,0.0004346321331831324,0.0005335767896783583,"[-0.01229467291984982, 0.12571873809742348, -2.8440268104733013, 108.68032799878826]"
200,3,1.0,4.134415151614224e-16,138,0,0,0.05217349235668818,0.0006209173694069316,0.0005368559088785307,"[-0.012295628505404138, 0.12572233280993697, -2.843789566168489, 108.67968900457413]"
200,4,1.0,4.555482314340933e-16,138,0,0,0.05246100594644798,0.000653829569215886,0.0005314492030963347,"[-0.012311807190413679, 0.12571275010556335, -2.8444413448195807, 108.68155934688018]"
200,5,1.0,5.406735989193729e-16,138,0,0,0.05225996949412095,0.0006126608706125136,0.0005423619489908216,"[-0.012276862362957566, 0.12572028282997422, -2.843839421624764, 108.67958663292048]"
200,6,1.0,5.226838270479915e-16,136,0,0,0.059552544027069214,0.0005522515770446379,0.0008245817865477623,"[-0.012270869359353556, 0.12550202572827263, -2.918687269522184, 107.55063164657382]"
200,7,1.0,4.081893616122997e-16,138,0,0,0.05297537889099772,0.0006033000605561055,0.0005416843320282805,"[-0.012251307126186816, 0.12583134068358623, -2.842462795130845, 108.67643393289404]"
200,8,1.0,5.577218756589691e-16,138,0,0,0.052285543599844865,0.0006662539972956405,0.0005363694180082756,"[-0.012307349929748091, 0.12565543241148514, -2.844641472629515, 108.68157904879698]"
200,9,1.0,3.9174189618206136e-16,137,0,0,0.025059732200589387,0.00044994375497653394,0.0006411746782701844,"[-0.002681721385212066, 0.029788342415003676, -2.888028132704565, 107.88739968090218]"
500,0,1.0,4.507779708650293e-16,354,0,0,0.04865617553300016,0.00039172117994934474,0.0005839307392270232,"[-0.011134759986724146, 0.11710123333249768, -5.70113382851463, 266.52795997958816]"
500,1,1.0,4.977120926560435e-16,354,0,0,0.04874054689917554,0.0006109303804864297,0.0005842978728816117,"[-0.011129482142982029, 0.11714108054538279, -5.700991808126205, 266.52788158574]"
500,2,1.0,4.738890228699921e-16,354,0,0,0.04890613480656933,0.00037603406158659425,0.000593382194406411,"[-0.011134091007855758, 0.11710629918775096, -5.701423908602989, 266.528819776219]"
500,3,1.0,4.413869836131177e-16,354,0,0,0.04888964537838941,0.000337862756946139,0.0005909170000386599,"[-0.011133494292351291, 0.11710831248518722, -5.701239479033335, 266.5283052767722]"
500,4,1.0,4.0824597812857454e-16,354,0,0,0.04894430383099084,0.0009193266332885308,0.0005886712250651183,"[-0.01115521435380423, 0.11709375455858455, -5.701194439602328, 266.52833875082365]"
500,5,1.0,5.447148102548819e-16,354,0,0,0.04872437387176035,0.0008433531827506391,0.0005868475403485451,"[-0.01115443268679208, 0.11708762538097729, -5.701447090211756, 266.5289531533043]"
500,6,1.0,5.008712557225052e-16,354,0,0,0.06194943791134383,0.0007710383698327217,0.0008846200175220975,"[-0.011122486058008677, 0.11694295496630693, -5.702633547320402, 266.5310723977157]"
500,7,1.0,4.943176022578533e-16,354,0,0,0.048705030079644676,0.0005093103191504689,0.0005961689731837083,"[-0.011140426894507264, 0.11708552488413179, -5.701392974730815, 266.5286328876506]"
500,8,1.0,4.494820185675868e-16,354,0,0,0.048654100348514355,0.0008569597017917818,0.0005880907744348907,"[-0.011147526040317686, 0.1171194312428133, -5.701321735707233, 266.5287772918001]"
500,9,1.0,4.533292636591506e-16,354,0,0,0.048687681283782085,0.0003989156475894262,0.0005861791391030824,"[-0.011139045568614486, 0.11709828707601945, -5.701292638361019, 266.5284534599547]"
1000,0,1.0,3.717627115149534e-16,714,0,0,0.04851035796360122,0.0007617736560996402,0.0006380597129977961,"[-0.01043150589869858, 0.11448743801166925, -10.408398627396002, 529.4486362473297]"
1000,1,1.0,4.104991844373948e-16,714,0,0,0.7087016260925681,0.0005513771272203159,0.000799127549016676,"[-0.010372170580440727, 0.11432223055767919, -10.410047847162767, 529.451663510875]"
1000,2,1.0,5.168306054271693e-16,714,0,0,0.04861919282303744,0.0003247878659715653,0.0006394040725781203,"[-0.010408539136513949, 0.1145075114378973, -10.40840133630095, 529.4485281325713]"
1000,3,1.0,4.698578929640554e-16,714,0,0,0.04860779811401454,0.00047682603103105237,0.0006386486618199516,"[-0.010410087269070018, 0.11450264860221906, -10.40837091027312, 529.4484008551923]"
1000,4,1.0,3.9386221400748523e-16,714,0,0,0.04840266877054996,0.0007362312435488239,0.00064027408539169,"[-0.010399643880431509, 0.11449720818259447, -10.40853862656994, 529.4487781195212]"
1000,5,1.0,3.9719520218965867e-16,714,0,0,0.04869377782118947,0.0005637012617527581,0.0006418487002961548,"[-0.010424570750719482, 0.11446820943911377, -10.408776340762746, 529.4495336691621]"
1000,6,1.0,3.7261752423217592e-16,714,0,0,0.06307329663669489,0.0004073541300195565,0.0009410538859409012,"[-0.010368765441223584, 0.11445073615210609, -10.408508656384184, 529.4482199070818]"
1000,7,1.0,3.9222729165415524e-16,714,0,0,0.048614096315370274,0.0002499719659166122,0.0006414506712537626,"[-0.010403578898802668, 0.11452212825150376, -10.40836226933045, 529.4484802699656]"
1000,8,1.0,3.752746317606272e-16,714,0,0,0.048541561961575566,0.0003965199121647167,0.0006359512209492824,"[-0.01039941121431398, 0.11451432545274069, -10.408341370403132, 529.4483004498039]"
1000,9,1.0,4.172064870056331e-16,714,0,0,0.04868042898303506,0.00038606924471806803,0.0006427947388225608,"[-0.010408792464528086, 0.1145033397473682, -10.408424130771323, 529.4485567328325]"
