n,trial_id,penalty_scale,refinement_tol,linear_residual,gradient
100,0,10.0,0.001,5.049039584771627e-16,"[-0.013740292357610616, 0.13921297332230725, -1.9188989660100246, 54.79278111025462]"
100,1,10.0,0.001,4.516550037668072e-16,"[-0.01380442496428703, 0.13909684467467615, -1.92059559027227, 54.7971104009798]"
100,2,10.0,0.001,5.461338383946669e-16,"[-0.013717677327734974, 0.13924745105752045, -1.9184308866083326, 54.791559330436826]"
100,3,10.0,0.001,7.105844119128113e-16,"[-0.013686068344684083, 0.13930967269844424, -1.9176032422157094, 54.78952765371061]"
100,4,10.0,0.001,6.223538031605938e-16,"[-0.013726834283775103, 0.1391915681520567, -1.9191522732132587, 54.793317176415435]"
100,5,10.0,0.001,5.66503810489977e-16,"[-0.013740725348134298, 0.13920934068601573, -1.9189487794266782, 54.7928990822915]"
100,6,10.0,0.001,6.209924321180003e-16,"[-0.013766895412108933, 0.1393868388827013, -1.9175977181413661, 54.79991355544167]"
100,7,10.0,0.001,4.252010513194308e-16,"[-0.013748437606235363, 0.13919498374165376, -1.9191295103912418, 54.793299527762976]"
100,8,10.0,0.001,5.140636044202469e-16,"[-0.013738249277955068, 0.13922505219763867, -1.9188156665992981, 54.792644516823586]"
100,9,10.0,0.001,3.9647974405643916e-16,"[-0.013753927761076704, 0.13920148967135565, -1.9193715296719303, 54.79412538383949]"
200,0,10.0,0.001,6.708948475348503e-16,"[-0.01229953819557904, 0.1252253577470365, -2.921827704808481, 107.55787666892424]"
200,1,10.0,0.001,6.505454278910321e-16,"[-0.012232047352404277, 0.1253490429622547, -2.9198266535731294, 107.55266218608413]"
200,2,10.0,0.001,5.79898175215124e-16,"[-0.01225611420465851, 0.12528531739076273, -2.920534339459905, 107.55435175471409]"
200,3,10.0,0.001,6.8228545187540155e-16,"[-0.012187805633059323, 0.12547729225697263, -2.9183334071644436, 107.549183986941]"
200,4,10.0,0.001,5.551513866998986e-16,"[-0.012233480874485217, 0.12535943883692846, -2.9199654114407925, 107.55312724387129]"
200,5,10.0,0.001,5.192421155656181e-16,"[-0.01219313374760922, 0.12544812212809783, -2.918447046903639, 107.54933876662345]"
200,6,10.0,0.001,5.896650410559147e-16,"[-0.012204027971326867, 0.12529650704245693, -2.9200025036432793, 107.55278892850617]"
200,7,10.0,0.001,4.477502941576921e-16,"[-0.01227743516132145, 0.12526982567251593, -2.920852410433404, 107.55531339169039]"
200,8,10.0,0.001,4.980908288882603e-16,"[-0.01225094500404504, 0.12531789711352512, -2.9199537007227394, 107.5530145217089]"
200,9,10.0,0.001,5.882547927539161e-16,"[-0.012232748767712935, 0.12529431215733428, -2.920362626511465, 107.55388066095897]"
500,0,10.0,0.001,4.426750737145756e-16,"[-0.011099874165116822, 0.11663377785085385, -5.704987217740881, 266.53560807594477]"
500,1,10.0,0.001,5.939153367280045e-16,"[-0.011103741691276602, 0.11662632680098273, -5.705305205706106, 266.5364774079439]"
500,2,10.0,0.001,4.596591808942009e-16,"[-0.011056138106329343, 0.11674267843402059, -5.703607145572304, 266.53228408691194]"
500,3,10.0,0.001,4.3062226079987338e-16,"[-0.011082497723349512, 0.11666328194106362, -5.704785016195975, 266.535133271038]"
500,4,10.0,0.001,4.4690809138595e-16,"[-0.01103683080038871, 0.1167675657798211, -5.703334898710892, 266.53152138605657]"
500,5,10.0,0.001,4.871573535126298e-16,"[-0.011101626012370672, 0.1166549408036364, -5.704796467117051, 266.5353257333923]"
500,6,10.0,0.001,4.571137222958626e-16,"[-0.011090115460331285, 0.11664412075674124, -5.704845738124038, 266.5352825775057]"
500,7,10.0,0.001,4.952807398047991e-16,"[-0.011086993079269638, 0.11666617805235203, -5.704684940962233, 266.5348888255826]"
500,8,10.0,0.001,5.896590691862204e-16,"[-0.011108567731904996, 0.11663186131504633, -5.70496282115089, 266.5356391597047]"
500,9,10.0,0.001,4.965101664337995e-16,"[-0.011108843352771985, 0.11663425399566263, -5.7054237996030785, 266.5369571797859]"
1000,0,10.0,0.001,4.089142691992002e-16,"[-0.0103682468293318, 0.11406208587709889, -10.411875382994339, 529.4551556269831]"
1000,1,10.0,0.001,4.2070094706724416e-16,"[-0.01032951046625606, 0.11411697863016751, -10.411024601324634, 529.4530004036277]"
1000,2,10.0,0.001,3.7160201437056334e-16,"[-0.010378459272573085, 0.1140329253714285, -10.412326736613547, 529.4562791945718]"
1000,3,10.0,0.001,3.942653713946755e-16,"[-0.010371452749257402, 0.1141174562782062, -10.411767354174216, 529.4554015817498]"
1000,4,10.0,0.001,3.8487834880923557e-16,"[-0.010371489926637466, 0.11408314665958617, -10.412085333462139, 529.4559784453755]"
1000,5,10.0,0.001,4.973115233562608e-16,"[-0.010319224122452264, 0.11418689126804217, -10.410415937412543, 529.451674265087]"
1000,6,10.0,0.001,3.8874899198657505e-16,"[-0.010376659190811788, 0.1140459066118721, -10.411803299315322, 529.4549505592828]"
1000,7,10.0,0.001,4.050728436431927e-16,"[-0.010362322200808478, 0.11412201857320985, -10.411721634071625, 529.455193133488]"
1000,8,10.0,0.001,3.933907817358792e-16,"[-0.010342517230007623, 0.11413945925144187, -10.411062455200245, 529.4532994966883]"
1000,9,10.0,0.001,4.391912000061684e-16,"[-0.010339334388682103, 0.11413567519282587, -10.41088026659868, 529.452730260989]"
