n,method,gradient_relative_error_mean,gradient_relative_error_max,forward_time_ms,backward_time_ms,total_memory_mb
100,lapanda,0.009461319178225382,0.011559399798521334,8.231002008542418,4.0375180542469025,1.778125
100,Explicit KKT,0.010928654614262685,0.023217556438375402,,4.219194035977125,5.011328125
100,CasADi,0.00018740321101161117,0.00026064272703136887,36.5010420139879,3.0384720023721457,17.5546875
200,lapanda,0.013451858911134104,0.014649255814198396,14.368806034326553,5.886364011093974,2.06015625
200,Explicit KKT,0.0068028410993485385,0.00739179257757022,,10.228351969271898,7.782421875
200,CasADi,0.00011363686307446165,0.00015424227639894387,108.19423000328243,17.047644015401602,29.39140625
500,lapanda,0.012951995074204302,0.013462555745883256,49.74752198904753,14.357074061408639,3.1234375
500,Explicit KKT,0.0022810512539052676,0.002297217132901484,,51.255475990474224,25.3171875
500,CasADi,0.004262789627070905,0.004270032250930588,496.0270499996841,245.98795997910202,84.7015625
1000,lapanda,0.01235776264736021,0.012628802313590886,199.99615400098264,37.35817194916308,5.3078125
1000,Explicit KKT,0.0032895632564262926,0.0033082105810484726,,218.21031796745956,79.64921875
1000,CasADi,2.0375809606226258e-05,2.5927340316514692e-05,1968.783490024507,2325.15901199542,249.660546875
