method,epoch,loss,forward_time_sec,backward_time_sec,total_time_sec,outer_iterations,inner_iterations_sum,backward_iterations,backward_solver_used,backward_fallback_used,final_residual,grad_norm,margins,teacher_margins,build_time_sec,build_rss_delta_mb,solve_rss_delta_mb,final_distance,max_speed_abs,max_steer_abs,inside_margin_max,geometric_violation,constraint_max
lapanda_c,0,0.7191852371908478,0.05047070002183318,0.0010312995873391628,0.051501999609172344,8,1988,17,cg,False,4.978726018332349e-05,3.3905742259495573,"[0.15, 0.15, 0.16, 0.22]","[0.12, 0.12, 0.01, 0.22]",0.0020130001939833164,0.20703125,0.01953125,0.12576515508740943,1.0,0.7,0.10334339454483188,0.10334339454483188,4.978726018332349e-05
lapanda_c,1,0.7149963432919412,0.0438421000726521,0.000907599925994873,0.044749699998646975,8,1926,17,cg,False,4.9494598527065784e-05,3.3451904292117125,"[0.14961990359659977, 0.1497985948392366, 0.1590972471626519, 0.22]","[0.12, 0.12, 0.01, 0.22]",0.0020130001939833164,0.20703125,0.0,0.1250490343720279,1.0,0.7,0.10268284377540593,0.10268284377540593,4.9494598527065784e-05
lapanda_c,2,0.7110121655822527,0.03981989994645119,0.0009333002381026745,0.04075320018455386,8,1816,17,cg,False,4.922706805583107e-05,3.3003857309237055,"[0.14924410992918496, 0.14959758709439464, 0.15819260634661247, 0.22]","[0.12, 0.12, 0.01, 0.22]",0.0020130001939833164,0.20703125,0.0,0.12433538836790331,1.0,0.7,0.10203563524053816,0.10203563524053816,4.922706805583107e-05
lapanda_c,3,0.7070315067782271,0.03884950000792742,0.0009003998711705208,0.03974989987909794,8,1750,17,cg,False,4.8922225714056505e-05,3.2588409975275745,"[0.1488733541981918, 0.1493969763525455, 0.15728580123073008, 0.22]","[0.12, 0.12, 0.01, 0.22]",0.0020130001939833164,0.20703125,0.0,0.12362621457028093,1.0,0.7,0.10139394681393549,0.10139394681393549,4.8922225714056505e-05
lapanda_c,4,0.7028939126498586,0.0374978999607265,0.0009071999229490757,0.038405099883675575,8,1706,17,cg,False,4.8631246468179507e-05,3.2149577723214815,"[0.14850763619489002, 0.14919624866360945, 0.15637697851041807, 0.22]","[0.12, 0.12, 0.01, 0.22]",0.0020130001939833164,0.20703125,0.0,0.12291640224219912,1.0,0.7,0.10074114357185748,0.10074114357185748,4.8631246468179507e-05
lapanda_c,5,0.6992717183812684,0.04252669960260391,0.001061100047081709,0.04358779964968562,8,1887,17,cg,False,4.831703087132609e-05,3.1696491259419073,"[0.1481465773825976, 0.14899587076558998, 0.15546621771193622, 0.22]","[0.12, 0.12, 0.01, 0.22]",0.0020130001939833164,0.20703125,0.0,0.12221044573321437,1.0,0.7,0.10008847892569372,0.10008847892569372,4.831703087132609e-05
lapanda_c,6,0.6955382284638817,0.038971600122749805,0.0008827997371554375,0.03985439985990524,8,1728,16,cg,False,4.7998647128692284e-05,3.127824545954539,"[0.14779063138285753, 0.14879540494720436, 0.15455346588316346, 0.22]","[0.12, 0.12, 0.01, 0.22]",0.0020130001939833164,0.20703125,0.0,0.12151089189160613,1.0,0.7,0.09943973246899873,0.09943973246899873,4.7998647128692284e-05
lapanda_c,7,0.6915566070623074,0.050602300092577934,0.000894700177013874,0.05149700026959181,8,1928,16,cg,False,4.773585700664918e-05,3.0835704246726894,"[0.14743874205417842, 0.14859526744662813, 0.15363907051942582, 0.22]","[0.12, 0.12, 0.01, 0.22]",0.0020130001939833164,0.20703125,0.0,0.12080235468974024,1.0,0.7,0.09879463859238191,0.09879463859238191,4.773585700664918e-05
lapanda_c,8,0.6882472777405604,0.04379589995369315,0.0010218997485935688,0.04481779970228672,8,1871,16,cg,False,4.742190220657418e-05,3.0429009872807233,"[0.14709273293557823, 0.1483954976161399, 0.15272235371218804, 0.22]","[0.12, 0.12, 0.01, 0.22]",0.0020130001939833164,0.20703125,0.0,0.12010393543614148,1.0,0.7,0.0981520987897232,0.0981520987897232,4.742190220657418e-05
lapanda_c,9,0.6841314166750204,0.03661880036816001,0.0008745999075472355,0.037493400275707245,8,1797,16,cg,False,4.71087312038586e-05,2.999079270404523,"[0.14675200433050592, 0.14819562328812483, 0.15180368387449553, 0.22]","[0.12, 0.12, 0.01, 0.22]",0.0020130001939833164,0.20703125,0.0,0.119403118138672,1.0,0.7,0.09750417934984279,0.09750417934984279,4.71087312038586e-05
lapanda_c,10,0.680769136941978,0.03889149986207485,0.0008439002558588982,0.03973540011793375,8,1778,16,cg,False,4.679993153913325e-05,2.9577625980270095,"[0.1464160671247278, 0.1479959663618703, 0.15088320394230115, 0.22]","[0.12, 0.12, 0.01, 0.22]",0.0020130001939833164,0.20703125,0.0,0.11870630653286497,1.0,0.7,0.09686160511859593,0.09686160511859593,4.679993153913325e-05
lapanda_c,11,0.6773230611918878,0.05089320009574294,0.0008964999578893185,0.05178970005363226,8,1929,16,cg,False,4.651329536655303e-05,2.9115771262639405,"[0.14608641717829562, 0.14779635509060748, 0.14996044381463952, 0.22]","[0.12, 0.12, 0.01, 0.22]",0.0020130001939833164,0.20703125,0.0,0.11801041121488268,1.0,0.7,0.09622142300415487,0.09622142300415487,4.651329536655303e-05
lapanda_c,12,0.6737531030802262,0.04712310014292598,0.0009628999978303909,0.04808600014075637,8,1987,16,cg,False,4.624616653646496e-05,2.8700139733335477,"[0.14576186590593723, 0.1475968203300817, 0.14903586155710238, 0.22]","[0.12, 0.12, 0.01, 0.22]",0.0020130001939833164,0.20703125,0.0,0.11731358049985942,1.0,0.7,0.09558867378884073,0.09558867378884073,4.624616653646496e-05
lapanda_c,13,0.670402428105622,0.044421200174838305,0.000988499727100134,0.04540969990193844,8,1680,17,cg,False,4.591591303631769e-05,2.826282226925888,"[0.14544376446276627, 0.1473976695805431, 0.14810895786695397, 0.22]","[0.12, 0.12, 0.01, 0.22]",0.0020130001939833164,0.20703125,0.0,0.11662231459395171,1.0,0.7,0.09495377985313935,0.09495377985313935,4.591591303631769e-05
lapanda_c,14,0.6667016627652848,0.04277539998292923,0.000892499927431345,0.043667899910360575,8,1744,16,cg,False,4.560513637224194e-05,2.7824720990424923,"[0.14513112506173106, 0.14719810421053306, 0.1471802866291022, 0.22]","[0.12, 0.12, 0.01, 0.22]",0.0020130001939833164,0.20703125,0.0,0.11593074465627241,1.0,0.7,0.09430308771773249,0.09430308771773249,4.560513637224194e-05
lapanda_c,15,0.6638501411043564,0.046653199940919876,0.0009452002122998238,0.0475984001532197,8,1760,17,cg,False,4.531392453802606e-05,2.7426831193747296,"[0.14482402138804737, 0.14699889939756702, 0.1462496928530102, 0.22]","[0.12, 0.12, 0.01, 0.22]",0.0020130001939833164,0.20703125,0.0,0.11524169074546257,1.0,0.7,0.09366621989977797,0.09366621989977797,4.531392453802606e-05
lapanda_c,16,0.6604917488945451,0.058826500084251165,0.0009085000492632389,0.059735000133514404,8,1854,17,cg,False,4.5027662158394326e-05,2.6975155903768204,"[0.14452325515981868, 0.1467997467299908, 0.14531702040731753, 0.22]","[0.12, 0.12, 0.01, 0.22]",0.0020130001939833164,0.20703125,0.0,0.11455169364790477,1.0,0.7,0.0930383725606535,0.0930383725606535,4.5027662158394326e-05
lapanda_c,17,0.6568497005029954,0.04375489987432957,0.0009198999032378197,0.04467479977756739,8,1915,17,cg,False,4.4722472967810915e-05,2.652343764593796,"[0.14422866752942617, 0.14660064380470736, 0.14438236744864072, 0.22]","[0.12, 0.12, 0.01, 0.22]",0.0020130001939833164,0.20703125,0.0,0.1138640447497727,1.0,0.7,0.09240191645974655,0.09240191645974655,4.4722472967810915e-05
lapanda_c,18,0.44049114636499187,0.046619500033557415,0.0031022001057863235,0.04972170013934374,7,1577,17,cg,False,5.964525977354362e-05,2.6675152822165544,"[0.14394181929904723, 0.146401821143853, 0.14344525078447384, 0.22]","[0.12, 0.12, 0.01, 0.22]",0.0020130001939833164,0.20703125,0.00390625,0.10783802017478575,1.0,0.7,0.09974699283129673,0.09974699283129673,5.964525977354362e-05
lapanda_c,19,0.43697998012697514,0.03857619967311621,0.0011020000092685223,0.03967819968238473,7,1545,20,cg,False,5.946506569069754e-05,3.1775487438691576,"[0.1435269159947132, 0.1461723305311738, 0.1425648024289499, 0.22]","[0.12, 0.12, 0.01, 0.22]",0.0020130001939833164,0.20703125,0.0,0.10724521007420487,1.0,0.7,0.09959414750542722,0.09959414750542722,5.946506569069754e-05
lapanda_c,20,0.432938020519409,0.036807999946177006,0.0012512002140283585,0.038059200160205364,7,1586,20,cg,False,5.9293103049481176e-05,3.1447225583660017,"[0.14313186547583207, 0.14596277025007126, 0.14167036429463542, 0.22]","[0.12, 0.12, 0.01, 0.22]",0.0020130001939833164,0.20703125,0.0,0.1066473388268868,1.0,0.7,0.0994584409233058,0.0994584409233058,5.9293103049481176e-05
lapanda_c,21,0.42925204644151116,0.03903379989787936,0.0010726000182330608,0.04010639991611242,7,1574,20,cg,False,5.9129734651092756e-05,3.11239929566338,"[0.14274087875768507, 0.14575400960472226, 0.1407739556940597, 0.22]","[0.12, 0.12, 0.01, 0.22]",0.0020130001939833164,0.20703125,0.0,0.10605390797096971,1.0,0.7,0.09932938137331354,0.09932938137331354,5.9129734651092756e-05
lapanda_c,22,0.42585278761104783,0.042543299961835146,0.001071699894964695,0.04361499985679984,7,1460,20,cg,False,5.89554152890627e-05,3.0787882913717226,"[0.1423541364770903, 0.14554555623780036, 0.13987563637320588, 0.22]","[0.12, 0.12, 0.01, 0.22]",0.0020130001939833164,0.20703125,0.0,0.10545902790458744,1.0,0.7,0.09920295210243518,0.09920295210243518,5.89554152890627e-05
lapanda_c,23,0.4219792385153088,0.04000150039792061,0.0011061998084187508,0.04110770020633936,7,1694,20,cg,False,5.8757934888416106e-05,3.0477298592867346,"[0.14197139524343583, 0.14533733872759536, 0.13897555047924648, 0.22]","[0.12, 0.12, 0.01, 0.22]",0.0020130001939833164,0.20703125,0.0,0.10486968013827318,1.0,0.7,0.09907000147648415,0.09907000147648415,5.8757934888416106e-05
lapanda_c,24,0.4182451752253127,0.037037099711596966,0.0010112002491950989,0.038048299960792065,7,1516,20,cg,False,5.8599842300791024e-05,3.0138404349623946,"[0.14159234972051854, 0.14512998228616658, 0.13807370359770044, 0.22]","[0.12, 0.12, 0.01, 0.22]",0.0020130001939833164,0.20703125,0.0,0.10428105557235338,1.0,0.7,0.09895295207943133,0.09895295207943133,5.8599842300791024e-05
lapanda_c,25,0.4151047262727736,0.035193899646401405,0.0010118000209331512,0.03620569966733456,7,1472,20,cg,False,5.840327784554236e-05,2.982757622015084,"[0.14121789493641926, 0.14492334240312985, 0.13716977684546677, 0.22]","[0.12, 0.12, 0.01, 0.22]",0.0020130001939833164,0.20703125,0.0,0.10369060199820575,1.0,0.7,0.09883111743450013,0.09883111743450013,5.840327784554236e-05
lapanda_c,26,0.4118267970876842,0.038331900257617235,0.001070300117135048,0.03940220037475228,7,1633,20,cg,False,5.8212282554766054e-05,2.9529680981533484,"[0.1408473393455965, 0.1447168982418195, 0.13626420003350057, 0.22]","[0.12, 0.12, 0.01, 0.22]",0.0020130001939833164,0.20703125,0.0,0.1031014835232648,1.0,0.7,0.0987091157738001,0.0987091157738001,5.8212282554766054e-05
lapanda_c,27,0.40836509755800954,0.04360569966956973,0.0009703002870082855,0.044575999956578016,7,1485,19,cg,False,5.803489955362924e-05,2.9198356112828203,"[0.14048112791527267, 0.14451083117111843, 0.1353567720470064, 0.22]","[0.12, 0.12, 0.01, 0.22]",0.0020130001939833164,0.20703125,0.00390625,0.1025161323559635,1.0,0.7,0.09859725773343742,0.09859725773343742,5.803489955362924e-05
lapanda_c,28,0.40478183515692256,0.04048729967325926,0.001049600075930357,0.041536899749189615,7,1482,20,cg,False,5.782708239182564e-05,2.887017779693103,"[0.14011939297849388, 0.14430532168696547, 0.13444742410070817, 0.22]","[0.12, 0.12, 0.01, 0.22]",0.0020130001939833164,0.20703125,0.00390625,0.1019260157112629,1.0,0.7,0.09847777720938339,0.09847777720938339,5.782708239182564e-05
lapanda_c,29,0.4017508975326753,0.04212849959731102,0.0009930003434419632,0.04312149994075298,7,1501,20,cg,False,5.764757609887993e-05,2.855967071566627,"[0.1397616540752037, 0.14410045080377937, 0.13353635286403384, 0.22]","[0.12, 0.12, 0.01, 0.22]",0.0020130001939833164,0.20703125,0.0,0.10134547550835989,1.0,0.7,0.09837163028119589,0.09837163028119589,5.764757609887993e-05
lapanda_c,30,0.39865518556610197,0.035074499901384115,0.000979599542915821,0.036054099444299936,7,1559,20,cg,False,5.74582300817676e-05,2.8263436061257483,"[0.13940853410972465, 0.14389592944532636, 0.13262340308232806, 0.22]","[0.12, 0.12, 0.01, 0.22]",0.0020130001939833164,0.20703125,0.00390625,0.1007644828434484,1.0,0.7,0.09826593989116411,0.09826593989116411,5.74582300817676e-05
lapanda_c,31,0.3956055892895538,0.04426490003243089,0.001505000051110983,0.04576990008354187,7,1592,20,cg,False,5.723519345651331e-05,2.7979157496600666,"[0.13905989607357938, 0.14369204053026643, 0.13170859117266112, 0.22]","[0.12, 0.12, 0.01, 0.22]",0.0020130001939833164,0.20703125,0.0,0.10017944401521597,1.0,0.7,0.09815560521058675,0.09815560521058675,5.723519345651331e-05
lapanda_c,32,0.39221175049010326,0.04353430029004812,0.001110999844968319,0.04464530013501644,7,1560,19,cg,False,5.705926704772624e-05,2.76187788574646,"[0.13871516563652833, 0.14348862231511894, 0.13079219499440808, 0.22]","[0.12, 0.12, 0.01, 0.22]",0.0020130001939833164,0.20703125,0.0,0.09959825860908417,1.0,0.7,0.09805679342037066,0.09805679342037066,5.705926704772624e-05
lapanda_c,33,0.3893710813382491,0.03968850011005998,0.0013151001185178757,0.04100360022857785,7,1603,19,cg,False,5.685245506113778e-05,2.734113971887452,"[0.13837550399996232, 0.143285850427612, 0.1298737650655174, 0.22]","[0.12, 0.12, 0.01, 0.22]",0.0020130001939833164,0.20703125,0.0,0.09901854978586318,1.0,0.7,0.09795808685028295,0.09795808685028295,5.685245506113778e-05
lapanda_c,34,0.38581801536459187,0.039097500033676624,0.0010534003376960754,0.0401509003713727,7,1470,20,cg,False,5.666098315235853e-05,2.6984838582415533,"[0.1380403516080365, 0.14308359188899436, 0.12895356706631145, 0.22]","[0.12, 0.12, 0.01, 0.22]",0.0020130001939833164,0.20703125,0.0,0.0984390727564181,1.0,0.7,0.09786096142553413,0.09786096142553413,5.666098315235853e-05
lapanda_c,35,0.38334711081525236,0.035423699766397476,0.0009877998381853104,0.03641149960458279,7,1567,20,cg,False,5.644291916284626e-05,2.6704072893835873,"[0.1377100259293245, 0.14288228995030877, 0.1280314160616138, 0.22]","[0.12, 0.12, 0.01, 0.22]",0.0020130001939833164,0.20703125,0.0,0.09786656143466009,1.0,0.7,0.09776658179147457,0.09776658179147457,5.644291916284626e-05
lapanda_c,36,0.38016936336886675,0.03281279979273677,0.0009195995517075062,0.033732399344444275,7,1539,17,cg,False,5.624133074045901e-05,2.640843421045877,"[0.13738372445146982, 0.1426812110598643, 0.12710778484442403, 0.22]","[0.12, 0.12, 0.01, 0.22]",0.0020130001939833164,0.20703125,0.0,0.09728712349043893,1.0,0.7,0.09768156946112727,0.09768156946112727,5.624133074045901e-05
lapanda_c,37,0.37722962409462524,0.04110499983653426,0.0008788001723587513,0.04198380000889301,7,1496,17,cg,False,5.6043835077236655e-05,2.6074649283032363,"[0.13706198476596623, 0.1424813827414664, 0.12618228378124888, 0.22]","[0.12, 0.12, 0.01, 0.22]",0.0020130001939833164,0.20703125,0.0,0.09671209377342245,1.0,0.7,0.09759485894978376,0.09759485894978376,5.6043835077236655e-05
lapanda_c,38,0.3744480541677034,0.031442999839782715,0.0009955000132322311,0.032438499853014946,7,1396,20,cg,False,5.5851437250391965e-05,2.580037572263135,"[0.1367452720624205, 0.14228205330630314, 0.12525494304576368, 0.22]","[0.12, 0.12, 0.01, 0.22]",0.0020130001939833164,0.20703125,0.0,0.09613806621426328,1.0,0.7,0.0975162247894662,0.0975162247894662,5.5851437250391965e-05
lapanda_c,39,0.371613148678113,0.03559819981455803,0.0009504002518951893,0.03654860006645322,7,1515,20,cg,False,5.5631674208790335e-05,2.5472175287919487,"[0.13643347030704484, 0.1420831526479706, 0.12432584768281134, 0.22]","[0.12, 0.12, 0.01, 0.22]",0.0020130001939833164,0.20703125,0.0,0.09556711926609077,1.0,0.7,0.09743108724672978,0.09743108724672978,5.5631674208790335e-05
lapanda_c,40,0.3686673286394767,0.03650970011949539,0.001026400364935398,0.03753610048443079,7,1422,20,cg,False,5.547361294860242e-05,2.5159487925655313,"[0.1361263039486866, 0.1418850907450322, 0.12339503067023724, 0.22]","[0.12, 0.12, 0.01, 0.22]",0.0020130001939833164,0.20703125,0.0,0.0949817890384889,1.0,0.7,0.09736847505495044,0.09736847505495044,5.547361294860242e-05
lapanda_c,41,0.3658892678526908,0.035582199692726135,0.0009328997693955898,0.036515099462121725,7,1640,20,cg,False,5.531725336504433e-05,2.48545973110104,"[0.13582427902933256, 0.14168748575861867, 0.12246243578636017, 0.22]","[0.12, 0.12, 0.01, 0.22]",0.0020130001939833164,0.20703125,0.0,0.09438985667012148,1.0,0.7,0.09730711147595184,0.09730711147595184,5.531725336504433e-05
lapanda_c,42,0.3631190085967373,0.032448699697852135,0.0010396996513009071,0.03348839934915304,7,1361,20,cg,False,5.514747278797481e-05,2.450413429111375,"[0.1355280896421557, 0.1414909273642509, 0.12152775046790942, 0.22]","[0.12, 0.12, 0.01, 0.22]",0.0020130001939833164,0.20703125,0.0,0.09380512561458737,1.0,0.7,0.09724552207820747,0.09724552207820747,5.514747278797481e-05
lapanda_c,43,0.3603048513517818,0.042127400171011686,0.0009587998501956463,0.04308620002120733,7,1539,20,cg,False,5.4979203098372325e-05,2.4193031890753764,"[0.13523701296997803, 0.14129492448079153, 0.12059134391059065, 0.22]","[0.12, 0.12, 0.01, 0.22]",0.0020130001939833164,0.20703125,0.0,0.09322086222341197,1.0,0.7,0.09719182920865094,0.09719182920865094,5.4979203098372325e-05
lapanda_c,44,0.3574536576360766,0.032975600101053715,0.0010323002934455872,0.0340079003944993,7,1446,20,cg,False,5.481972318824434e-05,2.388486022859216,"[0.1349511816907067, 0.141099524298887, 0.11965319720100745, 0.22]","[0.12, 0.12, 0.01, 0.22]",0.0020130001939833164,0.20703125,0.0078125,0.09263938349627161,1.0,0.7,0.09714474909684617,0.09714474909684617,5.481972318824434e-05
lapanda_c,45,0.3547405385598297,0.03896040003746748,0.0010883002541959286,0.04004870029166341,7,1401,20,cg,False,5.4646869747300004e-05,2.356264730026826,"[0.13467114538169767, 0.14090525014881192, 0.11871307102849166, 0.22]","[0.12, 0.12, 0.01, 0.22]",0.0020130001939833164,0.20703125,0.0,0.09205549631910749,1.0,0.7,0.09709472989203549,0.09709472989203549,5.4646869747300004e-05
lapanda_c,46,0.3520740715413289,0.03536489978432655,0.0009681000374257565,0.03633299982175231,7,1318,20,cg,False,5.447461880746004e-05,2.326877652837174,"[0.13439660391361513, 0.14071196149303627, 0.11777112279326239, 0.22]","[0.12, 0.12, 0.01, 0.22]",0.0020130001939833164,0.20703125,0.0,0.09147822037762252,1.0,0.7,0.09705204548986962,0.09705204548986962,5.447461880746004e-05
lapanda_c,47,0.3495226416869507,0.03475820040330291,0.0009504999034106731,0.03570870030671358,7,1617,20,cg,False,5.431217945634844e-05,2.294732925261943,"[0.1341277117314573, 0.14051978712997895, 0.11682731878365132, 0.22]","[0.12, 0.12, 0.01, 0.22]",0.0020130001939833164,0.20703125,0.0,0.09089791888497542,1.0,0.7,0.09701706547712619,0.09701706547712619,5.431217945634844e-05
lapanda_c,48,0.34691079096372446,0.03119910042732954,0.0009225998073816299,0.03212170023471117,7,1523,19,cg,False,5.412693552903062e-05,2.2577243466031813,"[0.13386457342976082, 0.14032839333865632, 0.11588173607927088, 0.22]","[0.12, 0.12, 0.01, 0.22]",0.0020130001939833164,0.20703125,0.0,0.09032055296354137,1.0,0.7,0.09698029777526235,0.09698029777526235,5.412693552903062e-05
lapanda_c,49,0.3445018693195395,0.029995900113135576,0.0009218002669513226,0.0309177003800869,7,1371,20,cg,False,5.395056739086918e-05,2.23281467561811,"[0.13360616610772644, 0.14013760657027174, 0.11493472706931987, 0.22]","[0.12, 0.12, 0.01, 0.22]",0.0020130001939833164,0.20703125,0.0,0.08974820124059033,1.0,0.7,0.09694639174555841,0.09694639174555841,5.395056739086918e-05
lapanda_c,50,0.3421997473267367,0.036052499897778034,0.0011256001889705658,0.0371781000867486,7,1473,20,cg,False,5.3772229227791506e-05,2.201128511546105,"[0.13335358045581633, 0.1399472487430131, 0.11398606254165453, 0.22]","[0.12, 0.12, 0.01, 0.22]",0.0020130001939833164,0.20703125,0.0,0.08917522817668963,1.0,0.7,0.09692080503890965,0.09692080503890965,5.3772229227791506e-05
lapanda_c,51,0.3397335312568207,0.02996290009468794,0.0012084003537893295,0.031171300448477268,7,1427,20,cg,False,5.3594941072937305e-05,2.1734467887731825,"[0.13310656178705338, 0.139758053956592, 0.11303570097357969, 0.22]","[0.12, 0.12, 0.01, 0.22]",0.0020130001939833164,0.20703125,0.0,0.08860413958255944,1.0,0.7,0.09689579763525408,0.09689579763525408,5.3594941072937305e-05
lapanda_c,52,0.33728919603205393,0.03265280043706298,0.0009357999078929424,0.03358860034495592,7,1619,20,cg,False,5.340188340920546e-05,2.142588234841064,"[0.13286544348852883, 0.13956958084064844, 0.11208368214462558, 0.22]","[0.12, 0.12, 0.01, 0.22]",0.0020130001939833164,0.20703125,0.0,0.08803277017940546,1.0,0.7,0.09687371789848354,0.09687371789848354,5.340188340920546e-05
lapanda_c,53,0.33482529553245893,0.031249400228261948,0.0008990000933408737,0.03214840032160282,7,1569,17,cg,False,5.321568511068491e-05,2.724627987906933,"[0.13262958591395035, 0.13938200349112623, 0.11113016972076305, 0.22]","[0.12, 0.12, 0.01, 0.22]",0.0020130001939833164,0.20703125,0.0,0.08746201071476588,1.0,0.7,0.09685973117241298,0.09685973117241298,5.321568511068491e-05
lapanda_c,54,0.3318530828958102,0.029818099923431873,0.0008756001479923725,0.030693700071424246,7,1410,17,cg,False,5.3010132114300615e-05,2.7051682038770273,"[0.13234826113249384, 0.13920750527694178, 0.11018655606010266, 0.22]","[0.12, 0.12, 0.01, 0.22]",0.0020130001939833164,0.20703125,0.0,0.08689757416013838,1.0,0.7,0.09679528396407538,0.09679528396407538,5.3010132114300615e-05
lapanda_c,55,0.328816363792913,0.03437739983201027,0.0009547998197376728,0.03533219965174794,7,1568,21,cg,False,5.280754233485628e-05,2.696494433474458,"[0.13206847873905847, 0.13903403390132352, 0.10924229471165899, 0.22]","[0.12, 0.12, 0.01, 0.22]",0.0020130001939833164,0.20703125,0.0,0.0863279301413435,1.0,0.7,0.09673062154365797,0.09673062154365797,5.280754233485628e-05
lapanda_c,56,0.32601615596121974,0.02868829993531108,0.0008819000795483589,0.029570200014859438,7,1362,17,cg,False,5.2596156270567154e-05,2.6788339034096516,"[0.13179066100450879, 0.13886150114288542, 0.10829728161458814, 0.22]","[0.12, 0.12, 0.01, 0.22]",0.0020130001939833164,0.20703125,0.00390625,0.08576566909971567,1.0,0.7,0.09666659852407472,0.09666659852407472,5.2596156270567154e-05
lapanda_c,57,0.3232577652656586,0.03424300020560622,0.0008725998923182487,0.03511560009792447,7,1465,17,cg,False,5.2375570532446915e-05,2.66159656105106,"[0.1315137923980146, 0.13868951708460744, 0.10735189002459158, 0.22]","[0.12, 0.12, 0.01, 0.22]",0.0020130001939833164,0.20703125,0.0,0.08520426056839596,1.0,0.7,0.09660152909995962,0.09660152909995962,5.2375570532446915e-05
lapanda_c,58,0.3201323366187665,0.03813329990953207,0.0010373000986874104,0.03917060000821948,7,1393,17,cg,False,5.2160366557608325e-05,2.645618250551728,"[0.13123780737105825, 0.13851816357235897, 0.10640612565714269, 0.22]","[0.12, 0.12, 0.01, 0.22]",0.0020130001939833164,0.20703125,0.0,0.08464211623175542,1.0,0.7,0.09658685916434423,0.09658685916434423,5.2160366557608325e-05
lapanda_c,59,0.3175041798138585,0.034228399861603975,0.000897199846804142,0.03512559970840812,7,1570,17,cg,False,5.195616678195857e-05,2.6335688624454243,"[0.13096281565445436, 0.13834808242778268, 0.10545984242255652, 0.22]","[0.12, 0.12, 0.01, 0.22]",0.0020130001939833164,0.20703125,0.0,0.08408294262038156,1.0,0.7,0.09658650929135282,0.09658650929135282,5.195616678195857e-05
lapanda_c,60,0.3144463071156345,0.03031430020928383,0.0009408001787960529,0.03125510038807988,7,1411,17,cg,False,5.1720718347522755e-05,2.6138643030661477,"[0.1306895394172314, 0.13817832155171592, 0.10451300487412157, 0.22]","[0.12, 0.12, 0.01, 0.22]",0.0020130001939833164,0.20703125,0.0,0.08352557842114645,1.0,0.7,0.09655644535105962,0.09655644535105962,5.1720718347522755e-05
lapanda_c,61,0.31162983214203144,0.032849099952727556,0.0009538000449538231,0.03380289999768138,7,1359,17,cg,False,5.1511430271653785e-05,2.6027169356743824,"[0.1304162340788621, 0.1380096231362464, 0.10356598584757727, 0.22]","[0.12, 0.12, 0.01, 0.22]",0.0020130001939833164,0.20703125,0.0,0.08296976096151569,1.0,0.7,0.09655047183168103,0.09655047183168103,5.1511430271653785e-05
lapanda_c,62,0.3089732565307019,0.03390930034220219,0.0009710998274385929,0.03488040016964078,7,1398,17,cg,False,5.129335816118925e-05,2.5823773572397655,"[0.13014459967736078, 0.13784170144884417, 0.1026183482275869, 0.22]","[0.12, 0.12, 0.01, 0.22]",0.0020130001939833164,0.20703125,0.0,0.08242264066567889,1.0,0.7,0.09653634802750966,0.09653634802750966,5.129335816118925e-05
lapanda_c,63,0.3061561802868207,0.02661049971356988,0.0009253998287022114,0.02753589954227209,7,1330,17,cg,False,5.1053143056540464e-05,2.5703973843775025,"[0.12987356858236407, 0.13767435109918674, 0.10167043683615075, 0.22]","[0.12, 0.12, 0.01, 0.22]",0.0020130001939833164,0.20703125,0.0,0.08186935027146441,1.0,0.7,0.09649877534160639,0.09649877534160639,5.1053143056540464e-05
lapanda_c,64,0.303702994580886,0.030929300002753735,0.0009057000279426575,0.03183500003069639,7,1379,17,cg,False,5.0847522009591805e-05,2.555176041128873,"[0.12960309901796152, 0.1375073270377165, 0.10072230753187739, 0.22]","[0.12, 0.12, 0.01, 0.22]",0.0020130001939833164,0.20703125,0.0,0.08132322303882272,1.0,0.7,0.09649451339262069,0.09649451339262069,5.0847522009591805e-05
lapanda_c,65,0.3008650006565817,0.031005899887531996,0.0009003998711705208,0.03190629975870252,7,1475,17,cg,False,5.0627130997504126e-05,2.5426622344864587,"[0.12933393833409507, 0.13734143671190158, 0.09977360688042744, 0.22]","[0.12, 0.12, 0.01, 0.22]",0.0020130001939833164,0.20703125,0.0,0.08077493939200137,1.0,0.7,0.09647476017238016,0.09647476017238016,5.0627130997504126e-05
lapanda_c,66,0.2980898486527801,0.030719600152224302,0.0009193997830152512,0.03163899993523955,7,1465,17,cg,False,5.038330866335163e-05,2.52422283527283,"[0.12906549618145494, 0.13717613344584104, 0.09882460022032666, 0.22]","[0.12, 0.12, 0.01, 0.22]",0.0020130001939833164,0.20703125,0.0,0.0802268435012074,1.0,0.7,0.09643043273201038,0.09643043273201038,5.038330866335163e-05
lapanda_c,67,0.2953635641262745,0.03052279958501458,0.0008804001845419407,0.03140319976955652,7,1364,17,cg,False,5.015736225902658e-05,2.5102810957937938,"[0.12879736505058717, 0.13701145462979974, 0.09787539708916515, 0.22]","[0.12, 0.12, 0.01, 0.22]",0.0020130001939833164,0.20703125,0.0,0.07968701841351483,1.0,0.7,0.09640419641314946,0.09640419641314946,5.015736225902658e-05
lapanda_c,68,0.2927163153229101,0.03695750003680587,0.0009090001694858074,0.037866500206291676,7,1515,17,cg,False,4.994647399220033e-05,2.4939105757518627,"[0.12852960232214694, 0.1368472666840184, 0.09692600494694027, 0.22]","[0.12, 0.12, 0.01, 0.22]",0.0020130001939833164,0.20703125,0.0,0.07914409329723004,1.0,0.7,0.09639126875013906,0.09639126875013906,4.994647399220033e-05
lapanda_c,69,0.29034752653222495,0.033930299803614616,0.0008976003155112267,0.03482790011912584,7,1537,16,cg,False,4.971526099899887e-05,2.476752857670425,"[0.1282634065090924, 0.13668437331163635, 0.09597594940206605, 0.22]","[0.12, 0.12, 0.01, 0.22]",0.0020130001939833164,0.20703125,0.0,0.07860624945724509,1.0,0.7,0.09635739361470022,0.09635739361470022,4.971526099899887e-05
lapanda_c,70,0.28737896277988967,0.03007359988987446,0.0008899997919797897,0.030963599681854248,7,1474,16,cg,False,4.950097668021293e-05,2.4662228986585477,"[0.127996838597652, 0.1365215751002398, 0.09502598188106526, 0.22]","[0.12, 0.12, 0.01, 0.22]",0.0020130001939833164,0.20703125,0.00390625,0.07806782347113751,1.0,0.7,0.09634036519129019,0.09634036519129019,4.950097668021293e-05
lapanda_c,71,0.2847517809424682,0.030466599855571985,0.0008926000446081161,0.0313591999001801,7,1439,16,cg,False,4.926737333717732e-05,2.4463481544831804,"[0.12773171864512697, 0.13635970470471137, 0.09407545077382858, 0.22]","[0.12, 0.12, 0.01, 0.22]",0.0020130001939833164,0.20703125,0.0,0.07753596793069352,1.0,0.7,0.09630304955945163,0.09630304955945163,4.926737333717732e-05
lapanda_c,72,0.28240064537355314,0.03703630017116666,0.0009556999430060387,0.0379920001141727,7,1454,16,cg,False,4.9018206482263624e-05,2.437212060816272,"[0.1274666939559484, 0.13619874007458926, 0.09312473930236341, 0.22]","[0.12, 0.12, 0.01, 0.22]",0.0020130001939833164,0.20703125,0.0,0.07700137922895564,1.0,0.7,0.09624893120239505,0.09624893120239505,4.9018206482263624e-05
lapanda_c,73,0.27946712513831795,0.03503819974139333,0.0019989004358649254,0.03703710017725825,7,1381,16,cg,False,4.8798082976246916e-05,2.4227806105211718,"[0.1272018181961977, 0.13603823573375556, 0.0921739085138053, 0.22]","[0.12, 0.12, 0.01, 0.22]",0.0020130001939833164,0.20703125,0.0,0.07647037316518322,1.0,0.7,0.09622313125490048,0.09622313125490048,4.8798082976246916e-05
lapanda_c,74,0.2773331109236978,0.042439000215381384,0.0008682999759912491,0.04330730019137263,7,1526,16,cg,False,4.85703614150796e-05,2.4071656623635964,"[0.12693732329481647, 0.1358784043790946, 0.09122285836517455, 0.22]","[0.12, 0.12, 0.01, 0.22]",0.0020130001939833164,0.20703125,0.0,0.07594320905581221,1.0,0.7,0.09618976486255082,0.09618976486255082,4.85703614150796e-05
lapanda_c,75,0.27463227123602657,0.0335703999735415,0.0009126001968979836,0.03448300017043948,7,1481,16,cg,False,4.833411761626859e-05,2.3851892646326665,"[0.1266733521535957, 0.13571866594462492, 0.09027164710096675, 0.22]","[0.12, 0.12, 0.01, 0.22]",0.0020130001939833164,0.20703125,0.00390625,0.07541501840883133,1.0,0.7,0.09614613205609479,0.09614613205609479,4.833411761626859e-05
lapanda_c,76,0.2721898703080341,0.03689960017800331,0.0009567998349666595,0.03785640001296997,7,1398,17,cg,False,4.81075278329075e-05,2.3681119025707122,"[0.12640924969194506, 0.13555987950715323, 0.08932031290257739, 0.22]","[0.12, 0.12, 0.01, 0.22]",0.0020130001939833164,0.20703125,0.00390625,0.07488871422524808,1.0,0.7,0.09611145252140607,0.09611145252140607,4.81075278329075e-05
lapanda_c,77,0.26963726926018683,0.043214499950408936,0.0011924002319574356,0.04440690018236637,7,1369,17,cg,False,4.78702563270846e-05,2.3570097844744424,"[0.12614541833028547, 0.13540181579257995, 0.0883687831475302, 0.22]","[0.12, 0.12, 0.01, 0.22]",0.0020130001939833164,0.20703125,0.0,0.07436590786438238,1.0,0.7,0.09606563865118789,0.09606563865118789,4.78702563270846e-05
lapanda_c,78,0.2672483100886986,0.03202639985829592,0.0009340997785329819,0.0329604996368289,7,1381,17,cg,False,4.7641526895050485e-05,2.345272478374733,"[0.12588208821861704, 0.13524411916367465, 0.08741705365575189, 0.22]","[0.12, 0.12, 0.01, 0.22]",0.0020130001939833164,0.20703125,0.0,0.0738477864228426,1.0,0.7,0.09602820649782864,0.09602820649782864,4.7641526895050485e-05
lapanda_c,79,0.2647826665060525,0.03388440003618598,0.003452800214290619,0.0373372002504766,7,1535,17,cg,False,4.739853335700706e-05,2.325903430266193,"[0.12561920676065214, 0.13508689445316382, 0.08646512207761037, 0.22]","[0.12, 0.12, 0.01, 0.22]",0.0020130001939833164,0.20703125,0.0,0.07332512274297,1.0,0.7,0.09597355525088763,0.09597355525088763,4.739853335700706e-05
lapanda_c,80,0.26231326358166945,0.032064900267869234,0.0010975003242492676,0.0331624005921185,7,1455,17,cg,False,4.715577393598031e-05,2.307155140056516,"[0.1253558668330065, 0.13493049297804088, 0.08551318160621157, 0.22]","[0.12, 0.12, 0.01, 0.22]",0.0020130001939833164,0.20703125,0.0,0.07280817355132888,1.0,0.7,0.09592005192456396,0.09592005192456396,4.715577393598031e-05
lapanda_c,81,0.2599576261974014,0.03930479986593127,0.0009125997312366962,0.04021739959716797,7,1539,17,cg,False,4.692196927140382e-05,2.2931664820402355,"[0.12509242554508568, 0.1347747098105869, 0.08456116779719586, 0.22]","[0.12, 0.12, 0.01, 0.22]",0.0020130001939833164,0.20703125,0.0,0.07229150252729845,1.0,0.7,0.09587460390683639,0.09587460390683639,4.692196927140382e-05
lapanda_c,82,0.2575341341505541,0.027434200048446655,0.0009750998578965664,0.02840929990634322,7,1333,22,cg,False,4.669390265956059e-05,2.982517288272036,"[0.12482930111270149, 0.1346193796965102, 0.08360899234658635, 0.22]","[0.12, 0.12, 0.01, 0.22]",0.0020130001939833164,0.20703125,0.0,0.07178103423743876,1.0,0.6999856309846398,0.09583534691008522,0.09583534691008522,4.669390265956059e-05
lapanda_c,83,0.25472713818217607,0.030865299981087446,0.0013966001570224762,0.03226190013810992,7,1485,22,cg,False,4.645313360707151e-05,2.9735062676588093,"[0.12460152677223339, 0.13446265484432413, 0.08264797404783675, 0.22]","[0.12, 0.12, 0.01, 0.22]",0.0020130001939833164,0.20703125,0.0,0.07126893951442936,1.0,0.6986668654835722,0.0957637673078221,0.0957637673078221,4.645313360707151e-05
lapanda_c,84,0.25147848850596666,0.03376829996705055,0.0009878999553620815,0.034756199922412634,7,1511,22,cg,False,4.621366133106423e-05,2.9623553543292895,"[0.12437400224873503, 0.13430615609730445, 0.08168685972925227, 0.22]","[0.12, 0.12, 0.01, 0.22]",0.0020130001939833164,0.20703125,0.0,0.07075684365851997,1.0,0.6962150034126403,0.09569295503325065,0.09569295503325065,4.621366133106423e-05
lapanda_c,85,0.24806142860877273,0.02820609975606203,0.001020700205117464,0.029226799961179495,7,1362,22,cg,False,4.59643055712362e-05,2.9521701453926443,"[0.12414689150903253, 0.1341501080652101, 0.08072557427550231, 0.22]","[0.12, 0.12, 0.01, 0.22]",0.0020130001939833164,0.20703125,0.0,0.0702485479949631,1.0,0.6937359661707021,0.09561137841865724,0.09561137841865724,4.59643055712362e-05
lapanda_c,86,0.24528531826580857,0.030126200057566166,0.0009947000071406364,0.031120900064706802,7,1309,22,cg,False,4.572509876687054e-05,2.941511168378232,"[0.12391990206487177, 0.13399454453791035, 0.07976418164956135, 0.22]","[0.12, 0.12, 0.01, 0.22]",0.0020130001939833164,0.20703125,0.00390625,0.06974572574110954,1.0,0.6924267714595731,0.0955401473380762,0.0955401473380762,4.572509876687054e-05
lapanda_c,87,0.24182689279189123,0.031088400166481733,0.001019500195980072,0.032107900362461805,7,1495,23,cg,False,4.5472310378174484e-05,2.9300216377695123,"[0.12369321281199304, 0.13383915638715993, 0.07880268983720118, 0.22]","[0.12, 0.12, 0.01, 0.22]",0.0020130001939833164,0.20703125,0.0,0.06923979187358101,1.0,0.6896049857274126,0.09545171617731851,0.09545171617731851,4.5472310378174484e-05
lapanda_c,88,0.23986792701794654,0.029011100064963102,0.0012610000558197498,0.030272100120782852,7,1350,22,cg,False,4.523903848924307e-05,2.918984864767378,"[0.12346647976383013, 0.13368406882894715, 0.07784115981990668, 0.22]","[0.12, 0.12, 0.01, 0.22]",0.0020130001939833164,0.20703125,0.0,0.068736748765328,1.0,0.6896325768930593,0.09538428052809356,0.09538428052809356,4.523903848924307e-05
lapanda_c,89,0.23714366140825027,0.02814210020005703,0.0010273996740579605,0.02916949987411499,7,1431,22,cg,False,4.500377177685886e-05,2.9061401060984444,"[0.12324011688111088, 0.13352932750574675, 0.0768794868150754, 0.22]","[0.12, 0.12, 0.01, 0.22]",0.0020130001939833164,0.20703125,0.0,0.06823752108002631,1.0,0.6878012414496072,0.09531409030979865,0.09531409030979865,4.500377177685886e-05
lapanda_c,90,0.23399075847669362,0.02852120017632842,0.0009625996463000774,0.029483799822628498,7,1328,22,cg,False,4.474611528555317e-05,2.896168800176851,"[0.12301437120003639, 0.13337481942401272, 0.07591763124371602, 0.22]","[0.12, 0.12, 0.01, 0.22]",0.0020130001939833164,0.20703125,0.0,0.06773892522483074,1.0,0.6857566171390131,0.09521807521791867,0.09521807521791867,4.474611528555317e-05
lapanda_c,91,0.2293851800185715,0.029282199684530497,0.0009618997573852539,0.03024409944191575,7,1412,22,cg,False,4.452602757815773e-05,2.8881384476050704,"[0.1227883675988655, 0.13322085306241854, 0.07495574937375732, 0.22]","[0.12, 0.12, 0.01, 0.22]",0.0020130001939833164,0.20703125,0.0,0.06724371637462384,1.0,0.6801286311090836,0.09516196171110938,0.09516196171110938,4.452602757815773e-05
lapanda_c,92,0.22712983368588108,0.030619699973613024,0.0010500997304916382,0.03166979970410466,7,1455,23,cg,False,4.42572344550809e-05,2.8753488743976328,"[0.12256295263988178, 0.1330673476423435, 0.07399365572848471, 0.22]","[0.12, 0.12, 0.01, 0.22]",0.0020130001939833164,0.20703125,0.0,0.06674604589250087,1.0,0.6803102686853381,0.09505142376802411,0.09505142376802411,4.42572344550809e-05
lapanda_c,93,0.22438359875076364,0.035684899892657995,0.0009532999247312546,0.03663819981738925,7,1567,21,cg,False,4.402210850603501e-05,2.862742103280924,"[0.12233741867090221, 0.13291415827667544, 0.07303153959875683, 0.22]","[0.12, 0.12, 0.01, 0.22]",0.0020130001939833164,0.20703125,0.0,0.06625913522066534,1.0,0.6776554238993147,0.09497811518092794,0.09497811518092794,4.402210850603501e-05
lapanda_c,94,0.22073875717408006,0.029380500316619873,0.00096180010586977,0.030342300422489643,7,1393,21,cg,False,4.3781398361147034e-05,2.8529109554845826,"[0.12211198916393769, 0.13276133154814432, 0.0720693413195876, 0.22]","[0.12, 0.12, 0.01, 0.22]",0.0020130001939833164,0.20703125,0.0,0.06576966313543564,1.0,0.6746176035358151,0.09489664505955708,0.09489664505955708,4.3781398361147034e-05
lapanda_c,95,0.2191237704287441,0.031241800170391798,0.0010902001522481441,0.03233200032263994,7,1310,22,cg,False,4.3530627242574475e-05,2.8401561999373994,"[0.12188688325152985, 0.13260886599362953, 0.07110700999260841, 0.22]","[0.12, 0.12, 0.01, 0.22]",0.0020130001939833164,0.20703125,0.0078125,0.06527447540329348,1.0,0.6756531706207449,0.09480203067697154,0.09480203067697154,4.3530627242574475e-05
lapanda_c,96,0.21544056278908905,0.027621899731457233,0.0010788999497890472,0.02870079968124628,7,1288,23,cg,False,4.3279583115300034e-05,2.8286017993553814,"[0.12166164800494941, 0.13245669214579064, 0.07014466275603953, 0.22]","[0.12, 0.12, 0.01, 0.22]",0.0020130001939833164,0.20703125,0.0,0.06479354185757145,1.0,0.6715325538349086,0.09470757239994271,0.09470757239994271,4.3279583115300034e-05
lapanda_c,97,0.21293341887359524,0.03674939973279834,0.0010936995968222618,0.0378430993296206,7,1511,23,cg,False,4.304321615554242e-05,2.8168404225807344,"[0.12143644764215401, 0.132304653001551, 0.06918228606512496, 0.22]","[0.12, 0.12, 0.01, 0.22]",0.0020130001939833164,0.20703125,0.0,0.06430672170724419,1.0,0.6706011762451336,0.09462780100267773,0.09462780100267773,4.304321615554242e-05
lapanda_c,98,0.2095807398710245,0.027329999953508377,0.0010329000651836395,0.028362900018692017,7,1201,23,cg,False,4.2789091748187816e-05,2.805713757534785,"[0.12121168407598112, 0.1321531323518646, 0.06821972550493155, 0.22]","[0.12, 0.12, 0.01, 0.22]",0.0020130001939833164,0.20703125,0.0,0.06382368796674974,1.0,0.6681572000304216,0.09452692857219544,0.09452692857219544,4.2789091748187816e-05
lapanda_c,99,0.20716010185087325,0.03036170033738017,0.0010592998005449772,0.03142100013792515,7,1403,23,cg,False,4.255397034576099e-05,2.792365786645634,"[0.12098681890004791, 0.1320020687452158, 0.06725711684124792, 0.22]","[0.12, 0.12, 0.01, 0.22]",0.0020130001939833164,0.20703125,0.0,0.06334547307010864,1.0,0.6665132755445115,0.09444683981697122,0.09444683981697122,4.255397034576099e-05
lapanda_c,100,0.20414934928588174,0.02911260025575757,0.0010317997075617313,0.0301443999633193,7,1359,23,cg,False,4.232310889621125e-05,2.781563858699362,"[0.12076229453519302, 0.131851031409327, 0.06629442450578757, 0.22]","[0.12, 0.12, 0.01, 0.22]",0.0020130001939833164,0.20703125,0.0,0.06286857142646969,1.0,0.6637803922129827,0.09437083531135351,0.09437083531135351,4.232310889621125e-05
lapanda_c,101,0.2020250783479995,0.027788900304585695,0.0010001999326050282,0.028789100237190723,7,1336,23,cg,False,4.2061240738176e-05,2.767835231980743,"[0.12053796334745184, 0.13170031391119916, 0.06533163701419624, 0.22]","[0.12, 0.12, 0.01, 0.22]",0.0020130001939833164,0.20703125,0.0,0.062388137030696275,1.0,0.6638692966421413,0.09425751995477133,0.09425751995477133,4.2061240738176e-05
lapanda_c,102,0.19888306333435984,0.0283504999242723,0.0010325000621378422,0.02938299998641014,7,1443,23,cg,False,4.181969417285374e-05,2.756483184286751,"[0.12031375599933554, 0.1315501368140931, 0.06436873623812663, 0.22]","[0.12, 0.12, 0.01, 0.22]",0.0020130001939833164,0.20703125,0.0,0.06191567196197379,1.0,0.6605979139889321,0.0941662060499604,0.0941662060499604,4.181969417285374e-05
lapanda_c,103,0.1959251527015865,0.030082400422543287,0.001172299962490797,0.031254700385034084,7,1319,23,cg,False,4.156415450810959e-05,2.7439141254958272,"[0.12008973190242969, 0.13140012603415688, 0.06340576688767541, 0.22]","[0.12, 0.12, 0.01, 0.22]",0.0020130001939833164,0.20703125,0.0,0.0614423592436914,1.0,0.658385532317066,0.0940578492257797,0.0940578492257797,4.156415450810959e-05
lapanda_c,104,0.19274213166717025,0.02820240007713437,0.0011795000173151493,0.02938190009444952,7,1327,23,cg,False,4.1323975928936606e-05,2.731647679034265,"[0.11986550962880838, 0.13125020946436672, 0.062442828990345346, 0.22]","[0.12, 0.12, 0.01, 0.22]",0.0020130001939833164,0.20703125,0.0,0.06097119784723808,1.0,0.6566878707772927,0.09396527356868498,0.09396527356868498,4.1323975928936606e-05
lapanda_c,105,0.19007522607924665,0.030627400148659945,0.0010245000012218952,0.03165190014988184,7,1385,23,cg,False,4.107673176581214e-05,2.7196276192391378,"[0.11964166194921637, 0.13110053840105976, 0.06147976575817944, 0.22]","[0.12, 0.12, 0.01, 0.22]",0.0020130001939833164,0.20703125,0.0,0.0605047226764157,1.0,0.6567642540802296,0.09386436230390122,0.09386436230390122,4.107673176581214e-05
lapanda_c,106,0.18811985804213455,0.030611600261181593,0.000998999923467636,0.03161060018464923,7,1459,23,cg,False,4.0823720412137055e-05,2.705730754504015,"[0.11941792175662025, 0.13095124920381188, 0.060516618281516533, 0.22]","[0.12, 0.12, 0.01, 0.22]",0.0020130001939833164,0.20703125,0.0,0.06003505515635482,1.0,0.6563005782572655,0.0937551428030729,0.0937551428030729,4.0823720412137055e-05
lapanda_c,107,0.18448462015723094,0.030855000019073486,0.0010157995857298374,0.031870799604803324,7,1550,23,cg,False,4.058327748823057e-05,2.6948701031885713,"[0.11919394269878895, 0.13080235817086316, 0.05955346468942414, 0.22]","[0.12, 0.12, 0.01, 0.22]",0.0020130001939833164,0.20703125,0.0,0.05957506077400646,1.0,0.6561747869893358,0.09365972389409688,0.09365972389409688,4.058327748823057e-05
lapanda_c,108,0.18211304988189145,0.03825439978390932,0.0011679003946483135,0.039422300178557634,7,1432,23,cg,False,4.0330433426975824e-05,2.679609892292805,"[0.11897031105605556, 0.13065356115291457, 0.05859021584524214, 0.22]","[0.12, 0.12, 0.01, 0.22]",0.0020130001939833164,0.20703125,0.0,0.05911176382688543,1.0,0.6554073793511869,0.09354810022280355,0.09354810022280355,4.0330433426975824e-05
lapanda_c,109,0.17972220199314864,0.029337699990719557,0.0010538999922573566,0.030391599982976913,7,1424,23,cg,False,4.00840478042357e-05,2.6662642004298904,"[0.11874668351917221, 0.1305051706204362, 0.05762690334422377, 0.22]","[0.12, 0.12, 0.01, 0.22]",0.0020130001939833164,0.20703125,0.0,0.05864853124653756,1.0,0.6558049577327286,0.09344211909836828,0.09344211909836828,4.00840478042357e-05
lapanda_c,110,0.176322830195855,0.03130269981920719,0.0010418002493679523,0.032344500068575144,7,1376,23,cg,False,3.983325347482371e-05,2.6533736390914884,"[0.11852346228170328, 0.13035698144232383, 0.05666346562094674, 0.22]","[0.12, 0.12, 0.01, 0.22]",0.0020130001939833164,0.20703125,0.0,0.05819305838263392,1.0,0.6547882611618188,0.0933300745027213,0.0933300745027213,3.983325347482371e-05
lapanda_c,111,0.17389438574949106,0.027984399814158678,0.0010439003817737103,0.02902830019593239,7,1266,23,cg,False,3.959895215937389e-05,2.63940500671183,"[0.11830009988183425, 0.13020878283710768, 0.05570006206493465, 0.22]","[0.12, 0.12, 0.01, 0.22]",0.0020130001939833164,0.20703125,0.0,0.05773934799265092,1.0,0.6549326889188744,0.09323801296400416,0.09323801296400416,3.959895215937389e-05
lapanda_c,112,0.17172769896946463,0.03220779960975051,0.0012742998078465462,0.033482099417597055,7,1568,22,cg,False,3.9348188620232636e-05,2.6279795144118014,"[0.11807691508251424, 0.13006127672345927, 0.05473651108455591, 0.22]","[0.12, 0.12, 0.01, 0.22]",0.0020130001939833164,0.20703125,0.0,0.05727960594014752,1.0,0.6546099317030544,0.09312278757064935,0.09312278757064935,3.9348188620232636e-05
lapanda_c,113,0.16864240534149172,0.026153100188821554,0.0015384000726044178,0.027691500261425972,7,1260,23,cg,False,3.90917765187863e-05,2.610961033376553,"[0.11785359719933439, 0.12991366009372324, 0.05377300786521648, 0.22]","[0.12, 0.12, 0.01, 0.22]",0.0020130001939833164,0.20703125,0.0,0.056831179257900474,1.0,0.6543406017239882,0.09300008425332323,0.09300008425332323,3.90917765187863e-05
lapanda_c,114,0.16657383799553954,0.033648500218987465,0.0010232003405690193,0.034671700559556484,7,1474,23,cg,False,3.8839638071497526e-05,2.5968654030014693,"[0.11763041407323481, 0.1297666308073582, 0.052809383622487285, 0.22]","[0.12, 0.12, 0.01, 0.22]",0.0020130001939833164,0.20703125,0.0,0.05637839594275483,1.0,0.6534262698630156,0.09288087361893688,0.09288087361893688,3.8839638071497526e-05
lapanda_c,115,0.163898705355426,0.03061409993097186,0.0010047000832855701,0.03161880001425743,7,1359,23,cg,False,3.860111226008876e-05,2.5835362752202022,"[0.11740733889388937, 0.12961972364930716, 0.05184571575891946, 0.22]","[0.12, 0.12, 0.01, 0.22]",0.0020130001939833164,0.20703125,0.0,0.05593238951902422,1.0,0.6531296158167568,0.09277755438788693,0.09277755438788693,3.860111226008876e-05
lapanda_c,116,0.16052301923226606,0.03698100009933114,0.0011934000067412853,0.038174400106072426,7,1369,23,cg,False,3.8342471335034567e-05,2.5708738809734144,"[0.11718428164226313, 0.12947295209740597, 0.050882023082777596, 0.22]","[0.12, 0.12, 0.01, 0.22]",0.0020130001939833164,0.20703125,0.0,0.05548501911790855,1.0,0.6527425259142982,0.09264652775833787,0.09264652775833787,3.8342471335034567e-05
lapanda_c,117,0.15844348366167715,0.03959179995581508,0.0010620998218655586,0.040653899777680635,7,1643,24,cg,False,3.809034507295696e-05,2.555802585032899,"[0.11696119176798982, 0.12932630630087952, 0.04991831881363802, 0.22]","[0.12, 0.12, 0.01, 0.22]",0.0020130001939833164,0.20703125,0.0,0.05503905948348907,1.0,0.6522880511767164,0.09252265614787136,0.09252265614787136,3.809034507295696e-05
lapanda_c,118,0.15547060147738329,0.03161009959876537,0.0011902004480361938,0.03280030004680157,7,1552,23,cg,False,3.784252810541753e-05,2.539938105060205,"[0.1167381290461169, 0.129179733202948, 0.04895459719975079, 0.22]","[0.12, 0.12, 0.01, 0.22]",0.0020130001939833164,0.20703125,0.00390625,0.05459873924690737,1.0,0.6517891386233864,0.09241934627635706,0.09241934627635706,3.784252810541753e-05
lapanda_c,119,0.15283393547894528,0.027222900185734034,0.0010331999510526657,0.0282561001367867,7,1253,23,cg,False,3.7605061845399167e-05,2.526028999856078,"[0.11651522121082002, 0.12903372635782046, 0.04799075380057271, 0.22]","[0.12, 0.12, 0.01, 0.22]",0.0020130001939833164,0.20703125,0.0,0.054157529047909415,1.0,0.6519934861151863,0.09233303363329842,0.09233303363329842,3.7605061845399167e-05
lapanda_c,120,0.15004798248545337,0.028572600334882736,0.0010279999114573002,0.029600600246340036,7,1351,23,cg,False,3.7346936466164466e-05,2.511226148012271,"[0.11629253743012648, 0.1288871891515362, 0.04702693909795065, 0.22]","[0.12, 0.12, 0.01, 0.22]",0.0020130001939833164,0.20703125,0.00390625,0.05372354384393199,1.0,0.6511295568877233,0.09224837862578894,0.09224837862578894,3.7346936466164466e-05
lapanda_c,121,0.14787697914196252,0.027114800177514553,0.0011695995926856995,0.028284399770200253,7,1250,23,cg,False,3.7113886587836466e-05,2.494648980982589,"[0.11606990419316364, 0.1287414858990027, 0.04606298629620121, 0.22]","[0.12, 0.12, 0.01, 0.22]",0.0020130001939833164,0.20703125,0.0,0.05328644303631686,1.0,0.6507642346723899,0.09216603503709475,0.09216603503709475,3.7113886587836466e-05
lapanda_c,122,0.02145325989336022,0.02244159998372197,0.0023961998522281647,0.024837799835950136,6,1026,24,cg,False,9.684448951961249e-05,1.146973629106663,"[0.11584769865747443, 0.1285958109525675, 0.04509893053542272, 0.22]","[0.12, 0.12, 0.01, 0.22]",0.0020130001939833164,0.20703125,0.0,0.028482286509251307,1.0,0.6123576386069292,0.14586416201613467,0.14586416201613467,9.684448951961249e-05
lapanda_c,123,0.14581296956175838,0.030218799598515034,0.0011994997039437294,0.03141829930245876,7,1278,23,cg,False,3.68557604119128e-05,2.481677991285037,"[0.11584769865747443, 0.1285958109525675, 0.04509893053542272, 0.22]","[0.12, 0.12, 0.01, 0.22]",0.0020130001939833164,0.20703125,0.0,0.05284967610117087,1.0,0.6502964691161827,0.09207923676287644,0.09207923676287644,3.68557604119128e-05
lapanda_c,124,0.14337431296719458,0.03087149979546666,0.001498000230640173,0.032369500026106834,7,1549,23,cg,False,3.660708513182565e-05,2.4656988840021605,"[0.11562559438311937, 0.12845060665699032, 0.04413478044137142, 0.22]","[0.12, 0.12, 0.01, 0.22]",0.0020130001939833164,0.20703125,0.0,0.052421171645168255,1.0,0.6499672309326067,0.09199846123586525,0.09199846123586525,3.660708513182565e-05
lapanda_c,125,0.14096498735144358,0.03220969997346401,0.0010868003591895103,0.03329650033265352,7,1635,23,cg,False,3.636178121686495e-05,2.4511714319169453,"[0.1154035397470703, 0.12830575205973702, 0.043170566313563856, 0.22]","[0.12, 0.12, 0.01, 0.22]",0.0020130001939833164,0.20703125,0.00390625,0.051992898802031805,1.0,0.6496912763291035,0.09190985549016539,0.09190985549016539,3.636178121686495e-05
lapanda_c,126,0.13820445032371215,0.028226899914443493,0.0010359999723732471,0.02926289988681674,7,1349,23,cg,False,3.609744944753339e-05,2.4331980812720477,"[0.1151816030208911, 0.1281607587966095, 0.04220634588066457, 0.22]","[0.12, 0.12, 0.01, 0.22]",0.0020130001939833164,0.20703125,0.0,0.05156584352068197,1.0,0.6483599406608366,0.09181963150985661,0.09181963150985661,3.609744944753339e-05
lapanda_c,127,0.13575046809236418,0.031825200188905,0.001005799975246191,0.03283100016415119,7,1516,23,cg,False,3.585243827615995e-05,2.4189329085165068,"[0.11495939112193318, 0.1280158347266883, 0.04124217842325948, 0.22]","[0.12, 0.12, 0.01, 0.22]",0.0020130001939833164,0.20703125,0.0,0.05113779712979205,1.0,0.6482521839457728,0.09173013479667286,0.09173013479667286,3.585243827615995e-05
lapanda_c,128,0.13274887989571307,0.030452500097453594,0.0010194000788033009,0.031471900176256895,7,1403,23,cg,False,3.560012976427126e-05,2.4005686243311954,"[0.1147374150738903, 0.12787114060135682, 0.040277922106614454, 0.22]","[0.12, 0.12, 0.01, 0.22]",0.0020130001939833164,0.20703125,0.0,0.0507164927184313,1.0,0.6475578538716741,0.09163632660352644,0.09163632660352644,3.560012976427126e-05
lapanda_c,129,0.13169465653190793,0.030057900119572878,0.0009997999295592308,0.03105770004913211,7,1464,23,cg,False,3.5366657148735764e-05,2.386274860853475,"[0.11451575251955959, 0.12772668475342855, 0.03931355795339903, 0.22]","[0.12, 0.12, 0.01, 0.22]",0.0020130001939833164,0.20703125,0.0,0.0502949703583695,1.0,0.6469154963594206,0.09155331841465253,0.09155331841465253,3.5366657148735764e-05
lapanda_c,130,0.12855984605301637,0.031235199887305498,0.001513699535280466,0.032748899422585964,7,1459,23,cg,False,3.510098192173176e-05,2.36796138073777,"[0.11429446788249993, 0.12758245565664758, 0.03834907307687524, 0.22]","[0.12, 0.12, 0.01, 0.22]",0.0020130001939833164,0.20703125,0.0,0.04987375485008514,1.0,0.646896648506904,0.09145552242796468,0.09145552242796468,3.510098192173176e-05
lapanda_c,131,0.12637181885217236,0.02973710000514984,0.0010211002081632614,0.030758200213313103,7,1462,23,cg,False,3.486238506186554e-05,2.3533007633602208,"[0.11407307906270725, 0.12743850430867887, 0.037384570614520274, 0.22]","[0.12, 0.12, 0.01, 0.22]",0.0020130001939833164,0.20703125,0.0,0.04945878757663473,1.0,0.6466684285778911,0.09136966443165928,0.09136966443165928,3.486238506186554e-05
lapanda_c,132,0.12455899389552905,0.028725999873131514,0.0011044000275433064,0.02983039990067482,7,1386,23,cg,False,3.4605901203862016e-05,2.3369630744837733,"[0.11385210906862023, 0.12729491256274303, 0.03641991851546472, 0.22]","[0.12, 0.12, 0.01, 0.22]",0.0020130001939833164,0.20703125,0.0,0.049039736930017806,1.0,0.6454206348816719,0.09127281698241624,0.09127281698241624,3.4605901203862016e-05
lapanda_c,133,0.12133670012543088,0.025957700330764055,0.0010498003102838993,0.027007500641047955,7,1248,23,cg,False,3.437873799220226e-05,2.318686568562683,"[0.11363106569036927, 0.12715110062779295, 0.03545531603138265, 0.22]","[0.12, 0.12, 0.01, 0.22]",0.0020130001939833164,0.20703125,0.0,0.04862968059514911,1.0,0.6457567311918029,0.09118695181083492,0.09118695181083492,3.437873799220226e-05
lapanda_c,134,0.11950128390774228,0.03063410008326173,0.0009925002232193947,0.03162660030648112,7,1469,23,cg,False,3.413482788374906e-05,2.302243923565367,"[0.11341060985911633, 0.1270078750222667, 0.034490491875182036, 0.22]","[0.12, 0.12, 0.01, 0.22]",0.0020130001939833164,0.20703125,0.0,0.048207359069742224,1.0,0.6445291948275408,0.09109116806855166,0.09109116806855166,3.413482788374906e-05
lapanda_c,135,0.11653939478714921,0.027423199731856585,0.0010039000771939754,0.02842709980905056,7,1246,23,cg,False,3.390679326512675e-05,2.2825148080538966,"[0.11319033884124073, 0.1268646605836803, 0.03352562385142727, 0.22]","[0.12, 0.12, 0.01, 0.22]",0.0020130001939833164,0.20703125,0.00390625,0.04779783887390861,1.0,0.6437780896930482,0.09100181333254376,0.09100181333254376,3.390679326512675e-05
lapanda_c,136,0.11456462727661489,0.02974139992147684,0.001120000146329403,0.030861400067806244,7,1370,23,cg,False,3.365597443665868e-05,2.265134819102129,"[0.11297007519126795, 0.12672147355469346, 0.032560750077697986, 0.22]","[0.12, 0.12, 0.01, 0.22]",0.0020130001939833164,0.20703125,0.0,0.04737971376189578,1.0,0.6429736214581364,0.09090223432231409,0.09090223432231409,3.365597443665868e-05
lapanda_c,137,0.11148737821040866,0.027296300046145916,0.0010481998324394226,0.02834449987858534,7,1356,23,cg,False,3.342901451921497e-05,2.2452428114794247,"[0.11274981068126996, 0.1265781380741888, 0.03159589854214247, 0.22]","[0.12, 0.12, 0.01, 0.22]",0.0020130001939833164,0.20703125,0.0,0.046969546189625955,1.0,0.643165148328057,0.09081084339671591,0.09081084339671591,3.342901451921497e-05
lapanda_c,138,0.10925141676273063,0.029930700082331896,0.0010385997593402863,0.030969299841672182,7,1331,23,cg,False,3.3204548916457985e-05,2.2275407258974242,"[0.11252994603762682, 0.12643530144802043, 0.030630881839333386, 0.22]","[0.12, 0.12, 0.01, 0.22]",0.0020130001939833164,0.20703125,0.0,0.046562332634040644,1.0,0.6430554468946656,0.09071255039779769,0.09071255039779769,3.3204548916457985e-05
lapanda_c,139,0.006319570197359716,0.024208299815654755,0.001160699874162674,0.02536899968981743,6,1096,24,cg,False,9.178770255514116e-05,0.6133138676703256,"[0.11231077065509168, 0.12629225914378112, 0.029665738818383393, 0.22]","[0.12, 0.12, 0.01, 0.22]",0.0020130001939833164,0.20703125,0.0,0.02269339101007941,1.0,0.572360178639925,0.14431217522288312,0.14431217522288312,9.178770255514116e-05
lapanda_c,140,0.10670080622284814,0.033113700337707996,0.0012424997985363007,0.0343562001362443,7,1547,23,cg,False,3.284255058478956e-05,2.201670159885848,"[0.11219473249348555, 0.1261233378505258, 0.02920966783516256, 0.22]","[0.12, 0.12, 0.01, 0.22]",0.0020130001939833164,0.20703125,0.0,0.04595368878539066,1.0,0.6428251949886099,0.09056719829942456,0.09056719829942456,3.284255058478956e-05
lapanda_c,141,0.10406973989327505,0.032194700092077255,0.0009890999644994736,0.03318380005657673,7,1557,23,cg,False,3.259174012194153e-05,2.180174019371308,"[0.11197590037482859, 0.12598098955342935, 0.028244344331792914, 0.22]","[0.12, 0.12, 0.01, 0.22]",0.0020130001939833164,0.20703125,0.0,0.045552368400869105,1.0,0.6411743049399364,0.09046782282390214,0.09046782282390214,3.259174012194153e-05
lapanda_c,142,0.10163498385591305,0.02963010035455227,0.0009902999736368656,0.030620400328189135,7,1412,23,cg,False,3.238119408895448e-05,2.1620256408127854,"[0.11175696269300144, 0.1258389302853494, 0.02727900218735461, 0.22]","[0.12, 0.12, 0.01, 0.22]",0.0020130001939833164,0.20703125,0.00390625,0.04515599916086936,1.0,0.6410203055218917,0.09037414612626776,0.09037414612626776,3.238119408895448e-05
lapanda_c,143,0.0047056405326000176,0.02140540024265647,0.001047699712216854,0.022453099954873323,6,1086,24,cg,False,9.064315422364184e-05,0.5120704445547508,"[0.11153880330409753, 0.12569696052231458, 0.026313470692572116, 0.22]","[0.12, 0.12, 0.01, 0.22]",0.0020130001939833164,0.20703125,0.0,0.021512085786442925,1.0,0.5616108500865035,0.14394163132728255,0.14394163132728255,9.064315422364184e-05
lapanda_c,144,0.09763378683165963,0.030482399743050337,0.0013262000866234303,0.03180859982967377,7,1525,23,cg,False,3.188976460658356e-05,2.1220699539533343,"[0.11132527045159966, 0.1253481699253848, 0.025400919959518056, 0.22]","[0.12, 0.12, 0.01, 0.22]",0.0020130001939833164,0.20703125,0.0,0.044365281715938766,1.0,0.6402739215789028,0.09017947124713493,0.09017947124713493,3.188976460658356e-05
lapanda_c,145,0.00363987196912166,0.023653500247746706,0.0009983000345528126,0.02465180028229952,6,1154,23,cg,False,8.999216679320355e-05,0.43828878029593304,"[0.11110727341751316, 0.12520689289061468, 0.02443525019579132, 0.22]","[0.12, 0.12, 0.01, 0.22]",0.0020130001939833164,0.20703125,0.0,0.020849067711287014,1.0,0.556672587604154,0.14374846728226187,0.14374846728226187,8.999216679320355e-05
lapanda_c,146,0.0032709700417372497,0.023199000395834446,0.0011430000886321068,0.024342000484466553,6,1077,23,cg,False,8.969864081389582e-05,0.4096530074861752,"[0.11090894207457419, 0.12484991692807434, 0.023522434310425368, 0.22]","[0.12, 0.12, 0.01, 0.22]",0.0020130001939833164,0.20703125,0.00390625,0.020514850715532686,1.0,0.5532351523403664,0.143703008489465,0.143703008489465,8.969864081389582e-05
lapanda_c,147,0.0027702597026421183,0.022765900008380413,0.001115699764341116,0.02388159977272153,6,1040,23,cg,False,8.938427834108641e-05,0.37141866067002816,"[0.11071668000009535, 0.12448794211330379, 0.022610288747376948, 0.22]","[0.12, 0.12, 0.01, 0.22]",0.0020130001939833164,0.20703125,0.0,0.020191065866179584,1.0,0.5516506395058243,0.14365313886350983,0.14365313886350983,8.938427834108641e-05
lapanda_c,148,0.002369252358897039,0.022945700213313103,0.0010041999630630016,0.023949900176376104,6,1110,23,cg,False,8.908170913703342e-05,0.3289337902106764,"[0.11053187751745427, 0.1241230419190504, 0.0216977670267349, 0.22]","[0.12, 0.12, 0.01, 0.22]",0.0020130001939833164,0.20703125,0.0,0.019865814044936425,1.0,0.5479551478676469,0.1435642651686994,0.1435642651686994,8.908170913703342e-05
lapanda_c,149,0.0019712459680757124,0.023292900063097477,0.00101869972422719,0.024311599787324667,6,1082,23,cg,False,8.874527608030053e-05,0.2936454154499835,"[0.11036450170679367, 0.12374803043218545, 0.02078598211639417, 0.22]","[0.12, 0.12, 0.01, 0.22]",0.0020130001939833164,0.20703125,0.0,0.019545404511624682,1.0,0.5462270069312433,0.14348958853933075,0.14348958853933075,8.874527608030053e-05
lapanda_c,150,0.0016140717376914194,0.021307500079274178,0.0010351999662816525,0.02234270004555583,6,1026,22,cg,False,8.844182947740009e-05,0.25261157032117487,"[0.1102062059975422, 0.12336864313380218, 0.019874385853645128, 0.22]","[0.12, 0.12, 0.01, 0.22]",0.0020130001939833164,0.20703125,0.0,0.019229112238380197,1.0,0.5436405484212974,0.14342411159124047,0.14342411159124047,8.844182947740009e-05
