n,solver_name,trial_id,forward_time_sec,forward_peak_memory_mb,objective_value,outer_loss_value,projected_residual_inf,num_iterations,forward_final_residual,backward_forward_iterations,backward_forward_residual,success,backward_time_sec,backward_peak_memory_mb,gradient_theta,gradient_reference,gradient_relative_error,adjoint_residual_inf,krylov_iterations
50,PANDA-compiled,0,0.0016038999892771244,56.890625,0.02499689751311943,28.118075494900342,6.688314208172654e-06,310,8.115603735572413e-06,30,8.424682126037384e-06,True,0.001361900009214878,56.91796875,"[2.1406510400835276e-06, 0.00667837975286155, -6.892916778647004]","[-0.011096162193524606, 0.001872310768646912, -6.864365477134982]",0.004517121709723005,8.507662571786359e-08,27
50,PANDA-compiled,1,0.0010202000848948956,57.1796875,0.024996897511264327,28.11807864060786,5.129127346567418e-06,326,8.993052056451377e-06,29,8.645681296720316e-06,True,0.0009723999537527561,57.1796875,"[2.14727396289699e-06, 0.006677919174642884, -6.8929284413312715]","[0.01345813641862037, 0.03413413772079821, -6.889480894223254]",0.0044661663725616705,8.506811183745173e-08,27
100,PANDA-compiled,0,0.007710499921813607,57.71484375,0.04999677374774868,56.243185369416366,2.7428338255145048e-06,606,4.091952915156358e-06,17,2.2902181004419137e-06,True,0.001290599931962788,57.73828125,"[4.61718267025433e-06, 0.006325306902651731, -6.789454254797788]","[-0.021415428257398617, -0.0035665691555664125, -6.7689814805405035]",0.004614825695718762,7.236815993699277e-07,29
100,PANDA-compiled,1,0.003261700039729476,57.8125,0.04999677374821724,56.2431840494739,5.248873984735263e-06,609,6.89822481945157e-06,29,9.9272902221664e-06,True,0.001215500058606267,57.8125,"[4.612802034383957e-06, 0.006327047109472814, -6.789436825896139]","[-0.0024834443834720332, -0.02373634558239246, -6.769888303637117]",0.005309712941185547,7.236791876783645e-07,29
200,PANDA-compiled,0,0.020278100040741265,58.6640625,0.09999652622181061,112.49287460709452,2.015656546542519e-06,1181,2.954786606623154e-06,17,4.048450653882403e-06,True,0.001767599955201149,58.6640625,"[9.531412057411511e-06, 0.0061567694003774945, -7.100997862274176]","[-0.006461024568693574, 0.001239263909269539, -7.117193329690963]",0.002545980139988426,5.044284840485038e-07,29
200,PANDA-compiled,1,0.009717599954456091,58.60546875,0.09999652622335481,112.49287217523029,6.294834403027045e-06,594,6.6417661544523735e-06,31,5.57423152617718e-06,True,0.0036640999605879188,58.65625,"[9.53286150783272e-06, 0.006147627490906747, -7.101056239695997]","[0.018866212414536676, 0.007961158488001274, -7.125131685228325]",0.004299522377391289,5.044339512110988e-07,29
500,PANDA-compiled,0,0.09264569997321814,61.06640625,0.24999578364455136,281.24149907884953,4.915683836627163e-06,2864,6.618423963357743e-06,28,6.499672369835408e-06,True,0.004022500012069941,61.078125,"[2.4244184765093457e-05, 0.006050300274883074, -8.474873145693238]","[nan, nan, nan]",nan,6.347278560247578e-07,28
500,PANDA-compiled,1,0.06771500001195818,61.01953125,0.2499957836439269,281.24150053347444,2.0603716716562448e-06,2241,2.9013780141739466e-06,16,6.450456567108631e-06,True,0.0036687999963760376,61.01953125,"[2.4246125363608266e-05, 0.006042775207194083, -8.474940496704637]","[nan, nan, nan]",nan,6.347352993329175e-07,28
1000,PANDA-compiled,0,0.15993630001321435,65.109375,0.4999945460141582,562.4890627853932,2.1234749032086447e-06,2409,3.1022857384462107e-06,17,3.274343601476989e-06,True,0.0043873999966308475,65.15234375,"[4.875349170904453e-05, 0.006037632506930172, -10.912953549817042]","[nan, nan, nan]",nan,8.982814533847955e-07,27
1000,PANDA-compiled,1,0.32568909996189177,65.03125,1.3892696024796205,560.7057122713653,4.8957692721152855,5000,5.248395798308277,1543,6.3627033102277075e-06,False,0.10704529995564371,65.12109375,"[4.875171215955482e-05, 0.006038060525083343, -10.912940255143575]","[nan, nan, nan]",nan,8.982797199111215e-07,27
2000,PANDA-compiled,0,0.4431697999825701,71.78515625,0.9999920707550696,1124.9841306362437,5.435413607445203e-06,3038,7.5537613347957e-06,17,6.4419374163997795e-06,True,0.008705599932000041,72.07421875,"[9.776561184375434e-05, 0.006067901604753383, -15.844905555741736]","[nan, nan, nan]",nan,6.342277557972492e-07,27
2000,PANDA-compiled,1,0.710861999890767,72.359375,354.69049140918725,948.8910243853963,1.5784394291879786,5000,2.10608207554875,1995,4.0071048332672366e-06,False,0.2971687000244856,72.37109375,"[9.777155478750292e-05, 0.006067907602263226, -15.844905567992889]","[nan, nan, nan]",nan,6.342278045120002e-07,27
