n,solver_name,trial_id,build_time_sec,build_rss_before_mb,build_rss_peak_mb,build_rss_after_mb,build_rss_peak_delta_mb,build_rss_samples,total_wall_time_sec,forward_time_sec,backward_time_sec,solve_rss_before_mb,solve_rss_peak_mb,solve_rss_after_mb,solve_rss_peak_delta_mb,solve_rss_samples,objective_value,outer_loss_value,projected_residual_inf,num_iterations,forward_final_residual,success,gradient_theta,gradient_reference,gradient_relative_error,adjoint_residual_inf,krylov_iterations
50,PANDA-compiled,0,1.067386700073257,55.9453125,57.65234375,57.36328125,1.70703125,71,0.004411299945786595,0.002589,0.000734,57.45703125,57.5546875,57.5546875,0.09765625,3,4.011607394921391,28.105424752332475,0.0003730852068034246,280,0.00046861750490375254,True,"[0.00012786825158190397, -0.005792649035721428, -6.890794999011465]","[0.23119841960905774, -0.09429450722464594, -6.490783406274403]",0.07241176758095817,0.0005148236004457063,20
50,PANDA-compiled,1,1.067386700073257,55.9453125,57.65234375,57.36328125,1.70703125,71,0.0039512999355793,0.002568,0.000731,57.78125,57.80859375,57.80859375,0.02734375,3,0.02499689784666625,28.11805960504348,0.00015751732096664216,290,0.00022876450644904062,True,"[2.148720490437833e-06, 0.006698784497827306, -6.8923758032071145]","[-0.03062791373409368, -0.2591752095248978, -6.387894743813405]",0.08932527403675641,0.0005280606051452256,20
50,PANDA-compiled,2,1.067386700073257,55.9453125,57.65234375,57.36328125,1.70703125,71,0.0038701000157743692,0.002496,0.000706,57.7890625,57.8125,57.8125,0.0234375,3,0.024996900217125195,28.118100744903213,0.000598601801749809,296,0.0008572730738179464,True,"[1.961491586590062e-06, 0.006676725575665729, -6.892733292019948]","[0.18828800433468018, 0.5542179529882674, -6.243611995966347]",0.13870765809481433,0.0005280898045566824,20
50,PANDA-compiled,3,1.067386700073257,55.9453125,57.65234375,57.36328125,1.70703125,71,0.003723900066688657,0.002385,0.000744,57.828125,57.8515625,57.8515625,0.0234375,3,0.02499690498965751,28.118043742939143,0.0007117096647179048,272,0.0009285084854223227,True,"[2.0626251149700905e-06, 0.006721788655534737, -6.89091826549653]","[0.25850379204328533, -1.2197810227654315, -6.588601249504222]",0.192287156122042,0.0005279619498993022,20
100,PANDA-compiled,0,1.1111876000650227,57.9921875,59.125,58.24609375,1.1328125,74,0.010966999921947718,0.009105,0.000878,58.22265625,58.2578125,58.2578125,0.03515625,3,4.036607269049804,56.2302423334854,0.00046736517473810205,542,0.0005577282250956877,True,"[0.00013424367879582376, -0.006639160837419042, -6.78923876788174]","[0.04810888469819474, 0.09137856878282946, -6.616120293756467]",0.03092730716628656,0.0007457866596188168,19
100,PANDA-compiled,1,1.1111876000650227,57.9921875,59.125,58.24609375,1.1328125,74,0.0128801001701504,0.011143,0.000843,58.25390625,58.27734375,58.27734375,0.0234375,3,0.04999677709041987,56.243130993835955,0.0005319358872886943,553,0.000957349675254112,True,"[4.727570179044134e-06, 0.006370414096734994, -6.7888303744761345]","[1.7755231156257878, 0.037892228483826784, -6.914288571948646]",0.249375900702186,0.0007672656948831178,19
100,PANDA-compiled,2,1.1111876000650227,57.9921875,59.125,58.24609375,1.1328125,74,0.011262600077316165,0.009684,0.00082,58.26171875,58.28515625,58.28515625,0.0234375,3,0.04999677547054602,56.24317112822055,0.00032113787325981416,551,0.000418781904246364,True,"[4.526225527583479e-06, 0.006350596611442581, -6.78900045165973]","[-0.02986511042024631, 0.36450672372012605, -7.244767194372059]",0.08001433656579593,0.0007673175235467465,19
100,PANDA-compiled,3,1.1111876000650227,57.9921875,59.125,58.24609375,1.1328125,74,0.011729199904948473,0.010043,0.000872,58.265625,58.2890625,58.2890625,0.0234375,3,0.04999678206241225,56.24318384827893,0.0007366833399589125,548,0.0008439720810489043,True,"[4.177682743798645e-06, 0.006372237856128067, -6.788496033312834]","[0.44649203839952634, 0.12386994765023474, -7.016328742253108]",0.07321855960532409,0.0007672905856907002,19
200,PANDA-compiled,0,1.733807599870488,58.32421875,60.47265625,58.6875,2.1484375,114,0.04627019981853664,0.043283,0.001761,58.58984375,58.61328125,58.61328125,0.0234375,4,4.0866070196940045,112.47971339136227,0.0002793316233069881,1063,0.00038608410426317467,True,"[0.00014136415960552028, -0.0070275704424638055, -7.1011080142472816]","[0.33021903554697474, 0.10686672290205479, -7.227069308513023]",0.05130332027214956,0.0005174573537546818,19
200,PANDA-compiled,1,1.733807599870488,58.32421875,60.47265625,58.6875,2.1484375,114,0.039048400009050965,0.037093,0.001055,58.64453125,58.70703125,58.70703125,0.0625,4,0.09999652837877503,112.49288468872722,0.00042012898331066886,1107,0.0004950324560540091,True,"[9.669924293483532e-06, 0.006123699675016877, -7.1011543733341735]","[-0.4841296592417166, 0.350494392193923, -6.925660586247773]",0.08911868781930503,0.0005335881479403125,19
200,PANDA-compiled,2,1.733807599870488,58.32421875,60.47265625,58.6875,2.1484375,114,0.036626300076022744,0.034709,0.001031,58.68359375,58.70703125,58.70703125,0.0234375,4,0.09999653332187644,112.49289647283682,0.0007081276810678997,1079,0.0009557846425052144,True,"[9.37289078473097e-06, 0.006139677791265604, -7.099202228669007]","[0.27641823599822146, -0.3154449659348302, -6.429962784011423]",0.12295484234814659,0.0005334445341012564,19
200,PANDA-compiled,3,1.733807599870488,58.32421875,60.47265625,58.6875,2.1484375,114,0.03724210010841489,0.035356,0.001036,58.68359375,58.70703125,58.70703125,0.0234375,4,0.09999652691345781,112.49292633264714,0.0002158490784686843,1078,0.00033014187969169335,True,"[9.407941886758488e-06, 0.00610863569117241, -7.1015318226169075]","[-0.3041552982097073, -0.021429119740901115, -7.242776740383761]",0.046417403154668684,0.0005336384766613903,19
500,PANDA-compiled,0,2.8193221997935325,59.12109375,63.17578125,59.5546875,4.0546875,178,0.21653989981859922,0.213102,0.001914,59.390625,59.43359375,59.43359375,0.04296875,4,4.236606282127519,281.2280309562291,0.0005525748802986192,2644,0.0008885331899172774,True,"[0.00015747017362159195, -0.007083255724883498, -8.472246804000218]","[nan, nan, nan]",nan,0.0006507578749114938,18
500,PANDA-compiled,1,2.8193221997935325,59.12109375,63.17578125,59.5546875,4.0546875,178,0.13032629992812872,0.125897,0.003182,59.55078125,59.65625,59.65625,0.10546875,4,0.2499957855377089,281.24152803455917,0.0005077886897580404,1497,0.0007156894814933797,True,"[2.426970267092854e-05, 0.006021113849828281, -8.475417715786318]","[nan, nan, nan]",nan,0.0006722178441258926,18
500,PANDA-compiled,2,2.8193221997935325,59.12109375,63.17578125,59.5546875,4.0546875,178,0.13063349993899465,0.127864,0.001714,59.640625,59.6640625,59.6640625,0.0234375,4,0.24999578995198837,281.2414376652897,0.0004705624841766334,1514,0.0005950203287954393,True,"[2.4021076111364938e-05, 0.006133912227475705, -8.47298235059877]","[nan, nan, nan]",nan,0.0006719660084863082,18
500,PANDA-compiled,3,2.8193221997935325,59.12109375,63.17578125,59.5546875,4.0546875,178,0.2230450001079589,0.219733,0.002102,59.640625,59.6640625,59.6640625,0.0234375,4,0.24999578693886687,281.24146125634854,0.00030706436526471454,2640,0.00035975918749739464,True,"[2.421092616720962e-05, 0.006091748402771333, -8.473366715367252]","[nan, nan, nan]",nan,0.0006719964436485815,18
1000,PANDA-compiled,0,4.497334900079295,60.62890625,67.65625,61.4609375,7.02734375,293,1.0103772999718785,1.004957,0.002876,61.2109375,61.50390625,61.50390625,0.29296875,4,4.486605042456021,562.4756583902692,0.00046189333355103277,5307,0.0006399032393298847,True,"[0.00018243666190808668, -0.007248494981817231, -10.910796541624288]","[nan, nan, nan]",nan,0.0009206140429180283,17
1000,PANDA-compiled,1,4.497334900079295,60.62890625,67.65625,61.4609375,7.02734375,293,0.49956999998539686,0.495324,0.002867,61.44140625,61.51171875,61.51171875,0.0703125,4,0.49999454678206096,562.4890540778127,0.0002661080629638347,2650,0.0005721823845401798,True,"[4.883892642971855e-05, 0.0060356785653433226, -10.910877215852246]","[nan, nan, nan]",nan,0.0009508356472816197,17
1000,PANDA-compiled,2,4.497334900079295,60.62890625,67.65625,61.4609375,7.02734375,293,0.5557195998262614,0.551281,0.00303,61.49609375,61.5234375,61.5234375,0.02734375,4,0.4999945465849653,562.4890576522289,0.0003894067265240377,3063,0.0004961408576682994,True,"[4.880326215274217e-05, 0.006035669978698083, -10.910876892986868]","[nan, nan, nan]",nan,0.0009508351845980799,17
1000,PANDA-compiled,3,4.497334900079295,60.62890625,67.65625,61.4609375,7.02734375,293,0.47219379991292953,0.467603,0.003303,61.5,61.5234375,61.5234375,0.0234375,4,0.49999456006651966,562.4892988425277,0.0007842861575466629,2661,0.0009618112425270833,True,"[4.8921091164301695e-05, 0.005784446732716427, -10.91256744762924]","[nan, nan, nan]",nan,0.000951127364977006,17
2000,PANDA-compiled,0,9.232313900021836,63.2890625,77.46484375,64.47265625,14.17578125,599,2.5903860998805612,2.581751,0.005243,64.16796875,64.93359375,64.93359375,0.765625,4,4.986602563969016,1124.9707840017234,0.000286190693977436,5793,0.00039722970503039266,True,"[0.00023152332917995892, -0.007303211108913757, -15.843115146690014]","[nan, nan, nan]",nan,0.0006498814413454537,17
2000,PANDA-compiled,1,9.232313900021836,63.2890625,77.46484375,64.47265625,14.17578125,599,1.6489737001247704,1.642023,0.005234,64.03515625,64.828125,64.828125,0.79296875,4,0.9999920734494793,1124.984188914094,0.00040666889460561306,4078,0.0007207755774480143,True,"[9.779458539174901e-05, 0.006004715096105184, -15.842170900073672]","[nan, nan, nan]",nan,0.0006712043710561266,17
2000,PANDA-compiled,2,9.232313900021836,63.2890625,77.46484375,64.47265625,14.17578125,599,2.1827719998545945,2.17654,0.004576,64.75,64.94921875,64.94921875,0.19921875,4,0.9999920738706554,1124.9841406698288,0.0003895919132781656,5947,0.0004438794622393815,True,"[9.796820383963393e-05, 0.006036599415681135, -15.843168722434672]","[nan, nan, nan]",nan,0.0006712881257603127,17
2000,PANDA-compiled,3,9.232313900021836,63.2890625,77.46484375,64.47265625,14.17578125,599,1.9530371997971088,1.947087,0.004587,64.92578125,64.94921875,64.94921875,0.0234375,4,0.9999920721537607,1124.9841536897786,0.0002774332034230036,5183,0.00039625677561975624,True,"[9.75440333963264e-05, 0.006065634856065661, -15.842822429458508]","[nan, nan, nan]",nan,0.0006712649719571288,17
