inner_tolerance,initial_penalty,success,forward_time_ms,backward_time_ms,outer_iterations,inner_iterations_sum,final_residual,geometric_violation,final_distance,imitation_loss
0.0003,1500.0,False,25.51055997610092,2.6032600551843643,4,672,0.0,0.0,2.031845179714231,44.70982978981621
0.0003,2000.0,True,100.57733990252018,3.0440800823271275,5,3355,3.131146880122615e-05,0.0,0.12403393027802588,1.8570372757190214
0.0003,2500.0,True,75.50677992403507,3.4149600192904472,4,2970,6.167625687696077e-05,0.0,0.12399991069956612,1.8555585190426553
0.0003,3000.0,True,83.74226009473205,3.1154800206422806,4,3037,3.044928713669126e-05,0.0,0.12402104417087788,1.8565727625985033
0.0003,4000.0,True,89.8383199237287,3.0665398575365543,4,3169,1.0623235711090806e-05,0.0,0.12403376827591711,1.8573107490078016
0.0003,5000.0,True,100.80570001155138,3.3981598913669586,4,3457,2.4366171989545493e-05,0.0,0.12402894742009954,1.8574375109243433
0.0003,7000.0,True,76.65774011984468,2.91788000613451,4,2842,5.0164375805392125e-05,0.0,0.1240116752447868,1.8569998016749583
0.0003,10000.0,True,104.06515998765826,3.034679964184761,4,3504,1.3930807119366673e-05,0.0,0.12403464806738435,1.8576569249589905
0.001,1500.0,False,24.936920031905174,2.3521200753748417,4,674,0.0,0.0,2.031845114068604,44.70981402135928
0.001,2000.0,True,94.88115990534425,2.84468000754714,5,3101,2.4160118524824137e-05,0.0,0.12403482412679391,1.8560505193304562
0.001,2500.0,True,70.1855200342834,2.8150800615549088,4,2675,6.077875087241724e-05,0.0,0.12399917069407124,1.8554214091696064
0.001,3000.0,True,76.94653999060392,3.014979977160692,4,2653,3.005532314540038e-05,0.0,0.12401996824516846,1.8563863192479566
0.001,4000.0,True,86.10985996201634,2.7625401504337788,4,2933,1.1268995419450034e-05,0.0,0.12403581836225047,1.857659995786947
0.001,5000.0,True,76.65738007053733,2.8682400472462177,4,2740,2.6034032786892425e-05,0.0,0.1240275154569853,1.858109661057965
0.001,7000.0,True,73.35748011246324,3.003139980137348,4,2709,5.2270777110369204e-05,0.0,0.1240104293107289,1.8568443350849795
0.001,10000.0,True,106.37199999764562,2.95286001637578,4,3175,1.485025230618664e-05,0.0,0.1240350106789595,1.8576855179741103
0.003,1500.0,False,21.438799984753132,2.381560020148754,4,565,0.0,0.0,1.8217811132596202,42.746099967092036
0.003,2000.0,True,83.03405996412039,2.8071800246834755,5,2830,4.113874254989269e-05,0.0,0.12403029378911637,1.8560332377071438
0.003,2500.0,True,80.12155992910266,2.865239977836609,4,2561,5.8927262667388125e-05,0.0,0.1240024227793515,1.8557281288379477
0.003,3000.0,True,73.99943983182311,3.217220026999712,4,2805,4.588525929660747e-05,0.0,0.1240227572503681,1.8584434181955083
0.003,4000.0,True,79.57643987610936,3.057959955185652,4,2719,1.0723742021712113e-05,0.0,0.12403457695263445,1.8581177663217794
0.003,5000.0,True,67.420220002532,3.4247998148202896,4,2577,3.073677483567128e-05,0.0,0.1240275746694198,1.8584560654195987
0.003,7000.0,True,258.13432009890676,2.8152000159025192,7,7171,6.626732613373987e-05,0.0,0.36436463008906533,4.418063640726622
0.003,10000.0,True,380.0482000224292,2.8366999700665474,8,9849,4.103786848792812e-05,0.0,0.12403516448391161,1.8546447631570435
0.01,1500.0,False,22.601359989494085,2.4824400432407856,4,531,0.0,0.0,1.8217799220145374,42.74609978263596
0.01,2000.0,True,70.84945999085903,2.9308000579476357,5,2566,1.5044430612842774e-05,0.0,0.1240315267903605,1.8550692040382821
0.01,2500.0,True,60.70929989218712,3.0958599410951138,4,2017,6.505960302906344e-05,0.0,0.12399168182120449,1.8659286069550047
0.01,3000.0,True,64.40160004422069,3.0525400303304195,4,2122,3.97261869515414e-05,0.0,0.12403853218737679,1.8582275152714303
0.01,4000.0,True,71.32734004408121,3.1803399324417114,4,2490,5.4127827543715146e-05,0.0,0.12405208446749087,1.867334508679497
0.01,5000.0,True,76.45960003137589,2.8477000072598457,4,2706,1.0829757652611183e-05,0.0,0.12404137400241871,1.8680525774732366
0.01,7000.0,True,72.7958201430738,2.8043399564921856,4,2530,5.470176824649842e-05,0.0,0.1240106450569513,1.8611214715427122
0.01,10000.0,True,99.56932011991739,2.7574999257922173,4,3151,3.5773376398318124e-05,0.0,0.12406641045671156,1.8662906398203805
