epoch,loss,margin_left,margin_right,margin_bottom,margin_top,forward_time_sec,backward_time_sec,outer_iterations,inner_iterations_sum,backward_iterations,final_residual,constraint_max,grad_norm
0,0.66320230159468663,0.14999999999999999,0.14999999999999999,0.16,0.22,0.055884107000110816,0.00180707799972879,7,1213,10,5.7999205405817936e-05,5.7999205405817936e-05,6.4233949078134343
1,0.65617947501415119,0.14972989522585517,0.14987774831022682,0.15904496181472583,0.22,0.056248306000270532,0.0015818569995644793,7,1332,10,5.7826517683892077e-05,5.7826517683892077e-05,6.3613741420800567
2,0.650055530391632,0.14946032409253504,0.14975529366960405,0.15808979886262264,0.22,0.053400503999910143,0.001496607000262884,7,1303,10,5.7659645847304075e-05,5.7659645847304075e-05,6.297133006626777
3,0.64315859302206801,0.14919157791997015,0.14963260167052889,0.15713443392287729,0.22,0.052440130999912071,0.0014618870000049355,7,1261,10,5.7490223174273034e-05,5.7490223174273034e-05,6.2313957407897949
4,0.63667019429202054,0.14892356724205227,0.14950967359833991,0.15617889273298022,0.22,0.048391982999874017,0.0015436799999406503,7,1192,10,5.7320199487018057e-05,5.7320199487018057e-05,6.1649156248805248
5,0.63002060048706499,0.14865634488954244,0.14938650424690719,0.15522316184764337,0.22,0.05808050399991771,0.0015141430003495771,7,1293,10,5.7144841532717941e-05,5.7144841532717941e-05,6.0948702063530842
6,0.62343869389119089,0.14838983696208616,0.14926310096162732,0.15426726166782065,0.22,0.053111441000055493,0.0014146220000839094,7,1236,10,5.6976609035603624e-05,5.6976609035603624e-05,6.0233115978152139
7,0.6173069691621953,0.14812406760024652,0.14913944819680253,0.15331118811413424,0.22,0.05494610300002023,0.0015102399997886096,7,1279,10,5.6801910537642322e-05,5.6801910537642322e-05,5.9517009095154263
8,0.61092403449620325,0.14785891515179031,0.14901555995707153,0.15235497376414048,0.22,0.054150662999745691,0.0014029730000402196,7,1274,10,5.6621834271771226e-05,5.6621834271771226e-05,5.8789683108163127
9,0.60502444918005116,0.14759446093505207,0.14889142709693853,0.15139859779189704,0.22,0.055687334000140254,0.0015589129998261342,7,1415,10,5.6450620805808747e-05,5.6450620805808747e-05,5.8073403646981783
10,0.5987443361421847,0.14733086984345331,0.1487670155980198,0.15044201976822799,0.22,0.05741444200020851,0.0013869730000806157,7,1325,10,5.6279054781960727e-05,5.6279054781960727e-05,5.7286632910619497
11,0.59247971922004061,0.14706794073480708,0.14864233550460029,0.14948529454219317,0.22,0.052743336999810708,0.0015198400001281698,7,1446,10,5.611162980613457e-05,5.611162980613457e-05,5.6534594038372985
12,0.5869951830576936,0.14680564534692064,0.14851738969986628,0.14852843004009642,0.22,0.053340470000421192,0.0013423959999272483,7,1244,10,5.594676892126128e-05,5.594676892126128e-05,5.5768674526401414
13,0.58099906379710431,0.14654434143420914,0.1483921243196003,0.14757133607934414,0.22,0.057004225000127917,0.0014894070000082138,7,1291,10,5.5781106303361323e-05,5.5781106303361323e-05,5.4966208479702514
14,0.57500660640026369,0.14628386423320791,0.14826655198013933,0.1466140570106704,0.22,0.049713769999925717,0.0013433240001177182,7,1321,10,5.5609233835569881e-05,5.5609233835569881e-05,5.4147802750584866
15,0.56958445566904192,0.14602405138367172,0.14814070359791628,0.14565663366235068,0.22,0.05406253299997843,0.0014422379999814439,7,1367,10,5.5436950324620418e-05,5.5436950324620418e-05,5.3348369012596084
16,0.56367838699765993,0.14576514165935531,0.14801453701265915,0.14469900756234141,0.22,0.055350303000068379,0.0015230709996103542,7,1345,10,5.5273031815438634e-05,5.5273031815438634e-05,5.2505254751858415
17,0.55813603917103072,0.14550693348110888,0.14788807107769308,0.14374123154260621,0.22,0.059161966999909055,0.0014034529999662482,7,1465,10,5.5110531888262742e-05,5.5110531888262742e-05,5.1658077867990624
18,0.55248027309341807,0.14524977351659954,0.14776124070680008,0.14278322172549957,0.22,0.054809939999813651,0.0015256960000442632,7,1434,10,5.4924347315915365e-05,5.4924347315915365e-05,5.078050864748616
19,0.54736501527547099,0.14499319261955881,0.14763414254176765,0.14182509214150835,0.22,0.054009315999792307,0.0013613400001304399,7,1290,10,5.4752596595233461e-05,5.4752596595233461e-05,4.9942088378136447
20,0.54185914420362735,0.14473739471795649,0.14750673360369021,0.14086679448627076,0.22,0.052975437999975838,0.0015045750001263514,7,1295,10,5.4582284404629303e-05,5.4582284404629303e-05,4.9040507262380508
21,0.5371418528663896,0.14448236298110018,0.14737900388705874,0.13990833534124408,0.22,0.054447147999781009,0.0015646080000806251,7,1340,10,5.4412308294891305e-05,5.4412308294891305e-05,4.8171313378724685
22,0.53233211409239622,0.14422870946979216,0.14725085364714366,0.13894956664535815,0.22,0.055503043000044272,0.0012261370002306649,7,1338,10,5.4231823136313311e-05,5.4231823136313311e-05,4.7317716976503084
23,0.52693113397298807,0.14397578639731129,0.14712239228141316,0.13799064662944363,0.22,0.055082970000057685,0.0014823989999968035,7,1384,10,5.4059130802960279e-05,5.4059130802960279e-05,4.6379390607063158
24,0.52247812302302676,0.14372354118932892,0.14699361069114331,0.1370315910225795,0.22,0.053445367999756854,0.001441821999833337,7,1419,10,5.3886489074247659e-05,5.3886489074247659e-05,4.5493799291735533
25,0.51723052537878655,0.14347259641998725,0.1468644111348574,0.13607225052129981,0.22,0.064948390999688854,0.0014980790001573041,7,1484,10,5.3717213792140134e-05,5.3717213792140134e-05,4.4501599564973615
26,0.51269564784603894,0.14322249272994295,0.14673484869967005,0.13511273933344708,0.22,0.050705918999938149,0.0012807630000679637,7,1333,10,5.3538908218366475e-05,5.3538908218366475e-05,4.3573052134292958
27,0.50834004452243908,0.14297339740562656,0.14660491517760746,0.13415301604038385,0.22,0.054074916999979905,0.0015136629999688012,7,1303,10,5.3365428235162732e-05,5.3365428235162732e-05,4.2647464517337079
28,0.50377830112687039,0.14272566685934018,0.14647451810669646,0.13319300240488982,0.22,0.051101127000038105,0.0012005050002699136,7,1298,10,5.3182170089257179e-05,5.3182170089257179e-05,4.1700162092603517
29,0.49951572302740366,0.14247860813771893,0.14634379988026158,0.13223285932526649,0.22,0.04852756899981614,0.0014722870000696275,7,1235,10,5.3007898719003394e-05,5.3007898719003394e-05,4.0723957670843918
30,0.49557097703608971,0.14223270864178852,0.14621266034954425,0.13127247614060297,0.22,0.056728668000232574,0.001481214999785152,7,1373,10,5.2824533771172587e-05,5.2824533771172587e-05,3.9774394034296572
31,0.4910381704862109,0.14198790383020968,0.14608111007821159,0.13031186949356155,0.22,0.062965916999928595,0.0013163159997020557,7,1507,10,5.2647790653008708e-05,5.2647790653008708e-05,3.8750454475855576
32,0.48683967793321153,0.14174401122519728,0.14594916760162138,0.12935108461644726,0.22,0.04983815700006744,0.0014844779998384183,7,1313,10,5.2470133939239613e-05,5.2470133939239613e-05,3.7724263882089488
33,0.48481632967133481,0.14150121837757515,0.14581680321752555,0.12839007925591775,0.22,0.057986645999790198,0.0012298490000830498,7,1449,10,5.2445361077828719e-05,5.2445361077828719e-05,3.6272094111408433
34,0.48076707826273302,0.14127714694425378,0.14568038110043782,0.12742510205476809,0.22,0.052029754000159301,0.0014808309997533797,7,1405,10,5.2261153728195775e-05,5.2261153728195775e-05,3.5253418240912948
35,0.47682077799566758,0.14105472387178114,0.14554331513931265,0.12645983478652956,0.22,0.052787593000175548,0.0015129600001273502,7,1378,10,5.206765391326648e-05,5.206765391326648e-05,3.4227089605966485
36,0.47343491067475202,0.14083412029490147,0.14540556706077731,0.12549424712674526,0.22,0.050169810999705078,0.0015057599998726801,7,1332,10,5.1896834456771272e-05,5.1896834456771272e-05,3.3201209676417043
37,0.46978500272905305,0.14061573465452937,0.14526703285141601,0.12452826783870855,0.22,0.053336085000410094,0.0012747789996865322,7,1302,10,5.1713990353024399e-05,5.1713990353024399e-05,3.2168949468299104
38,0.46685798445788151,0.14039930637598458,0.14512775871606598,0.12356195447573118,0.22,0.050515897999957815,0.0015012789999673259,7,1359,10,5.1533196586813718e-05,5.1533196586813718e-05,3.1227490490320498
39,0.46353223751427319,0.14018506638881456,0.14498766656582349,0.12259527178873517,0.22,0.050728062999951362,0.0012583939997057314,7,1307,10,5.1355597597240382e-05,5.1355597597240382e-05,3.0160518429521548
40,0.46036934406310887,0.13997304949563386,0.14484675502798305,0.12162821813173912,0.22,0.055612292999740021,0.0014662059998045152,7,1353,10,5.117617787612242e-05,5.117617787612242e-05,2.9077626425853826
41,0.45735592472924724,0.13976384220439148,0.14470483965499281,0.12066069948271985,0.22,0.052702183999826957,0.0012591620002240234,7,1333,10,5.0990090091157771e-05,5.0990090091157771e-05,2.8106171101838391
42,0.45362161047214999,0.13955655221332464,0.14456216059794594,0.11969288051913021,0.22,0.045150826999815763,0.0016008010002224182,7,1113,11,5.0845320706742221e-05,5.0845320706742221e-05,3.7248446647824212
43,0.44956313004060405,0.13932197614565753,0.14442440555284045,0.11873059281993323,0.22,0.043738733000282082,0.0017550769998706528,7,1124,13,5.0691172459261972e-05,5.0691172459261972e-05,4.3435710000497174
44,0.44599987022147386,0.13910591487348969,0.14428144662038547,0.11776473554771308,0.22,0.046256033999725332,0.0017307240000263846,7,1205,13,5.0533556405647534e-05,5.0533556405647534e-05,4.2857849700340198
45,0.44143376251379551,0.13889031643824937,0.14413797399722245,0.11679885101987103,0.22,0.052004312999997637,0.0016980830000647984,7,1261,13,5.0384201186388537e-05,5.0384201186388537e-05,4.2129845227772575
46,0.43728234535215166,0.13867566763886296,0.14399382222366794,0.11583285611351642,0.22,0.055588164000255347,0.0017299239998465055,7,1459,13,5.0237759617361864e-05,5.0237759617361864e-05,4.1478433648465751
47,0.43309025496390852,0.1384618501400553,0.14384904186673778,0.11486677085565829,0.22,0.046659210000143503,0.0017459880000387784,7,1225,13,5.0086925607977527e-05,5.0086925607977527e-05,4.0812759144526707
48,0.42884613956410056,0.13824875781039817,0.14370365063088777,0.11390061711655705,0.22,0.051260746000025392,0.0015429760001097748,7,1306,13,4.9930173735148695e-05,4.9930173735148695e-05,4.0201581424333952
49,0.42434389137037215,0.138036278341157,0.14355767275506559,0.11293441686043959,0.22,0.050900546000320901,0.0017170279998026672,7,1208,13,4.9765923575932457e-05,4.9765923575932457e-05,3.9526090551782822
50,0.42030027233014772,0.13782419215243849,0.14341115242268368,0.11196821230613778,0.22,0.051774611999917397,0.0013953250004306028,7,1407,12,4.9617262913358134e-05,4.9617262913358134e-05,3.8846474864854592
51,0.41596381172061248,0.13761307435769859,0.14326393051129191,0.11100190232194518,0.22,0.048872440000195638,0.0016314260001308867,7,1287,12,4.9473221633330916e-05,4.9473221633330916e-05,3.819452103400466
52,0.41184091671870876,0.13740286037936261,0.14311601852777497,0.11003550068264388,0.22,0.053851775000111957,0.001710884000203805,7,1363,13,4.9307883538507474e-05,4.9307883538507474e-05,3.7502671935362559
53,0.40800216427300701,0.13719310270927737,0.1429675230255906,0.1090690893801068,0.22,0.051954967999790824,0.0017218600000887818,7,1216,13,4.9160670653521247e-05,4.9160670653521247e-05,3.6758912287648009
54,0.40435026071512281,0.13698452535844466,0.14281822428500132,0.10810254637807426,0.22,0.042475890999867261,0.0015733440000076371,7,1149,13,4.8995742552142666e-05,4.8995742552142666e-05,3.6118199962578967
55,0.40035043841573625,0.1367763079606801,0.14266835794725191,0.10713601360776705,0.22,0.048706933000175923,0.0017702130003272032,7,1279,13,4.8853790928096273e-05,4.8853790928096273e-05,3.538450760504479
56,0.39591839047204008,0.13656895315795817,0.14251777397425786,0.10616940693860659,0.22,0.049158045999774913,0.0014508139997815306,7,1339,13,4.8696157034369011e-05,4.8696157034369011e-05,3.4706805494391948
57,0.39296413951759862,0.13636226175162205,0.14236650727613609,0.10520276478734991,0.22,0.048348621000059211,0.0017575720003151218,7,1300,13,4.8547817047968143e-05,4.8547817047968143e-05,3.4002133351702639
58,0.38920851999212108,0.13615647747075998,0.14221445331437343,0.10423605261588295,0.22,0.050524762000350165,0.0017288359999838576,7,1276,13,4.8391873864183622e-05,4.8391873864183622e-05,3.326717119801069
59,0.38619081623991297,0.13595131575188865,0.14206170392619147,0.10326931775382418,0.22,0.050805375999971147,0.0017084189998968213,7,1294,13,4.8231636524860889e-05,4.8231636524860889e-05,3.2510406006114723
60,0.38218037982930086,0.13574694377692645,0.14190820665870654,0.10230253407340507,0.22,0.04814029599992864,0.0014934710002307838,7,1311,13,4.8087132878284143e-05,4.8087132878284143e-05,3.1766905407810677
61,0.37930062033386941,0.1355439068778449,0.14175376229788492,0.10133561993191073,0.22,0.047382137000113289,0.0017271399997298431,7,1267,13,4.792460857164851e-05,4.792460857164851e-05,3.1073590551873984
62,0.37591790335403896,0.13534121441635932,0.14159869774450645,0.10036873278733674,0.22,0.049464356000044063,0.001490943000135303,7,1278,13,4.7770947291770842e-05,4.7770947291770842e-05,3.0267718359965037
63,0.37253046813043977,0.13513880459993963,0.14144300416362462,0.09940188751787056,0.22,0.04696388799993656,0.0017082599997593206,7,1241,13,4.7614389587314017e-05,4.7614389587314017e-05,2.9611070231542889
64,0.36940998091846894,0.134937910876025,0.14128630122344013,0.098434889120648905,0.22,0.047548989000006259,0.0017091230001824442,7,1164,13,4.7451886732628721e-05,4.7451886732628721e-05,2.8929310124181997
65,0.36707097343730405,0.13473760840318236,0.14112887090997547,0.097467886216943064,0.22,0.051784148000024288,0.0019933849998778896,7,1383,13,4.7293722180689432e-05,4.7293722180689432e-05,2.8155801582513496
66,0.36370599366148232,0.13453797836857573,0.14097065211228821,0.096500872948501862,0.22,0.056811131999893405,0.0014736630000697915,7,1367,13,4.7141532628178719e-05,4.7141532628178719e-05,2.7314427971916588
67,0.36075433006356877,0.13433982415750093,0.14081135736985301,0.095533732786133543,0.22,0.052603108999846881,0.0017325160001746553,7,1303,13,4.6977525849934574e-05,4.6977525849934574e-05,2.6548908934336892
68,0.35778943533323931,0.13414223923061547,0.14065131747694426,0.09456659917109092,0.22,0.047138642999925651,0.0014159980000840733,7,1231,13,4.6831672915097863e-05,4.6831672915097863e-05,2.5783618329152467
69,0.3553701314255942,0.13394657750166303,0.14049002041954961,0.093599283427861668,0.22,0.048514223999973183,0.0018952400000671332,7,1287,13,4.6666940504702672e-05,4.6666940504702672e-05,2.5038915256383318
70,0.35224347200725736,0.13375127447467172,0.14032802825759513,0.092632011352841742,0.22,0.049802795000232436,0.0017576360000930435,7,1270,13,4.6503232280194494e-05,4.6503232280194494e-05,2.427199185488798
71,0.35011698206781683,0.13355685384260596,0.14016515809916291,0.091664708954767901,0.22,0.057617230000232666,0.0016720019998501812,7,1476,13,4.6345106490723382e-05,4.6345106490723382e-05,2.3432470447351603
72,0.34749385077561828,0.13336406369078044,0.140001069246943,0.090697286189925022,0.22,0.052641574000062974,0.0014681269999528013,7,1294,13,4.6181371496189094e-05,4.6181371496189094e-05,2.2609933599799934
73,0.34532098720978116,0.13317198570989822,0.13983607587972105,0.089729875605926185,0.22,0.050697342000148637,0.0017351399997096451,7,1283,13,4.6022788865600502e-05,4.6022788865600502e-05,2.1877740951039124
74,0.34328888694795923,0.13298149902575937,0.13966987572345979,0.088762356959478206,0.22,0.052926828000181558,0.0014676470000267727,7,1246,13,4.5861303476688793e-05,4.5861303476688793e-05,2.1055806177519329
75,0.34073920174560451,0.13279250439494877,0.13950249368693826,0.087794749454663021,0.22,0.049270976000116207,0.0017244840000785189,7,1218,13,4.569274728517197e-05,4.569274728517197e-05,2.0272310647243126
76,0.33866338242043376,0.13260425282047916,0.13933416769500623,0.086827160851407584,0.22,0.053452726000159601,0.0017282920002799074,7,1393,13,4.5532771897833111e-05,4.5532771897833111e-05,1.943022672958681
77,0.33682512286512656,0.13241786452526325,0.13916445751123804,0.08585945332486257,0.22,0.054637199999888253,0.0017088669997065153,7,1257,13,4.5362004825468513e-05,4.5362004825468513e-05,1.8717692550911114
78,0.33493815319021891,0.13223249076112681,0.13899369582732943,0.084891735899743762,0.22,0.05356962600035331,0.0015267190001395647,7,1364,13,4.5202264987250708e-05,4.5202264987250708e-05,1.7894914275365534
79,0.33273321459742944,0.13204906230543142,0.13882147862295002,0.083923905730676401,0.22,0.047840065999935177,0.0017105959996115416,7,1239,13,4.5036839933674161e-05,4.5036839933674161e-05,1.7088301720612697
80,0.33078750759693631,0.13186730572067881,0.1386478955034908,0.082956004163089153,0.22,0.053324980000070354,0.0014467179998973734,7,1394,13,4.4868117782133322e-05,4.4868117782133322e-05,1.6195535135858681
81,0.3294500357130643,0.13168731167225323,0.13847284708468435,0.081988037121499033,0.22,0.054759921999902872,0.0016262740000456688,7,1328,13,4.4701334991786261e-05,4.4701334991786261e-05,1.5488433881095376
82,0.32714457963724436,0.13150919275878137,0.13829632520288285,0.081019990801373357,0.22,0.054676495999956387,0.0017364839995934744,7,1417,13,4.4537498810469957e-05,4.4537498810469957e-05,3.1566651071112859
83,0.32213526050745028,0.13138629413734429,0.13810050434111171,0.080047082728149546,0.22,0.052880299000207742,0.0018061170003420557,7,1366,14,4.4413414307712774e-05,4.4413414307712774e-05,5.375483874167899
84,0.31636696208580117,0.1311292317849598,0.13796305568565587,0.07909051238881222,0.22,0.047695198000383243,0.0016888039999685134,7,1315,14,4.4305908070266418e-05,4.4305908070266418e-05,5.3386425183866484
85,0.31576892233187059,0.13111636884908176,0.13795616681696088,0.0790426888760941,0.22,0.04673137100007807,0.0018165500000577595,7,1292,14,4.4294187388447268e-05,4.4294187388447268e-05,5.3355142403694158
86,0.32663947145141031,0.13110349920671491,0.13794927963858142,0.078994866924238086,0.22,0.046765866999976424,0.0017253480000363197,7,1283,13,4.074378187629886e-05,4.074378187629886e-05,4.6322545513358797
87,0.32121627942558589,0.13083800547804186,0.13783866560825392,0.078037120811570437,0.22,0.050967907000085688,0.0017424999996364932,7,1255,13,4.0643044575902252e-05,4.0643044575902252e-05,4.5864481883649297
88,0.31646532979114167,0.13057175422012346,0.13772805070840377,0.07707958511427869,0.22,0.053811260999736987,0.0014211819998308783,7,1397,13,4.0529061847457261e-05,4.0529061847457261e-05,4.5358012756444532
89,0.31224611741394026,0.13030473672174336,0.1376174755262633,0.076122258218880134,0.22,0.047950084000149218,0.001746915999774501,7,1296,13,4.0420570099698707e-05,4.0420570099698707e-05,4.4859951927716581
90,0.30655173533027436,0.13003680635676959,0.13750695593956147,0.075165179987761968,0.22,0.053299538999908691,0.0017385959999955958,7,1294,13,4.0320769602670329e-05,4.0320769602670329e-05,4.4373833893500558
91,0.30185634769303188,0.12976833037451352,0.13739639977430754,0.074208258893169537,0.22,0.050438360000043758,0.0017361000000164495,7,1304,13,4.0207498364042359e-05,4.0207498364042359e-05,4.3787257928791634
92,0.29742326119832679,0.12949825665736206,0.13728603653940613,0.073251765221634749,0.22,0.051122245999977167,0.0016973480001070129,7,1243,13,4.0100872032122428e-05,4.0100872032122428e-05,4.3278081155642498
93,0.29272594172335697,0.12922738452486296,0.13717569588002654,0.072295494743828875,0.22,0.049334336999891093,0.001480478999837942,7,1248,13,3.9983528593229456e-05,3.9983528593229456e-05,4.2744914232756308
94,0.28794243431736039,0.12895572104305544,0.13706542118888362,0.071339441165233219,0.22,0.048903895999956148,0.0016775710000729305,7,1259,13,3.9882310271777707e-05,3.9882310271777707e-05,4.2163349331134929
95,0.27765807254508523,0.12868266038287246,0.13695527555018849,0.070383770817185914,0.22,0.048126439999577997,0.0017439719999856607,7,1197,13,3.9855053391224578e-05,3.9855053391224578e-05,4.2528864601558309
96,0.27258317561634821,0.1284256466520749,0.13683961959502292,0.069424308654192357,0.22,0.049861291000070196,0.0016977000000224507,7,1333,13,3.9744922943624315e-05,3.9744922943624315e-05,4.1943763804081327
97,0.092028402607233259,0.12816773570072768,0.13672391529274311,0.068465093112403591,0.22,0.040141282000149658,0.0016847709998728533,6,1135,14,9.9807834452037648e-05,9.9807834452037648e-05,2.720826073646903
98,0.088460723218275764,0.12793332568665811,0.13642693942810011,0.067539427254156972,0.22,0.038812037999832683,0.0016045140000642277,6,1055,14,9.9536263712043688e-05,9.9536263712043688e-05,2.6564824970690077
99,0.085991029501669827,0.12769899223250972,0.13612867682070892,0.06661415580787805,0.22,0.041561440000350558,0.0017558439999447728,6,1028,14,9.9287624715049304e-05,9.9287624715049304e-05,2.6032826287222299
100,0.082853239422370883,0.12746558230151428,0.13582879199533998,0.065689175323961693,0.22,0.041432828999859339,0.0015503039999202883,6,1139,14,9.9028171535917606e-05,9.9028171535917606e-05,2.5376622012775836
101,0.080403589800023281,0.1272328687576364,0.13552736072756072,0.064764522093122806,0.22,0.041147062999698392,0.0017890609997266438,6,1075,14,9.8767445066942744e-05,9.8767445066942744e-05,2.4866386496646808
102,0.077784516621186239,0.12700058558084737,0.13522447351407135,0.06384023649781935,0.22,0.04080292799972085,0.0018497979999665404,6,1004,14,9.8517556643282011e-05,9.8517556643282011e-05,2.4275241332712345
103,0.075180885322233978,0.12676913571274931,0.13491996342910378,0.062916275153005394,0.22,0.037504395000269142,0.0015935689998514135,6,950,15,9.8234295955779545e-05,9.8234295955779545e-05,2.373021358509539
104,0.072465019155443761,0.12653796698652772,0.13461403267813951,0.061992712813132483,0.22,0.036666329000127007,0.001812294000046677,6,970,14,9.798066868942628e-05,9.798066868942628e-05,2.3023981718791697
105,0.069543091102278506,0.12630792223022777,0.13430635337352462,0.061069450740040235,0.22,0.038655202999962057,0.0016650259999551054,6,1080,15,9.7703874088467401e-05,9.7703874088467401e-05,2.2404177476611582
106,0.067691394940777291,0.12607755727814976,0.13399745832741666,0.060146674581189101,0.22,0.034875573000135773,0.0018388220000815636,6,951,15,9.7432406906324849e-05,9.7432406906324849e-05,2.1851315720557003
107,0.06496225050510257,0.12584860517738752,0.13368668318728225,0.059224178105406672,0.22,0.039710424000077182,0.0016531549999854178,6,1040,15,9.717256382674675e-05,9.717256382674675e-05,2.1140233124652408
108,0.062902603332914281,0.12562068376456789,0.13337413442453341,0.058302025677397895,0.22,0.03650891799998135,0.0016031059999477293,6,1029,15,9.6918436313068014e-05,9.6918436313068014e-05,2.0564337359949434
109,0.060663156081134109,0.12539375790627105,0.13305983459963755,0.057380222946382918,0.22,0.041355162999934691,0.001899687000332051,6,1104,15,9.663401020943117e-05,9.663401020943117e-05,1.9929335127658268
110,0.058270475429057819,0.12516775088928431,0.13274375585525081,0.056458802816572611,0.22,0.043063007000000653,0.0015450880000571487,6,1001,14,9.6373730856295399e-05,9.6373730856295399e-05,1.9071103664903355
111,0.056239799567035974,0.1249438405852881,0.13242543892325384,0.055537641317937127,0.22,0.040142561999800819,0.0017596210000192514,6,1000,14,9.6108537898235592e-05,9.6108537898235592e-05,1.8545123780446453
112,0.054443086760961379,0.12472024696764553,0.13210562372609722,0.054616921961228915,0.22,0.034254855000199314,0.0015437120000569848,6,904,14,9.5831961873007456e-05,9.5831961873007456e-05,1.7907886539794535
113,0.052549865179536151,0.12449811101988092,0.13178380719206761,0.053696547179340637,0.22,0.037341607000143995,0.0015435840000463941,6,926,14,9.5537034401024242e-05,9.5537034401024242e-05,1.728477659252063
114,0.050597010720896757,0.1242771522883821,0.13146007314710989,0.052776561577763233,0.22,0.033724284000072657,0.0017795889998524217,6,953,14,9.5265212780511706e-05,9.5265212780511706e-05,1.6534852656230485
115,0.048363465975651374,0.12405838423010196,0.13113401986801382,0.051856871523523744,0.22,0.034698063999712758,0.0015232000000651169,6,994,14,9.4997071887427948e-05,9.4997071887427948e-05,1.5715713870487906
116,0.046941273496206033,0.12384105460287105,0.13080584680360471,0.050937594485344281,0.22,0.039707255999928748,0.0015258560001711885,6,1086,14,9.4701396433472367e-05,9.4701396433472367e-05,1.5187399366497483
117,0.044791290301874065,0.12362511347368278,0.13047567638042859,0.050018705525575691,0.22,0.040844944000127725,0.0018793670001286955,6,1026,15,9.4496699989860629e-05,9.4496699989860629e-05,2.0450151108044436
118,0.042694943981450899,0.12334998791722354,0.13018227445069092,0.049103161296273137,0.22,0.039176558000235673,0.0016767069996603823,6,965,15,9.4308317425443846e-05,9.4308317425443846e-05,1.994011059608406
119,0.040586371651436269,0.1230734722237487,0.12988834155305229,0.048188206366810545,0.22,0.034116803999950207,0.0018636549998518603,6,905,15,9.4163283998902926e-05,9.4163283998902926e-05,1.9428224954999949
120,0.038495833311418572,0.12279575899083742,0.12959365590228206,0.047273856473445813,0.22,0.034488171999782935,0.001641441999709059,6,956,15,9.399540121576509e-05,9.399540121576509e-05,1.8906617747962664
121,0.036416698031826587,0.12251702040082767,0.12929807574405641,0.046360107509833444,0.22,0.034140900999773294,0.001615010000023176,6,915,15,9.3819270487558517e-05,9.3819270487558517e-05,1.8354438477998045
122,0.034362191973281178,0.1222366450125323,0.12900218178310335,0.045446961078252107,0.22,0.038842342999942048,0.0018510459999561135,6,1050,15,9.3647345644415399e-05,9.3647345644415399e-05,1.7770005515858616
123,0.032492857885389526,0.12195481182016923,0.12870575837673082,0.044534435343909808,0.22,0.038307803999941825,0.0016821789999994508,6,1028,15,9.3498019164730287e-05,9.3498019164730287e-05,1.7247114366460521
124,0.030547603719941627,0.12167203366351086,0.12840843749347999,0.043622494114169734,0.22,0.037812784999914584,0.0015902089999144664,6,994,15,9.3298257593730716e-05,9.3298257593730716e-05,1.6646879633007561
125,0.02898113812988147,0.1213875314359084,0.12811078136750886,0.04271119871027422,0.22,0.037822545999915747,0.0018838790001609595,6,1050,15,9.3112418824084029e-05,9.3112418824084029e-05,1.6194039126621749
126,0.027123286871035233,0.12110244344832534,0.12781209057581641,0.041800425055465308,0.22,0.036029291999966517,0.001641217999804212,6,971,15,9.2920497281394392e-05,9.2920497281394392e-05,1.5491295065402204
127,0.02538402218277893,0.12081533818964262,0.12751324266197625,0.040890336875765057,0.22,0.036841692999587394,0.0018274939998264017,6,1027,15,9.2760658697623721e-05,9.2760658697623721e-05,1.494899873445853
128,0.024025981848402211,0.12052688578698692,0.12721377913553214,0.039980877251739995,0.22,0.036737050999818166,0.0015608640001119056,6,932,15,9.2557862110923613e-05,9.2557862110923613e-05,1.4449395451239735
129,0.022379193072542838,0.12023779855015958,0.12691338047787715,0.039071927739400276,0.22,0.038826085999971838,0.0015631679998477921,6,1031,15,9.2368925960326786e-05,9.2368925960326786e-05,1.3741914837165634
130,0.020840695070855335,0.11994710007795102,0.12661272544228083,0.03816357706492142,0.22,0.039751321999574429,0.0018250299999635899,6,1057,15,9.2176558664193553e-05,9.2176558664193553e-05,1.3142972480181232
131,0.019608953888089871,0.11965468751086734,0.12631174564504624,0.03725588435685985,0.22,0.040435366999645339,0.0015332160000980366,6,1046,14,9.1995007981970095e-05,9.1995007981970095e-05,1.2534512940637617
132,0.018184273086768475,0.11936138870287386,0.1260100584394056,0.036348712576444293,0.22,0.038201080999897385,0.0017498930001238477,6,1090,14,9.179137263650278e-05,9.179137263650278e-05,1.185307058320594
133,0.016887240048187556,0.11906658990633534,0.12570797891611357,0.035442157762234416,0.22,0.038040406000163784,0.0016728340001463948,6,1010,16,9.1585281331596499e-05,9.1585281331596499e-05,1.3720802428779542
134,0.015740700570730747,0.11877344374068602,0.12540146390959958,0.03453655637290972,0.22,0.042675445999975636,0.0014741749996574072,6,1146,14,9.1407302079616354e-05,9.1407302079616354e-05,1.060009759353401
135,0.014556086542975251,0.1184755256430709,0.12509874720948191,0.033631234658499175,0.22,0.038043605999973806,0.001949928000158252,6,1051,16,9.1185840675347941e-05,9.1185840675347941e-05,1.2680218262609131
136,0.013322908016863127,0.11818061512936286,0.12479046015652857,0.032726808386276944,0.22,0.040720461000091746,0.0017323880001640646,6,1092,17,9.0993886799240378e-05,9.0993886799240378e-05,1.210006732484016
137,0.011921393062241742,0.11788484887912903,0.1244812529398366,0.031822975867295565,0.22,0.035256604000096559,0.0020019290000163892,6,981,17,9.0773636735072416e-05,9.0773636735072416e-05,1.1417164424591775
138,0.010870382314687031,0.11758674951216791,0.12417199581413804,0.030919927254195446,0.22,0.03690342200025043,0.0017312999998466694,6,987,17,9.0579218936876279e-05,9.0579218936876279e-05,1.0865548555771953
139,0.0092521077188696503,0.11728859229851152,0.12386136769087841,0.030017368422326378,0.22,0.037970003999816981,0.0017985969998335349,6,1088,17,9.0387088692004465e-05,9.0387088692004465e-05,1.0055148486006509
140,0.0084761057411563024,0.11698960031657231,0.12354955557208147,0.029115494264082876,0.22,0.035854023999945639,0.0019863130000885576,6,1060,17,9.0160732328686697e-05,9.0160732328686697e-05,0.95585557684948408
141,0.0073839341005784501,0.11669024362127409,0.12323687430951701,0.028214042103942794,0.22,0.039486995000061142,0.0017328680000900931,6,1037,17,8.9931201792794378e-05,8.9931201792794378e-05,0.89029511136223083
142,0.006278143679439626,0.11638969088099219,0.12292362069101227,0.027313186832102342,0.22,0.034095012000307179,0.0017043560001184233,6,933,17,8.9725563137165397e-05,8.9725563137165397e-05,0.8146009872404506
143,0.0055975870962201501,0.11608684863171899,0.12261034858748013,0.026413105079591104,0.22,0.039106027999878279,0.0019842970000354399,6,1057,17,8.9504267617684512e-05,8.9504267617684512e-05,0.75520127979707419
144,0.0048141066207663362,0.11578317795859773,0.12229569111871011,0.025513786004049323,0.22,0.043013052999867796,0.0017771249999896099,6,1176,17,8.9282353245032079e-05,8.9282353245032079e-05,0.69485527921244294
145,0.004135325316891203,0.11548049338758264,0.12197927986177053,0.024614749871877031,0.22,0.038949960999616451,0.0019552080002540606,6,1144,17,8.9060593210163301e-05,8.9060593210163301e-05,0.63035120124139654
146,0.0035094250351123029,0.11517626842983525,0.12166245174326618,0.023716380728145681,0.22,0.04097243400019579,0.0017531250000502041,6,1135,17,8.881909490491912e-05,8.881909490491912e-05,0.56322708040002811
147,0.0028533931699722351,0.11486996431901195,0.12134552520449941,0.022818753098937408,0.22,0.045390127000246139,0.0019893209996553196,6,1131,17,8.8596544210866099e-05,8.8596544210866099e-05,0.49797048768644542
148,0.0022489388600939585,0.11456528832330591,0.12102625902755859,0.021921400522799062,0.22,0.042398096999932022,0.0017599079997125955,6,1167,17,8.8349094194810335e-05,8.8349094194810335e-05,0.42172227641438664
149,0.0018857673813618032,0.11425725274015422,0.12070785827301574,0.02102488781289533,0.22,0.040760494000096514,0.0017260200002056081,6,1083,17,8.8118957566513603e-05,8.8118957566513603e-05,0.35494007893645318
150,0.0015010668965407263,0.11394704163935225,0.12038922868786131,0.020129206920834131,0.22,0.039357521000056295,0.0019854490001307568,6,1006,17,8.787072148291311e-05,8.787072148291311e-05,0.29590868579430235
summary_initial_loss=0.66320230159468663
summary_final_loss=0.0015010668965407263
summary_final_margins=0.11394704163935225,0.12038922868786131,0.020129206920834131,0.22
summary_mean_forward_time_sec=0.047199515086088509
summary_mean_backward_time_sec=0.0016281001721745873
