method,epoch,loss,forward_time_sec,backward_time_sec,total_time_sec,outer_iterations,inner_iterations_sum,backward_iterations,final_residual,grad_norm,margins,teacher_margins,build_time_sec,build_rss_delta_mb,solve_rss_delta_mb,final_distance,max_speed_abs,max_steer_abs,inside_margin_max,geometric_violation,constraint_max
lapanda_c,0,0.665656476338706,0.03935109986923635,0.0013604001142084599,0.04071149998344481,7,1241,10,5.800697208316874e-05,6.459177030112057,"[0.15, 0.15, 0.16, 0.22]","[0.12, 0.12, 0.01, 0.22]",0.0019651001784950495,0.20703125,0.30859375,0.12013663350271722,1.0,0.4363323129985824,0.09364783053000753,0.09364783053000753,5.800697208316874e-05
lapanda_c,1,0.6594074212335733,0.04182789986953139,0.0015326999127864838,0.04336059978231788,7,1293,10,5.782863431948583e-05,6.397463002172756,"[0.14972990766845984, 0.14987773253915154, 0.1590449603147194, 0.22]","[0.12, 0.12, 0.01, 0.22]",0.0019651001784950495,0.20703125,0.00390625,0.11935031315947153,1.0,0.4363323129985824,0.0930624370028374,0.0930624370028374,5.782863431948583e-05
lapanda_c,2,0.6526789454320554,0.05063570011407137,0.0015537000726908445,0.052189400186762214,7,1323,10,5.766038014093765e-05,6.332304292251077,"[0.14946044265240052, 0.1497552666649737, 0.15808976886020257, 0.22]","[0.12, 0.12, 0.01, 0.22]",0.0019651001784950495,0.20703125,0.0,0.11856504015806522,1.0,0.4363323129985824,0.09293041778349975,0.09293041778349975,5.766038014093765e-05
lapanda_c,3,0.645939009896312,0.043559499783441424,0.002306800102815032,0.045866299886256456,7,1204,10,5.7493965769528734e-05,6.26556132690386,"[0.14919172769186673, 0.14963256446743264, 0.15713439645077057, 0.22]","[0.12, 0.12, 0.01, 0.22]",0.0019651001784950495,0.20703125,0.0,0.11778213154448355,1.0,0.4363323129985824,0.093062425324353,0.093062425324353,5.7493965769528734e-05
lapanda_c,4,0.639074170064667,0.040823600022122264,0.0013482000213116407,0.042171800043433905,7,1312,10,5.732007329891513e-05,6.196442202705126,"[0.14892383033847, 0.14950961390408246, 0.15617882637640926, 0.22]","[0.12, 0.12, 0.01, 0.22]",0.0019651001784950495,0.20703125,0.0,0.11700504081460676,1.0,0.4363323129985824,0.0931900367752922,0.0931900367752922,5.732007329891513e-05
lapanda_c,5,0.6325940097247742,0.05495840008370578,0.0014490000903606415,0.056407400174066424,7,1363,10,5.715172730607596e-05,6.1282818730499695,"[0.14865658621380073, 0.1493864403632712, 0.1552231021187524, 0.22]","[0.12, 0.12, 0.01, 0.22]",0.0019651001784950495,0.20703125,0.0,0.11623422184919333,1.0,0.4363323129985824,0.09331766942653241,0.09331766942653241,5.715172730607596e-05
lapanda_c,6,0.6265356894755585,0.04114859993569553,0.0023520998656749725,0.0435006998013705,7,1273,10,5.697156198022589e-05,6.061329290808051,"[0.14839004829716831, 0.149263031523834, 0.15426721101755625, 0.22]","[0.12, 0.12, 0.01, 0.22]",0.0019651001784950495,0.20703125,0.0,0.11545679293938653,1.0,0.4363323129985824,0.09343765720017982,0.09343765720017982,5.697156198022589e-05
lapanda_c,7,0.6199516322400394,0.03900119988247752,0.00208650017157197,0.04108770005404949,7,1200,10,5.680682065155164e-05,5.987032941890947,"[0.1481242261448412, 0.14913938957038775, 0.15331115074190405, 0.22]","[0.12, 0.12, 0.01, 0.22]",0.0019651001784950495,0.20703125,0.0,0.11468362957135046,1.0,0.4363323129985824,0.09356747590126607,0.09356747590126607,5.680682065155164e-05
lapanda_c,8,0.6139633649687438,0.11672609997913241,0.0028452000115066767,0.11957129999063909,7,1337,10,5.662459037820313e-05,5.914758866408984,"[0.14785915085804244, 0.1490154799540086, 0.15235491776856683, 0.22]","[0.12, 0.12, 0.01, 0.22]",0.0019651001784950495,0.20703125,0.0,0.11391289764094714,1.0,0.4363323129985824,0.09368334726827832,0.09368334726827832,5.662459037820313e-05
lapanda_c,9,0.6078727695817995,0.07502809981815517,0.0027626999653875828,0.07779079978354275,7,1272,10,5.6447378545659835e-05,5.841150129050717,"[0.1475949023593787, 0.14889131089460006, 0.1513984896344974, 0.22]","[0.12, 0.12, 0.01, 0.22]",0.0019651001784950495,0.20703125,0.0,0.11314681398050724,1.0,0.4363323129985824,0.09380003118338776,0.09380003118338776,5.6447378545659835e-05
lapanda_c,10,0.6012746685480175,0.07767220004461706,0.002744399942457676,0.08041659998707473,7,1311,10,5.6283871252217246e-05,5.761420814413282,"[0.1473311751034313, 0.14876691913419993, 0.15044194657513466, 0.22]","[0.12, 0.12, 0.01, 0.22]",0.0019651001784950495,0.20703125,0.0,0.11237662324682163,1.0,0.4363323129985824,0.09392461279041958,0.09392461279041958,5.6283871252217246e-05
lapanda_c,11,0.5958947988661087,0.0508563001640141,0.002861799905076623,0.053718100069090724,7,1249,10,5.610927347826325e-05,5.6907351279473835,"[0.147068227470673, 0.14864223047654843, 0.14948522755625823, 0.22]","[0.12, 0.12, 0.01, 0.22]",0.0019651001784950495,0.20703125,0.00390625,0.11160512733051475,1.0,0.4363323129985824,0.09404062053045276,0.09404062053045276,5.610927347826325e-05
lapanda_c,12,0.5896544151557175,0.04479900002479553,0.0013657999224960804,0.04616479994729161,7,1178,10,5.594781146323642e-05,5.608564468973466,"[0.14680607283741104, 0.14851726318850886, 0.14852832728706644, 0.22]","[0.12, 0.12, 0.01, 0.22]",0.0019651001784950495,0.20703125,0.0,0.11085379235363739,1.0,0.4363323129985824,0.09416335115941943,0.09416335115941943,5.594781146323642e-05
lapanda_c,13,0.5837278463613624,0.04588479991070926,0.0017256999853998423,0.047610499896109104,7,1255,10,5.578551079892682e-05,5.527045360688804,"[0.14654476135948355, 0.14839199092260932, 0.1475712362930122, 0.22]","[0.12, 0.12, 0.01, 0.22]",0.0019651001784950495,0.20703125,0.0,0.11008959567217587,1.0,0.4363323129985824,0.09428240247992914,0.09428240247992914,5.578551079892682e-05
lapanda_c,14,0.5778523120526252,0.05449349991977215,0.002151399850845337,0.056644899770617485,7,1376,10,5.561263462919746e-05,5.4458172143419725,"[0.14628442794931382, 0.1482663798320165, 0.14661392319403702, 0.22]","[0.12, 0.12, 0.01, 0.22]",0.0019651001784950495,0.20703125,0.0,0.10933229241921405,1.0,0.4363323129985824,0.09439683252431169,0.09439683252431169,5.561263462919746e-05
lapanda_c,15,0.5718598811156891,0.05696600000374019,0.0021062998566776514,0.05907229986041784,7,1269,10,5.543778351995825e-05,5.362091326736133,"[0.1460246746796559, 0.14814051111396676, 0.145656486352925, 0.22]","[0.12, 0.12, 0.01, 0.22]",0.0019651001784950495,0.20703125,0.0,0.10858080713501435,1.0,0.4363323129985824,0.09450744873936118,0.09450744873936118,5.543778351995825e-05
lapanda_c,16,0.5668274544823761,0.05874760006554425,0.0017599998973309994,0.06050759996287525,7,1464,10,5.526972882500344e-05,5.284698356105891,"[0.14576561012197653, 0.14801435835538695, 0.14469890030642207, 0.22]","[0.12, 0.12, 0.01, 0.22]",0.0019651001784950495,0.20703125,0.0,0.10783198001066654,1.0,0.4363323129985824,0.09462324225314017,0.09462324225314017,5.526972882500344e-05
lapanda_c,17,0.561149233368895,0.056256100069731474,0.001374599989503622,0.057630700059235096,7,1413,10,5.511000946604263e-05,5.196128955497403,"[0.14550766572572646, 0.14788784739298522, 0.14374105915840463, 0.22]","[0.12, 0.12, 0.01, 0.22]",0.0019651001784950495,0.20703125,0.0,0.10708586304146499,1.0,0.4363323129985824,0.09474005491600457,0.09474005491600457,5.511000946604263e-05
lapanda_c,18,0.5559309709661633,0.058649699902161956,0.0014352998696267605,0.060084999771788716,7,1385,10,5.492571071036898e-05,5.115045460320095,"[0.14525054719590696, 0.14776101081204798, 0.14278303904203984, 0.22]","[0.12, 0.12, 0.01, 0.22]",0.0019651001784950495,0.20703125,0.0,0.10633276825650369,1.0,0.4363323129985824,0.09484302861184724,0.09484302861184724,5.492571071036898e-05
lapanda_c,19,0.5500859172159467,0.09246100019663572,0.001366300042718649,0.09382730023935437,7,1579,10,5.475331957465302e-05,5.0226942547448825,"[0.14499412373504456, 0.14763388401231164, 0.1418248711102512, 0.22]","[0.12, 0.12, 0.01, 0.22]",0.0019651001784950495,0.20703125,0.0,0.10559229188659494,1.0,0.4363323129985824,0.09495251438307523,0.09495251438307523,5.475331957465302e-05
lapanda_c,20,0.5452628170938988,0.0525730000808835,0.001374599989503622,0.053947600070387125,7,1378,10,5.458261745615302e-05,4.940346312058657,"[0.1447383741388729, 0.1475064570001768, 0.14086656296532263, 0.22]","[0.12, 0.12, 0.01, 0.22]",0.0019651001784950495,0.20703125,0.0,0.1048539588664448,1.0,0.4363323129985824,0.09505992408398678,0.09505992408398678,5.458261745615302e-05
lapanda_c,21,0.5399088617301289,0.04751039994880557,0.0013544000685214996,0.04886480001732707,7,1335,10,5.44142550144523e-05,4.844246721485564,"[0.14448385504943784, 0.1473786316754803, 0.13990798030353524, 0.22]","[0.12, 0.12, 0.01, 0.22]",0.0019651001784950495,0.20703125,0.00390625,0.10412045481480346,1.0,0.4363323129985824,0.09516828650406417,0.09516828650406417,5.44142550144523e-05
lapanda_c,22,0.5344475664819986,0.04798920010216534,0.0013985999394208193,0.04938780004158616,7,1354,10,5.423809837519183e-05,4.752321274459102,"[0.14423029314542166, 0.14725045340332196, 0.13894919112369528, 0.22]","[0.12, 0.12, 0.01, 0.22]",0.0019651001784950495,0.20703125,0.0,0.10338521772442781,1.0,0.4363323129985824,0.09527294009452236,0.09527294009452236,5.423809837519183e-05
lapanda_c,23,0.5298361745846311,0.053651100024580956,0.0015278998762369156,0.05517899990081787,7,1346,10,5.407124966026759e-05,4.6638811435246454,"[0.1439773842058755, 0.147121968311707, 0.1379902705589297, 0.22]","[0.12, 0.12, 0.01, 0.22]",0.0019651001784950495,0.20703125,0.0,0.10266153284421964,1.0,0.4363323129985824,0.0953812661132255,0.0953812661132255,5.407124966026759e-05
lapanda_c,24,0.5251065777970589,0.04649079986847937,0.001414499944075942,0.04790529981255531,7,1331,10,5.389022146895611e-05,4.570848775651697,"[0.1437256378301343, 0.14699309062093754, 0.1370310967982778, 0.22]","[0.12, 0.12, 0.01, 0.22]",0.0019651001784950495,0.20703125,0.0,0.1019323219740141,1.0,0.4363323129985824,0.0954771346541407,0.0954771346541407,5.389022146895611e-05
lapanda_c,25,0.5204740079278849,0.04254340007901192,0.0013444998767226934,0.04388789995573461,7,1389,10,5.3722430286005047e-05,4.48023170413765,"[0.1434747171653199, 0.1468638771669558, 0.13607175186381512, 0.22]","[0.12, 0.12, 0.01, 0.22]",0.0019651001784950495,0.20703125,0.0,0.10120916317398211,1.0,0.4363323129985824,0.09558529288676365,0.09558529288676365,5.3722430286005047e-05
lapanda_c,26,0.5156784075395915,0.04357259999960661,0.0017514999490231276,0.04532409994862974,7,1351,10,5.354043515102098e-05,4.380936424262397,"[0.1432250327435549, 0.14673423175523723, 0.13511214269506558, 0.22]","[0.12, 0.12, 0.01, 0.22]",0.0019651001784950495,0.20703125,0.0,0.10048464550919517,1.0,0.4363323129985824,0.09568023478280913,0.09568023478280913,5.354043515102098e-05
lapanda_c,27,0.5105914783068546,0.048573800129815936,0.001324299955740571,0.04989810008555651,7,1325,10,5.336870766073771e-05,4.282126068666867,"[0.1429759926275733, 0.1466042814303054, 0.13415240734941972, 0.22]","[0.12, 0.12, 0.01, 0.22]",0.0019651001784950495,0.20703125,0.0,0.09975989278879353,1.0,0.4363323129985824,0.09578199899508039,0.09578199899508039,5.336870766073771e-05
lapanda_c,28,0.5065725005010865,0.047843199921771884,0.0026992999482899904,0.050542499870061874,7,1466,10,5.318230616366625e-05,4.193583097935636,"[0.14272809952581342, 0.14647389423949964, 0.1331924343338752, 0.22]","[0.12, 0.12, 0.01, 0.22]",0.0019651001784950495,0.20703125,0.0,0.09904622951253204,1.0,0.4363323129985824,0.09587301509355617,0.09587301509355617,5.318230616366625e-05
lapanda_c,29,0.502155510138514,0.0573382000438869,0.001417999854311347,0.05875619989819825,7,1356,10,5.300197742365721e-05,4.093427563285002,"[0.14248103145582572, 0.1463431688393937, 0.13223229463645628, 0.22]","[0.12, 0.12, 0.01, 0.22]",0.0019651001784950495,0.20703125,0.0,0.09833377999291673,1.0,0.4363323129985824,0.09596683809558659,0.09596683809558659,5.300197742365721e-05
lapanda_c,30,0.4980873721160495,0.05016579991206527,0.0021662001963704824,0.05233200010843575,7,1315,10,5.2835780432253956e-05,3.996588971924203,"[0.14223502206989458, 0.14621204444847877, 0.13127193752780295, 0.22]","[0.12, 0.12, 0.01, 0.22]",0.0019651001784950495,0.20703125,0.0,0.09762601825393717,1.0,0.4363323129985824,0.09606883231521723,0.09606883231521723,5.2835780432253956e-05
lapanda_c,31,0.49388437669985213,0.04706300003454089,0.0020391999278217554,0.04910219996236265,7,1397,10,5.264847196324885e-05,3.898044269153719,"[0.14199056386318018, 0.14608039903051498, 0.1303112556506453, 0.22]","[0.12, 0.12, 0.01, 0.22]",0.0019651001784950495,0.20703125,0.0,0.09691714481189045,1.0,0.4363323129985824,0.09615775176603608,0.09615775176603608,5.264847196324885e-05
lapanda_c,32,0.4898146763621786,0.051810799865052104,0.0013429000973701477,0.05315369996242225,7,1440,10,5.246163379600884e-05,3.7976770379369142,"[0.14174689363624277, 0.14594840374470003, 0.12935042160408633, 0.22]","[0.12, 0.12, 0.01, 0.22]",0.0019651001784950495,0.20703125,0.0,0.09620975426291362,1.0,0.4363323129985824,0.09624584470722503,0.09624584470722503,5.246163379600884e-05
lapanda_c,33,0.487491530258913,0.05784670007415116,0.0014127998147159815,0.05925949988886714,7,1438,10,5.2454831733098386e-05,3.6439345419266207,"[0.14150434073746662, 0.1458159779976613, 0.1283893641069424, 0.22]","[0.12, 0.12, 0.01, 0.22]",0.0019651001784950495,0.20703125,0.0,0.09631986344468808,1.0,0.4363323129985824,0.09659307650054905,0.09659307650054905,5.2454831733098386e-05
lapanda_c,34,0.4840223549678948,0.05436240020208061,0.0014404000248759985,0.055802800226956606,7,1386,11,5.226479931249741e-05,3.5477751391242385,"[0.14128051969746253, 0.14567948917927928, 0.12742433822930588, 0.22]","[0.12, 0.12, 0.01, 0.22]",0.0019651001784950495,0.20703125,0.0,0.09561916266204815,1.0,0.4363323129985824,0.09669205729579539,0.09669205729579539,5.226479931249741e-05
lapanda_c,35,0.4799938686409273,0.05968060018494725,0.004909500014036894,0.06459010019898415,7,1440,10,5.207405912319114e-05,3.442811229964909,"[0.141058550715696, 0.14554232179637916, 0.12645898084460222, 0.22]","[0.12, 0.12, 0.01, 0.22]",0.0019651001784950495,0.20703125,0.0,0.09491809192426548,1.0,0.4363323129985824,0.0967913104962036,0.0967913104962036,5.207405912319114e-05
lapanda_c,36,0.47640220396432054,0.049492100020870566,0.0034105998929589987,0.052902699913829565,7,1255,10,5.1897616165071644e-05,3.3440664484512377,"[0.14083784812052536, 0.14540459266427572, 0.12549341310971515, 0.22]","[0.12, 0.12, 0.01, 0.22]",0.0019651001784950495,0.20703125,0.00390625,0.09422780877018312,1.0,0.4363323129985824,0.0969001807735107,0.0969001807735107,5.1897616165071644e-05
lapanda_c,37,0.4732011808887051,0.061565599869936705,0.0035647000186145306,0.06513029988855124,7,1288,10,5.17061870850014e-05,3.244578569988254,"[0.14061933932491294, 0.14526607681631204, 0.1245274590393252, 0.22]","[0.12, 0.12, 0.01, 0.22]",0.0019651001784950495,0.20703125,0.0,0.09353683166623382,1.0,0.4363323129985824,0.09699804564622011,0.09699804564622011,5.17061870850014e-05
lapanda_c,38,0.4696840621155889,0.05515770008787513,0.002230799989774823,0.05738850007764995,7,1293,10,5.153901982476547e-05,3.1345585216858827,"[0.14040264667041674, 0.1451268688770374, 0.12356119538838396, 0.22]","[0.12, 0.12, 0.01, 0.22]",0.0019651001784950495,0.20703125,0.125,0.09284750260224595,1.0,0.4363323129985824,0.09711036044690985,0.09711036044690985,5.153901982476547e-05
lapanda_c,39,0.466201902453938,0.05439379997551441,0.002424200065433979,0.05681800004094839,7,1366,10,5.135663430719126e-05,3.025012763720069,"[0.1401887725730357, 0.144986683791024, 0.1225944451558374, 0.22]","[0.12, 0.12, 0.01, 0.22]",0.0019651001784950495,0.20703125,0.0,0.09215821457093044,1.0,0.4363323129985824,0.09721477591062011,0.09721477591062011,5.135663430719126e-05
lapanda_c,40,0.46361913260607207,0.05052780010737479,0.0013604001142084599,0.05188820022158325,7,1296,10,5.117889249281148e-05,2.9312875930295115,"[0.1399771931233299, 0.14484564002176892, 0.12162731497245126, 0.22]","[0.12, 0.12, 0.01, 0.22]",0.0019651001784950495,0.20703125,0.0,0.09147916067672884,1.0,0.4363323129985824,0.09732011715064648,0.09732011715064648,5.117889249281148e-05
lapanda_c,41,0.4599602604555956,0.04557180008850992,0.0013603998813778162,0.04693219996988773,7,1373,11,5.099400288472754e-05,3.8062881578786123,"[0.13976815427738307, 0.14470368515181825, 0.12065976570973513, 0.22]","[0.12, 0.12, 0.01, 0.22]",0.0019651001784950495,0.20703125,0.0,0.09079399441193307,1.0,0.4363323129985824,0.09742438974789447,0.09742438974789447,5.099400288472754e-05
lapanda_c,42,0.4567569285556974,0.05524150002747774,0.0020073000341653824,0.057248800061643124,7,1286,11,5.084005838077166e-05,3.746466052597218,"[0.13953310236187996, 0.14456635691240072, 0.11969753312263531, 0.22]","[0.12, 0.12, 0.01, 0.22]",0.0019651001784950495,0.20703125,0.0,0.09013350178327745,1.0,0.4363323129985824,0.097502330377149,0.097502330377149,5.084005838077166e-05
lapanda_c,43,0.4522059390401286,0.03455610014498234,0.0016018999740481377,0.036158000119030476,7,1249,11,5.069586155141984e-05,3.6708103798917127,"[0.13929865305308092, 0.1444285506795086, 0.1187352218612548, 0.22]","[0.12, 0.12, 0.01, 0.22]",0.0019651001784950495,0.20703125,0.0,0.08947563809250017,1.0,0.4363323129985824,0.09758355418836784,0.09758355418836784,5.069586155141984e-05
lapanda_c,44,0.4484125524921409,0.052848400082439184,0.0030936000403016806,0.055942000122740865,7,1368,13,5.052927904589514e-05,4.3087392544358165,"[0.13906451713872348, 0.14429029078477992, 0.1177728993710689, 0.22]","[0.12, 0.12, 0.01, 0.22]",0.0019651001784950495,0.20703125,0.00390625,0.08881498447803357,1.0,0.4363323129985824,0.09765400989773798,0.09765400989773798,5.052927904589514e-05
lapanda_c,45,0.44438239906083693,0.0430479000788182,0.0014939000830054283,0.04454180016182363,7,1245,13,5.039450033409818e-05,4.248359311934572,"[0.1388492764382505, 0.1441466618541303, 0.11680695829049496, 0.22]","[0.12, 0.12, 0.01, 0.22]",0.0019651001784950495,0.20703125,0.0,0.08815637543799587,1.0,0.4363323129985824,0.09775566130322333,0.09775566130322333,5.039450033409818e-05
lapanda_c,46,0.44018469325417187,0.04602169990539551,0.0029670000076293945,0.0489886999130249,7,1376,13,5.023336727350268e-05,4.183945788704399,"[0.13863496108222512, 0.1440023823361297, 0.11584090842177326, 0.22]","[0.12, 0.12, 0.01, 0.22]",0.0019651001784950495,0.20703125,0.0,0.08750340269913642,1.0,0.4363323129985824,0.09784107542812431,0.09784107542812431,5.023336727350268e-05
lapanda_c,47,0.4361217199117876,0.05156409996561706,0.0016014000866562128,0.05316550005227327,7,1344,13,5.007881784100132e-05,4.121825488349638,"[0.13842140009440357, 0.14385748343458352, 0.11487478419952676, 0.22]","[0.12, 0.12, 0.01, 0.22]",0.0019651001784950495,0.20703125,0.0,0.08684851617087003,1.0,0.4363323129985824,0.09792977413285303,0.09792977413285303,5.007881784100132e-05
lapanda_c,48,0.43092821213433985,0.03999080020003021,0.0015173000283539295,0.04150810022838414,7,1263,13,4.992595342963881e-05,4.048398457018529,"[0.13820831719151497, 0.14371203620335476, 0.11390863680941257, 0.22]","[0.12, 0.12, 0.01, 0.22]",0.0019651001784950495,0.20703125,0.0,0.08619546819598153,1.0,0.4363323129985824,0.09801981658476983,0.09801981658476983,4.992595342963881e-05
lapanda_c,49,0.42758689714738984,0.04144520009867847,0.002095599891617894,0.043540799990296364,7,1221,12,4.978049581939428e-05,3.98073268095177,"[0.13799596391644098, 0.14356595706176672, 0.11294242411494088, 0.22]","[0.12, 0.12, 0.01, 0.22]",0.0019651001784950495,0.20703125,0.0,0.0855547026137102,1.0,0.4363323129985824,0.09811371644914324,0.09811371644914324,4.978049581939428e-05
lapanda_c,50,0.4228099682679173,0.04433630011044443,0.0016070001292973757,0.0459433002397418,7,1367,12,4.962017246864005e-05,3.917230936028276,"[0.13778474599303894, 0.14341914585486926, 0.11197607352723317, 0.22]","[0.12, 0.12, 0.01, 0.22]",0.0019651001784950495,0.20703125,0.0,0.08491166731577732,1.0,0.4363323129985824,0.0981941494343499,0.0981941494343499,4.962017246864005e-05
lapanda_c,51,0.41873133180762356,0.04389020008966327,0.002701899968087673,0.04659210005775094,7,1369,13,4.9466877678084084e-05,3.845609066891897,"[0.13757374065140474, 0.14327184841093663, 0.11100975049179794, 0.22]","[0.12, 0.12, 0.01, 0.22]",0.0019651001784950495,0.20703125,0.0,0.08426208490233404,1.0,0.4363323129985824,0.09828224966664889,0.09828224966664889,4.9466877678084084e-05
lapanda_c,52,0.41562842897997854,0.04748960002325475,0.0015481000300496817,0.049037700053304434,7,1323,13,4.9308068041391257e-05,3.7839345934820123,"[0.1373636657487234, 0.14312382237156587, 0.11004333607399798, 0.22]","[0.12, 0.12, 0.01, 0.22]",0.0019651001784950495,0.20703125,0.0,0.08362337371861138,1.0,0.4363323129985824,0.09836497466971406,0.09836497466971406,4.9308068041391257e-05
lapanda_c,53,0.41108580084866364,0.035491600167006254,0.0018779998645186424,0.0373696000315249,7,1200,13,4.91480423554675e-05,3.711276026278849,"[0.13715438613207295, 0.14297512930444972, 0.10907685150927579, 0.22]","[0.12, 0.12, 0.01, 0.22]",0.0019651001784950495,0.20703125,0.0,0.08298333632617483,1.0,0.4363323129985824,0.0984468688884872,0.0984468688884872,4.91480423554675e-05
lapanda_c,54,0.4077962080316323,0.041199800092726946,0.002572600031271577,0.04377240012399852,7,1304,13,4.899200635656785e-05,3.6429041833767375,"[0.13694566559328494, 0.14282582020072693, 0.10811034101878252, 0.22]","[0.12, 0.12, 0.01, 0.22]",0.0019651001784950495,0.20703125,0.0,0.08234960447779904,1.0,0.4363323129985824,0.09852908855314757,0.09852908855314757,4.899200635656785e-05
lapanda_c,55,0.4024513468783961,0.0531336001586169,0.0016079999040812254,0.054741600062698126,7,1265,13,4.885276531089219e-05,3.5650131387511257,"[0.13673782699904014, 0.14267578347507157, 0.10714375315433514, 0.22]","[0.12, 0.12, 0.01, 0.22]",0.0019651001784950495,0.20703125,0.0,0.08171501895428905,1.0,0.4363323129985824,0.09861910433988924,0.09861910433988924,4.885276531089219e-05
lapanda_c,56,0.3995391362753998,0.039149099960923195,0.0015368000604212284,0.04068590002134442,7,1231,13,4.869598380465954e-05,3.500163693060306,"[0.13653071836832623, 0.1425250459116427, 0.10617711764802713, 0.22]","[0.12, 0.12, 0.01, 0.22]",0.0019651001784950495,0.20703125,0.0,0.08108807910764528,1.0,0.4363323129985824,0.09869637504953344,0.09869637504953344,4.869598380465954e-05
lapanda_c,57,0.3953228194919439,0.03941949992440641,0.0016139999497681856,0.041033499874174595,7,1188,13,4.853236634738433e-05,3.4330940148118434,"[0.13632435846263205, 0.1423736170425751, 0.1052104300630573, 0.22]","[0.12, 0.12, 0.01, 0.22]",0.0019651001784950495,0.20703125,0.0,0.08045879575907759,1.0,0.4363323129985824,0.09877072142040322,0.09877072142040322,4.853236634738433e-05
lapanda_c,58,0.3927460784086878,0.04719139984808862,0.0015360000543296337,0.048727399902418256,7,1199,13,4.8387655142549365e-05,3.356437524555771,"[0.13611855972271172, 0.14222152614254094, 0.10424372678036194, 0.22]","[0.12, 0.12, 0.01, 0.22]",0.0019651001784950495,0.20703125,0.0,0.07982812949332697,1.0,0.4363323129985824,0.09885649487009807,0.09885649487009807,4.8387655142549365e-05
lapanda_c,59,0.3887019057378223,0.049136799992993474,0.006081900093704462,0.055218700086697936,7,1290,13,4.8222030250882853e-05,3.2811181178119218,"[0.1359138744181602, 0.14206857466583583, 0.10327692288510996, 0.22]","[0.12, 0.12, 0.01, 0.22]",0.0019651001784950495,0.20703125,0.0,0.07919930554526153,1.0,0.4363323129985824,0.09892845855516341,0.09892845855516341,4.8222030250882853e-05
lapanda_c,60,0.38462713830997886,0.048803400015458465,0.007010500179603696,0.05581390019506216,7,1355,13,4.8083552644152216e-05,3.2122858032121373,"[0.13570943384407266, 0.1419150288510107, 0.10231016141793388, 0.22]","[0.12, 0.12, 0.01, 0.22]",0.0019651001784950495,0.20703125,0.0,0.07858602812363451,1.0,0.4363323129985824,0.09901476840787993,0.09901476840787993,4.8083552644152216e-05
lapanda_c,61,0.3822420515551883,0.037851300090551376,0.001661200076341629,0.039512500166893005,7,1250,13,4.792409969051054e-05,3.1349398566961657,"[0.13550647407313793, 0.14176053908611652, 0.10134323833726766, 0.22]","[0.12, 0.12, 0.01, 0.22]",0.0019651001784950495,0.20703125,0.0,0.0779624643652087,1.0,0.4363323129985824,0.09908775669143538,0.09908775669143538,4.792409969051054e-05
lapanda_c,62,0.37812187791039076,0.04896949999965727,0.0023769999388605356,0.05134649993851781,7,1473,13,4.7769185971148e-05,3.058358345858785,"[0.13530379404284876, 0.14160540108817316, 0.10037636036827875, 0.22]","[0.12, 0.12, 0.01, 0.22]",0.0019651001784950495,0.20703125,0.0,0.07734767251192955,1.0,0.4363323129985824,0.09916346995935621,0.09916346995935621,4.7769185971148e-05
lapanda_c,63,0.3756248845371058,0.045973399886861444,0.0017019000370055437,0.04767529992386699,7,1307,13,4.760697065108664e-05,2.9873398620563356,"[0.13510209703545042, 0.14144942630724633, 0.09940941146325771, 0.22]","[0.12, 0.12, 0.01, 0.22]",0.0019651001784950495,0.20703125,0.00390625,0.07673380844621319,1.0,0.4363323129985824,0.09923344407637147,0.09923344407637147,4.760697065108664e-05
lapanda_c,64,0.37245028250063794,0.03931930009275675,0.002148499945178628,0.041467800037935376,7,1316,13,4.745777631755688e-05,2.9084692151081533,"[0.13490123390781683, 0.14129263714292672, 0.09844242068671989, 0.22]","[0.12, 0.12, 0.01, 0.22]",0.0019651001784950495,0.20703125,0.0,0.07612567488688105,1.0,0.4363323129985824,0.09931393304640135,0.09931393304640135,4.745777631755688e-05
lapanda_c,65,0.36877172622821797,0.06382809998467565,0.0023996999952942133,0.06622779997996986,7,1393,13,4.73016318840333e-05,2.8365603911687423,"[0.1347018472405231, 0.14113481786928828, 0.09747529192912155, 0.22]","[0.12, 0.12, 0.01, 0.22]",0.0019651001784950495,0.20703125,0.0,0.07551715383508091,1.0,0.4363323129985824,0.09938637501790759,0.09938637501790759,4.73016318840333e-05
lapanda_c,66,0.3662341361449424,0.037565800128504634,0.0016974001191556454,0.03926320024766028,7,1182,13,4.71422844673336e-05,2.765728938151757,"[0.1345035712446127, 0.14097607643318044, 0.09650808575363042, 0.22]","[0.12, 0.12, 0.01, 0.22]",0.0019651001784950495,0.20703125,0.0,0.0749175068684645,1.0,0.4363323129985824,0.09945645169150935,0.09945645169150935,4.71422844673336e-05
lapanda_c,67,0.3636545581511937,0.043195300037041306,0.0029349999967962503,0.04613030003383756,7,1359,13,4.69865025123534e-05,2.682209776988622,"[0.13430602855121537, 0.1408165452573907, 0.09554085946767843, 0.22]","[0.12, 0.12, 0.01, 0.22]",0.0019651001784950495,0.20703125,0.0,0.07431400587761569,1.0,0.4363323129985824,0.09952875938665495,0.09952875938665495,4.69865025123534e-05
lapanda_c,68,0.36072383933865915,0.039685599971562624,0.001620299881324172,0.041305899852886796,7,1255,13,4.6829786499611235e-05,2.605106715788604,"[0.13410941877534263, 0.1406561001052712, 0.09457359427695118, 0.22]","[0.12, 0.12, 0.01, 0.22]",0.0019651001784950495,0.20703125,0.0,0.07371734544833186,1.0,0.4363323129985824,0.0996014163216517,0.0996014163216517,4.6829786499611235e-05
lapanda_c,69,0.35798733019586515,0.04135770001448691,0.0028234999626874924,0.0441811999771744,7,1221,13,4.666229788497071e-05,2.5282456974996506,"[0.13391398409011354, 0.14049468341096116, 0.0936062525924325, 0.22]","[0.12, 0.12, 0.01, 0.22]",0.0019651001784950495,0.20703125,0.0,0.07311835146098564,1.0,0.4363323129985824,0.09966566559769302,0.09966566559769302,4.666229788497071e-05
lapanda_c,70,0.3557238606117461,0.04527050000615418,0.0020417000632733107,0.04731220006942749,7,1299,13,4.65051312304649e-05,2.4519347822400617,"[0.13371931796550546, 0.14033240297175428, 0.09263890045438716, 0.22]","[0.12, 0.12, 0.01, 0.22]",0.0019651001784950495,0.20703125,0.0,0.07252566611167402,1.0,0.4363323129985824,0.09973624940809844,0.09973624940809844,4.65051312304649e-05
lapanda_c,71,0.35295268242661126,0.04337980016134679,0.0016628000885248184,0.04504260024987161,7,1251,13,4.6341550191381714e-05,2.36530122116894,"[0.1335259290950995, 0.140169068629938, 0.09167146950719426, 0.22]","[0.12, 0.12, 0.01, 0.22]",0.0019651001784950495,0.20703125,0.0,0.07193547964888326,1.0,0.4363323129985824,0.09980121903539951,0.09980121903539951,4.6341550191381714e-05
lapanda_c,72,0.3503977484313533,0.04464210011065006,0.0015528998337686062,0.04619499994441867,7,1367,13,4.6175291072122965e-05,2.293987564638222,"[0.13333328091400637, 0.14000484098178023, 0.09070404201228724, 0.22]","[0.12, 0.12, 0.01, 0.22]",0.0019651001784950495,0.20703125,0.0,0.07134620129706817,1.0,0.4363323129985824,0.09986607254898011,0.09986607254898011,4.6175291072122965e-05
lapanda_c,73,0.3481557256636458,0.05032219993881881,0.0018371001351624727,0.052159300073981285,7,1220,13,4.602484035079625e-05,2.2155935615007087,"[0.13314137968174647, 0.13983976426816447, 0.08973661056992094, 0.22]","[0.12, 0.12, 0.01, 0.22]",0.0019651001784950495,0.20703125,0.00390625,0.07076351089096979,1.0,0.4363323129985824,0.09993801810469438,0.09993801810469438,4.602484035079625e-05
lapanda_c,74,0.34545499665941254,0.05729950009845197,0.00240569980815053,0.0597051999066025,7,1232,13,4.585562250527429e-05,2.1414643690550252,"[0.13295158441466703, 0.13967327285668965, 0.08876900612258753, 0.22]","[0.12, 0.12, 0.01, 0.22]",0.0019651001784950495,0.20703125,0.0,0.07018574654352192,1.0,0.4363323129985824,0.09999799093175726,0.09999799093175726,4.585562250527429e-05
lapanda_c,75,0.3436526015074409,0.06187209999188781,0.0019953998271375895,0.0638674998190254,7,1327,13,4.569907105584308e-05,2.05891326685148,"[0.1327625855844874, 0.13950587350687604, 0.08780140243311921, 0.22]","[0.12, 0.12, 0.01, 0.22]",0.0019651001784950495,0.20703125,0.0,0.06960531305927274,1.0,0.4363323129985824,0.10006748188578385,0.10006748188578385,4.569907105584308e-05
lapanda_c,76,0.3418956066341216,0.0593230000231415,0.004554499872028828,0.06387749989517033,7,1186,13,4.5534352861754696e-05,1.9757285789423438,"[0.13257542334947087, 0.13933710289735676, 0.08683367996301422, 0.22]","[0.12, 0.12, 0.01, 0.22]",0.0019651001784950495,0.20703125,0.0,0.06902868490034199,1.0,0.4363323129985824,0.10013260628448839,0.10013260628448839,4.5534352861754696e-05
lapanda_c,77,0.3393117399408474,0.05888129980303347,0.0019765000324696302,0.0608577998355031,7,1236,13,4.535884474574076e-05,1.8990476094872801,"[0.1323896919021523, 0.1391671108482686, 0.08586589562096081, 0.22]","[0.12, 0.12, 0.01, 0.22]",0.0019651001784950495,0.20703125,0.0,0.06844986317131167,1.0,0.4363323129985824,0.1001881686248276,0.1001881686248276,4.535884474574076e-05
lapanda_c,78,0.3370593451343489,0.05373840010724962,0.0025661999825388193,0.05630460008978844,7,1224,13,4.5198402839870094e-05,1.810308632861053,"[0.13220495516677266, 0.13899603008206818, 0.08489811273723247, 0.22]","[0.12, 0.12, 0.01, 0.22]",0.0019651001784950495,0.20703125,0.0,0.06788106895649176,1.0,0.4363323129985824,0.10025543978158763,0.10025543978158763,4.5198402839870094e-05
lapanda_c,79,0.3351196309265454,0.04874360002577305,0.0028748000040650368,0.051618400029838085,7,1316,13,4.503290073824468e-05,1.7385160605047096,"[0.13202187617377026, 0.13882360569922686, 0.08393025328745528, 0.22]","[0.12, 0.12, 0.01, 0.22]",0.0019651001784950495,0.20703125,0.0,0.06731736697912533,1.0,0.4363323129985824,0.10031760066078832,0.10031760066078832,4.503290073824468e-05
lapanda_c,80,0.3335030201498269,0.06676670000888407,0.0028554999735206366,0.06962219998240471,7,1477,13,4.486599505598471e-05,1.6511586893298558,"[0.13184094727850423, 0.13864966583282332, 0.08296226069567922, 0.22]","[0.12, 0.12, 0.01, 0.22]",0.0019651001784950495,0.20703125,0.0,0.06675179169638755,1.0,0.4363323129985824,0.10037974235046065,0.10037974235046065,4.486599505598471e-05
lapanda_c,81,0.3322913071367389,0.04556880006566644,0.001817299984395504,0.04738610005006194,7,1264,13,4.4708669043537774e-05,1.5671323318141837,"[0.13166159632826496, 0.1384743199362588, 0.08199422812742221, 0.22]","[0.12, 0.12, 0.01, 0.22]",0.0019651001784950495,0.20703125,0.0,0.06619404085207493,1.0,0.4363323129985824,0.10045090479445473,0.10045090479445473,4.4708669043537774e-05
lapanda_c,82,0.330485680890337,0.048204699996858835,0.0018261999357491732,0.05003089993260801,7,1266,14,4.452743418594231e-05,5.480826486743741,"[0.1314849615819449, 0.1382971374224458, 0.08102603056329011, 0.22]","[0.12, 0.12, 0.01, 0.22]",0.0019651001784950495,0.20703125,0.0078125,0.06563547648218471,1.0,0.4363323129985824,0.10050753806211205,0.10050753806211205,4.452743418594231e-05
lapanda_c,83,0.3243734425267182,0.04027129989117384,0.0018001000862568617,0.0420713999774307,7,1130,14,4.441078018556388e-05,5.443686082247395,"[0.13122907589734992, 0.13815941779039884, 0.08006918375247439, 0.22]","[0.12, 0.12, 0.01, 0.22]",0.0019651001784950495,0.20703125,0.00390625,0.06506523621031099,1.0,0.4363323129985824,0.10047119417576272,0.10047119417576272,4.441078018556388e-05
lapanda_c,84,0.3218050641368811,0.04886550013907254,0.0015957998111844063,0.050461299950256944,7,1354,14,4.436989254666986e-05,5.428243682907074,"[0.1311009664805589, 0.13809041336568298, 0.0795908257623675, 0.22]","[0.12, 0.12, 0.01, 0.22]",0.0019651001784950495,0.20703125,0.0,0.06478787715695948,1.0,0.4363323129985824,0.10045658573367888,0.10045658573367888,4.436989254666986e-05
lapanda_c,85,0.3197887286615914,0.05046309996396303,0.002601899905130267,0.0530649998690933,7,1324,14,4.433364122131754e-05,5.418406189275449,"[0.13103691800642978, 0.13805585791854666, 0.07935165278305141, 0.22]","[0.12, 0.12, 0.01, 0.22]",0.0019651001784950495,0.20703125,0.00390625,0.06464308327331568,1.0,0.4363323129985824,0.10044507059039898,0.10044507059039898,4.433364122131754e-05
lapanda_c,86,0.31927376825827636,0.0415776998270303,0.0016349998768419027,0.043212699703872204,7,1207,14,4.431421094703186e-05,5.413607380002779,"[0.131011282598146, 0.13804203313729385, 0.0792559882584593, 0.22]","[0.12, 0.12, 0.01, 0.22]",0.0019651001784950495,0.20703125,0.0,0.06458710080606304,1.0,0.4363323129985824,0.10044302964480711,0.10044302964480711,4.431421094703186e-05
lapanda_c,87,0.3194077661695732,0.0540374000556767,0.0026084999553859234,0.05664590001106262,7,1211,14,4.431442262917297e-05,5.41373297267432,"[0.13098564499895132, 0.13802820729897777, 0.07916032447376316, 0.22]","[0.12, 0.12, 0.01, 0.22]",0.0019651001784950495,0.20703125,0.0,0.06453300783465571,1.0,0.4363323129985824,0.10043596246873071,0.10043596246873071,4.431442262917297e-05
lapanda_c,88,0.32939718327761613,0.05103029985912144,0.0015080999583005905,0.05253839981742203,7,1233,13,4.076203042279207e-05,4.690531485317736,"[0.13098564499895132, 0.13802820729897777, 0.07916032447376316, 0.22]","[0.12, 0.12, 0.01, 0.22]",0.0019651001784950495,0.20703125,0.01171875,0.06812657117354162,1.0,0.4363323129985824,0.09959596051298403,0.09959596051298403,4.076203042279207e-05
lapanda_c,89,0.3246053149445086,0.04760049981996417,0.0026702999603003263,0.0502707997802645,7,1306,13,4.065711937484963e-05,4.638844231849887,"[0.13072124505785346, 0.13791736736919033, 0.07820230193691334, 0.22]","[0.12, 0.12, 0.01, 0.22]",0.0019651001784950495,0.20703125,0.0,0.06757433807763652,1.0,0.4363323129985824,0.09954550047640054,0.09954550047640054,4.065711937484963e-05
lapanda_c,90,0.31980998310293995,0.04873350006528199,0.004797199973836541,0.05353070003911853,7,1195,13,4.053859332741055e-05,4.592798711956175,"[0.13045577455301913, 0.13780659481826402, 0.07724456770810856, 0.22]","[0.12, 0.12, 0.01, 0.22]",0.0019651001784950495,0.20703125,0.0,0.06702491116958861,1.0,0.4363323129985824,0.09949904091231543,0.09949904091231543,4.053859332741055e-05
lapanda_c,91,0.3147521278427178,0.05101160006597638,0.0034193999599665403,0.05443100002594292,7,1301,13,4.0435008216010285e-05,4.5398502632243005,"[0.13018973743085804, 0.13769582489108081, 0.07628699041469351, 0.22]","[0.12, 0.12, 0.01, 0.22]",0.0019651001784950495,0.20703125,0.0,0.06647364117079857,1.0,0.4363323129985824,0.09944397937625449,0.09944397937625449,4.0435008216010285e-05
lapanda_c,92,0.30987091264136346,0.05112429987639189,0.00149940000846982,0.05262369988486171,7,1323,13,4.032474071492494e-05,4.482878281013818,"[0.12992259558634936, 0.13758512496032954, 0.0753297126283409, 0.22]","[0.12, 0.12, 0.01, 0.22]",0.0019651001784950495,0.20703125,0.0,0.06592593571084215,1.0,0.4363323129985824,0.09938888652641542,0.09938888652641542,4.032474071492494e-05
lapanda_c,93,0.3055492577650097,0.05888599995523691,0.0036075999960303307,0.06249359995126724,7,1318,13,4.0212075977205e-05,4.434794479325006,"[0.129654154143819, 0.13747455804383216, 0.0743727830860503, 0.22]","[0.12, 0.12, 0.01, 0.22]",0.0019651001784950495,0.20703125,0.0,0.06538675598848201,1.0,0.4363323129985824,0.09933633012224269,0.09933633012224269,4.0212075977205e-05
lapanda_c,94,0.30006019197268374,0.05989270005375147,0.0028609000146389008,0.06275360006839037,7,1348,13,4.011295474056737e-05,4.384004197431935,"[0.12938502517473108, 0.13736401572694135, 0.07341604383517049, 0.22]","[0.12, 0.12, 0.01, 0.22]",0.0019651001784950495,0.20703125,0.00390625,0.0648441252605512,1.0,0.4363323129985824,0.09927540078489605,0.09927540078489605,4.011295474056737e-05
lapanda_c,95,0.29527711608048,0.04535300005227327,0.0028719999827444553,0.04822500003501773,7,1293,13,4.0000180519247537e-05,4.327135860949872,"[0.12911523851299855, 0.13725345630408525, 0.0724594918129736, 0.22]","[0.12, 0.12, 0.01, 0.22]",0.0019651001784950495,0.20703125,0.0,0.06430764993966562,1.0,0.4363323129985824,0.09921242524137647,0.09921242524137647,4.0000180519247537e-05
lapanda_c,96,0.29130467321987935,0.05443129991181195,0.0014939999673515558,0.055925299879163504,7,1403,13,3.9888569475236276e-05,4.277754317016484,"[0.12884436098072358, 0.13714300147976186, 0.07150323604473359, 0.22]","[0.12, 0.12, 0.01, 0.22]",0.0019651001784950495,0.20703125,0.0,0.06377350632313616,1.0,0.4363323129985824,0.09915874846443096,0.09915874846443096,3.9888569475236276e-05
lapanda_c,97,0.28049816176279185,0.04252789984457195,0.0019879001192748547,0.0445157999638468,7,1194,13,3.987311880930821e-05,4.305747303151514,"[0.12857270352984726, 0.1370325887824745, 0.0705471966806585, 0.22]","[0.12, 0.12, 0.01, 0.22]",0.0019651001784950495,0.20703125,0.0,0.06445807654151674,1.0,0.4363323129985824,0.09910723743016736,0.09910723743016736,3.987311880930821e-05
lapanda_c,98,0.27597503938070544,0.04458039999008179,0.002294899895787239,0.046875299885869026,7,1343,13,3.9750087742643857e-05,4.246667323703579,"[0.12831673328415, 0.1369168225966809, 0.06958746889448969, 0.22]","[0.12, 0.12, 0.01, 0.22]",0.0019651001784950495,0.20703125,0.0,0.06392765482637194,1.0,0.4363323129985824,0.09905861756848217,0.09905861756848217,3.9750087742643857e-05
lapanda_c,99,0.09360797702506259,0.036803700029850006,0.0026042999234050512,0.03940799995325506,6,1092,14,9.986776388689768e-05,2.8196820358914385,"[0.1280597867215433, 0.13680103116850528, 0.06862800508114097, 0.22]","[0.12, 0.12, 0.01, 0.22]",0.0019651001784950495,0.20703125,0.0,0.040069182388766826,1.0,0.4363323129985824,0.1402771284192524,0.1402771284192524,9.986776388689768e-05
lapanda_c,100,0.09057286978420413,0.04380069999024272,0.0016183999832719564,0.045419099973514676,6,1049,14,9.960862285245226e-05,2.761849847425193,"[0.12782586848376457, 0.13650385203904458, 0.06770228005552728, 0.22]","[0.12, 0.12, 0.01, 0.22]",0.0019651001784950495,0.20703125,0.00390625,0.03960073574308296,1.0,0.4363323129985824,0.14034769813616604,0.14034769813616604,9.960862285245226e-05
lapanda_c,101,0.08726070873501499,0.03694109991192818,0.005749299889430404,0.04269039980135858,6,1135,14,9.93367492251226e-05,2.700733542429175,"[0.12759225154275128, 0.13620530830183122, 0.06677691809291898, 0.22]","[0.12, 0.12, 0.01, 0.22]",0.0019651001784950495,0.20703125,0.0,0.03913931530704043,1.0,0.4363323129985824,0.14040572453182765,0.14040572453182765,9.93367492251226e-05
lapanda_c,102,0.08504045355345244,0.03720030002295971,0.003142799949273467,0.040343099972233176,6,967,14,9.907768247333784e-05,2.6511820366589554,"[0.1273588481000656, 0.13590539087923711, 0.06585194654061752, 0.22]","[0.12, 0.12, 0.01, 0.22]",0.0019651001784950495,0.20703125,0.0,0.03868076079267681,1.0,0.4363323129985824,0.14048034254126154,0.14048034254126154,9.907768247333784e-05
lapanda_c,103,0.08153992287022716,0.03455280000343919,0.0023111000191420317,0.03686390002258122,6,929,14,9.881878978321942e-05,2.578427497279932,"[0.12712644535597062, 0.13560381234345084, 0.06492726316167631, 0.22]","[0.12, 0.12, 0.01, 0.22]",0.0019651001784950495,0.20703125,0.0,0.038223300568587665,1.0,0.4363323129985824,0.1405523339532669,0.1405523339532669,9.881878978321942e-05
lapanda_c,104,0.07961858861418727,0.03471519984304905,0.0015556002035737038,0.03627080004662275,6,1003,14,9.855546871969941e-05,2.5351625055361025,"[0.12689440058914353, 0.13530080390894458, 0.06400295741420622, 0.22]","[0.12, 0.12, 0.01, 0.22]",0.0019651001784950495,0.20703125,0.0,0.037773213536488555,1.0,0.4363323129985824,0.14062682271273444,0.14062682271273444,9.855546871969941e-05
lapanda_c,105,0.07583291676322551,0.03564579994417727,0.002520799869671464,0.038166599813848734,6,905,14,9.828033547187035e-05,2.4555457134833496,"[0.1266629553350703, 0.13499629806832714, 0.06307899351480493, 0.22]","[0.12, 0.12, 0.01, 0.22]",0.0019651001784950495,0.20703125,0.0,0.037313953509718244,1.0,0.4363323129985824,0.14067363323678073,0.14067363323678073,9.828033547187035e-05
lapanda_c,106,0.07392038351957068,0.041669399943202734,0.001699900021776557,0.04336929996497929,6,998,14,9.804099673339336e-05,2.3999145126454544,"[0.1264315243485936, 0.1346904141559992, 0.062155481343430144, 0.22]","[0.12, 0.12, 0.01, 0.22]",0.0019651001784950495,0.20703125,0.0,0.036878104948018506,1.0,0.4363323129985824,0.14078607105519444,0.14078607105519444,9.804099673339336e-05
lapanda_c,107,0.07160071560897802,0.040338699938729405,0.0022778999991714954,0.0426165999379009,6,978,14,9.774308451162528e-05,2.348418605765749,"[0.12620164356859345, 0.13438269810781067, 0.06123219067377418, 0.22]","[0.12, 0.12, 0.01, 0.22]",0.0019651001784950495,0.20703125,0.0,0.0364299489194409,1.0,0.4363323129985824,0.1408136494997697,0.1408136494997697,9.774308451162528e-05
lapanda_c,108,0.06862776628588084,0.04187910002656281,0.002516500186175108,0.04439560021273792,6,1102,14,9.750459688174068e-05,2.257079090247755,"[0.12597180342876965, 0.13407360332488108, 0.06030935053307186, 0.22]","[0.12, 0.12, 0.01, 0.22]",0.0019651001784950495,0.20703125,0.0,0.03599080532843374,1.0,0.4363323129985824,0.14091763040792094,0.14091763040792094,9.750459688174068e-05
lapanda_c,109,0.06642205345474114,0.048652999801561236,0.00223549990914762,0.05088849971070886,6,971,15,9.723776981032515e-05,2.2154442450241465,"[0.1257441473221555, 0.13376231049678908, 0.059386707876189056, 0.22]","[0.12, 0.12, 0.01, 0.22]",0.0019651001784950495,0.20703125,0.0,0.03554463442456383,1.0,0.4363323129985824,0.14097676713265392,0.14097676713265392,9.723776981032515e-05
lapanda_c,110,0.0643982899598957,0.03899369994178414,0.003398899920284748,0.04239259986206889,6,975,15,9.697357075917044e-05,2.154832544466505,"[0.12551617019209038, 0.13344977698100796, 0.05846456405352322, 0.22]","[0.12, 0.12, 0.01, 0.22]",0.0019651001784950495,0.20703125,0.0,0.03511337695141973,1.0,0.4363323129985824,0.1410524744228338,0.1410524744228338,9.697357075917044e-05
lapanda_c,111,0.061852116398238316,0.045906699961051345,0.0016487999819219112,0.047555499942973256,6,1070,15,9.670542373596011e-05,2.0835990346637594,"[0.12528961056924, 0.13313533123957252, 0.057542721001270274, 0.22]","[0.12, 0.12, 0.01, 0.22]",0.0019651001784950495,0.20703125,0.0,0.034679229404697885,1.0,0.4363323129985824,0.14111906815627115,0.14111906815627115,9.670542373596011e-05
lapanda_c,112,0.059314997943215125,0.0427371000405401,0.0015673001762479544,0.044304400216788054,6,1087,14,9.640810836188819e-05,2.010239508285704,"[0.12506391586614213, 0.1328191511278113, 0.05662125909868274, 0.22]","[0.12, 0.12, 0.01, 0.22]",0.0019651001784950495,0.20703125,0.00390625,0.034249000816234686,1.0,0.4363323129985824,0.14115457433627354,0.14115457433627354,9.640810836188819e-05
lapanda_c,113,0.05716062097850784,0.03418219997547567,0.0022108000703155994,0.03639300004579127,6,1002,14,9.615140099561431e-05,1.9352251557851894,"[0.12483884685446761, 0.13250133924453567, 0.05570020560032739, 0.22]","[0.12, 0.12, 0.01, 0.22]",0.0019651001784950495,0.20703125,0.0,0.033821317056478964,1.0,0.4363323129985824,0.14123682337384608,0.14123682337384608,9.615140099561431e-05
lapanda_c,114,0.055601885714149445,0.04329929989762604,0.0016783000901341438,0.044977599987760186,6,1062,14,9.587791316673322e-05,1.8808124039224412,"[0.12461582988888305, 0.13218127529809567, 0.05477943282528964, 0.22]","[0.12, 0.12, 0.01, 0.22]",0.0019651001784950495,0.20703125,0.0,0.033398951387042734,1.0,0.4363323129985824,0.14130097402997766,0.14130097402997766,9.587791316673322e-05
lapanda_c,115,0.05331390988712543,0.03650039993226528,0.001510299975052476,0.03801069990731776,6,1000,14,9.560538192589254e-05,1.805129039808996,"[0.12439409541853906, 0.1318592984827713, 0.053859017291383975, 0.22]","[0.12, 0.12, 0.01, 0.22]",0.0019651001784950495,0.20703125,0.0,0.032979711396788555,1.0,0.4363323129985824,0.1413678320944433,0.1413678320944433,9.560538192589254e-05
lapanda_c,116,0.051159109043239295,0.04228390008211136,0.0017770000267773867,0.044060900108888745,6,1143,14,9.532245950102003e-05,1.7338897714588872,"[0.12417350868632748, 0.131535437738671, 0.0529389870136197, 0.22]","[0.12, 0.12, 0.01, 0.22]",0.0019651001784950495,0.20703125,0.0,0.03255790838246717,1.0,0.4363323129985824,0.1414157802774673,0.1414157802774673,9.532245950102003e-05
lapanda_c,117,0.049344550599259254,0.0305373000446707,0.0017486999277025461,0.03228599997237325,6,940,14,9.505026165249262e-05,1.6601860916564364,"[0.12395403168028149, 0.13120965265701304, 0.05201937083042901, 0.22]","[0.12, 0.12, 0.01, 0.22]",0.0019651001784950495,0.20703125,0.0,0.03214501754262742,1.0,0.4363323129985824,0.14148441623928615,0.14148441623928615,9.505026165249262e-05
lapanda_c,118,0.047703933033581,0.03726990008726716,0.001516799908131361,0.03878669999539852,6,1042,14,9.47646054401829e-05,1.5996713094405504,"[0.12373692759585506, 0.13088142761852442, 0.051100059054895536, 0.22]","[0.12, 0.12, 0.01, 0.22]",0.0019651001784950495,0.20703125,0.0,0.03173144095587163,1.0,0.4363323129985824,0.14153200366422175,0.14153200366422175,9.47646054401829e-05
lapanda_c,119,0.04579775960710495,0.03665470005944371,0.0015402999706566334,0.038195000030100346,6,1157,14,9.453073101040731e-05,2.1425836882320897,"[0.12352096490326447, 0.13055125828741437, 0.0501811747704487, 0.22]","[0.12, 0.12, 0.01, 0.22]",0.0019651001784950495,0.20703125,0.0078125,0.03132556939873707,1.0,0.4363323129985824,0.14158396345211402,0.14158396345211402,9.453073101040731e-05
lapanda_c,120,0.04343270165143244,0.04010089999064803,0.0016615998465567827,0.041762499837204814,6,952,14,9.43690260971434e-05,2.0869026477281913,"[0.12324729093286783, 0.13025677822598924, 0.04926554162810927, 0.22]","[0.12, 0.12, 0.01, 0.22]",0.0019651001784950495,0.20703125,0.00390625,0.030906478498289508,1.0,0.4363323129985824,0.1416058139511133,0.1416058139511133,9.43690260971434e-05
lapanda_c,121,0.041058477623183764,0.03661650000140071,0.002403500024229288,0.03902000002563,6,1085,15,9.419878581776333e-05,2.0350100788033885,"[0.12297246289333703, 0.12996164962292858, 0.04835046313074245, 0.22]","[0.12, 0.12, 0.01, 0.22]",0.0019651001784950495,0.20703125,0.0,0.03049216141354331,1.0,0.4363323129985824,0.1416066104045134,0.1416066104045134,9.419878581776333e-05
lapanda_c,122,0.03940664315650606,0.03526169992983341,0.0022597999777644873,0.0375214999075979,6,968,14,9.401914333400934e-05,1.990967788597094,"[0.12269598511897727, 0.1296659576461786, 0.04743606371299834, 0.22]","[0.12, 0.12, 0.01, 0.22]",0.0019651001784950495,0.20703125,0.00390625,0.030088902419752886,1.0,0.4363323129985824,0.14165358190720015,0.14165358190720015,9.401914333400934e-05
lapanda_c,123,0.03730273940698451,0.04525820002891123,0.0017711999826133251,0.04702940001152456,6,1135,15,9.388682282054557e-05,1.9370244126926,"[0.12241873911937051, 0.1293693965903612, 0.04652217849270286, 0.22]","[0.12, 0.12, 0.01, 0.22]",0.0019651001784950495,0.20703125,0.0,0.02968270734848736,1.0,0.4363323129985824,0.141672129197775,0.141672129197775,9.388682282054557e-05
lapanda_c,124,0.0349928986522426,0.03357979981228709,0.0015569000970572233,0.035136699909344316,6,1027,15,9.368189137162237e-05,1.8738897053678298,"[0.12214111363202733, 0.1290715511089312, 0.04560882633829078, 0.22]","[0.12, 0.12, 0.01, 0.22]",0.0019651001784950495,0.20703125,0.0,0.029274034950018114,1.0,0.4363323129985824,0.14167985758539148,0.14167985758539148,9.368189137162237e-05
lapanda_c,125,0.03319811888779817,0.04131169989705086,0.0016930000856518745,0.04300469998270273,6,959,15,9.353303772331032e-05,1.8221995345354003,"[0.12186132275172303, 0.12877367775088028, 0.04469614428748557, 0.22]","[0.12, 0.12, 0.01, 0.22]",0.0019651001784950495,0.20703125,0.0,0.028879319963907416,1.0,0.4363323129985824,0.14172170657174532,0.14172170657174532,9.353303772331032e-05
lapanda_c,126,0.03109572761449931,0.034018300008028746,0.001896900124847889,0.035915200132876635,6,1027,15,9.334059255220645e-05,1.7580211268944812,"[0.12158101341870238, 0.12847468405282733, 0.043783987806202816, 0.22]","[0.12, 0.12, 0.01, 0.22]",0.0019651001784950495,0.20703125,0.0,0.028481280567234746,1.0,0.4363323129985824,0.14175064420014194,0.14175064420014194,9.334059255220645e-05
lapanda_c,127,0.0294116500482121,0.03746669995598495,0.0016805999912321568,0.03914729994721711,6,942,15,9.316639598241177e-05,1.7046913490365103,"[0.12129839814791894, 0.1281757406962216, 0.04287252662860868, 0.22]","[0.12, 0.12, 0.01, 0.22]",0.0019651001784950495,0.20703125,0.0,0.028087288271317505,1.0,0.4363323129985824,0.1417760611627263,0.1417760611627263,9.316639598241177e-05
lapanda_c,128,0.027421795921003016,0.03184129996225238,0.002151499968022108,0.03399279993027449,6,1030,15,9.298688935036024e-05,1.6413856551861687,"[0.12101502086045454, 0.12787583242521958, 0.04196161920085661, 0.22]","[0.12, 0.12, 0.01, 0.22]",0.0019651001784950495,0.20703125,0.0,0.027692219408395155,1.0,0.4363323129985824,0.14178726097370925,0.14178726097370925,9.298688935036024e-05
lapanda_c,129,0.02582094724382384,0.04032299993559718,0.0015889001078903675,0.04191190004348755,6,1077,15,9.279326453772933e-05,1.5848974148687645,"[0.12072987045614475, 0.12757552755920698, 0.041051396022525534, 0.22]","[0.12, 0.12, 0.01, 0.22]",0.0019651001784950495,0.20703125,0.0,0.027311028653412835,1.0,0.4363323129985824,0.14181541220784427,0.14181541220784427,9.279326453772933e-05
lapanda_c,130,0.024236178372814055,0.03219810011796653,0.0015789000317454338,0.033777000149711967,6,1000,15,9.261688189896657e-05,1.5279764582460909,"[0.12044366627369561, 0.12727450047538033, 0.04014174231877259, 0.22]","[0.12, 0.12, 0.01, 0.22]",0.0019651001784950495,0.20703125,0.0,0.02692511654905756,1.0,0.4363323129985824,0.1418473265319377,0.1418473265319377,9.261688189896657e-05
lapanda_c,131,0.022541694877891618,0.04505810001865029,0.0026722000911831856,0.04773030010983348,6,1111,15,9.243763001783094e-05,1.457091403820899,"[0.12015682836227363, 0.12697253953132268, 0.039232597885343626, 0.22]","[0.12, 0.12, 0.01, 0.22]",0.0019651001784950495,0.20703125,0.0,0.026536485070743337,1.0,0.4363323129985824,0.14187293243311752,0.14187293243311752,9.243763001783094e-05
lapanda_c,132,0.02112770846399594,0.03862610016949475,0.0017087999731302261,0.040334900142624974,6,1155,15,9.224544123044562e-05,1.403523319150694,"[0.11986815768671336, 0.12667030865253529, 0.03832412348450507, 0.22]","[0.12, 0.12, 0.01, 0.22]",0.0019651001784950495,0.20703125,0.0,0.026163003166490145,1.0,0.4363323129985824,0.14191463434786816,0.14191463434786816,9.224544123044562e-05
lapanda_c,133,0.01949790286898998,0.0325889999512583,0.001990000018849969,0.03457899997010827,6,1021,15,9.203447128897943e-05,1.3357845482844886,"[0.11957837221990661, 0.12636746696740875, 0.03741620757596655, 0.22]","[0.12, 0.12, 0.01, 0.22]",0.0019651001784950495,0.20703125,0.0,0.025783630129222156,1.0,0.4363323129985824,0.14189280215434824,0.14189280215434824,9.203447128897943e-05
lapanda_c,134,0.018358255918927677,0.038583799963817,0.0016995999030768871,0.04028339986689389,6,1063,14,9.182938788097383e-05,1.2721281598189222,"[0.11928692924590661, 0.12606409287627346, 0.03650900023817994, 0.22]","[0.12, 0.12, 0.01, 0.22]",0.0019651001784950495,0.20703125,0.0,0.0254156118468851,1.0,0.4363323129985824,0.14195195427824972,0.14195195427824972,9.182938788097383e-05
lapanda_c,135,0.01686712347039155,0.0337848998606205,0.001626000041142106,0.035410899901762605,6,1080,15,9.163917682095643e-05,1.2173129192212402,"[0.11899468796124031, 0.12576022428139688, 0.035602215308560836, 0.22]","[0.12, 0.12, 0.01, 0.22]",0.0019651001784950495,0.20703125,0.0,0.025045429769247243,1.0,0.4363323129985824,0.14193732835265438,0.14193732835265438,9.163917682095643e-05
lapanda_c,136,0.01562743630747801,0.04186219978146255,0.006409900030121207,0.04827209981158376,6,1002,16,9.145999404029744e-05,1.362950363626357,"[0.1187010393560298, 0.1254554082952704, 0.034696203326708676, 0.22]","[0.12, 0.12, 0.01, 0.22]",0.0019651001784950495,0.20703125,0.0,0.024673740796453226,1.0,0.4363323129985824,0.14197376109378473,0.14197376109378473,9.145999404029744e-05
lapanda_c,137,0.014341050475378769,0.03767260001040995,0.004557900130748749,0.0422305001411587,6,1112,15,9.126984972137091e-05,1.0731937062267904,"[0.11840904601054213, 0.12514670891043206, 0.03379097154644942, 0.22]","[0.12, 0.12, 0.01, 0.22]",0.0019651001784950495,0.20703125,0.0,0.024309042065083466,1.0,0.4363323129985824,0.14197938340909746,0.14197938340909746,9.126984972137091e-05
lapanda_c,138,0.013259413899884352,0.03743600007146597,0.006201899843290448,0.04363789991475642,6,995,17,9.10227312685958e-05,1.2528026476203808,"[0.11811299819922161, 0.12484062698899984, 0.03288616794854284, 0.22]","[0.12, 0.12, 0.01, 0.22]",0.0019651001784950495,0.20703125,0.0,0.023953209946639638,1.0,0.4363323129985824,0.14200829129425796,0.14200829129425796,9.10227312685958e-05
lapanda_c,139,0.012022760193201792,0.04710579989477992,0.0029789998661726713,0.05008479976095259,6,1173,17,9.083366274401744e-05,1.1917783608182506,"[0.11781856867365359, 0.12453054127886666, 0.03198219996966029, 0.22]","[0.12, 0.12, 0.01, 0.22]",0.0019651001784950495,0.20703125,0.0,0.023598355857749508,1.0,0.4363323129985824,0.14206264877996744,0.14206264877996744,9.083366274401744e-05
lapanda_c,140,0.010727300934381664,0.03695099987089634,0.002120699966326356,0.039071699837222695,6,1013,16,9.060998092025493e-05,1.124197646464527,"[0.11752346453548282, 0.12421963645606991, 0.03107873345738869, 0.22]","[0.12, 0.12, 0.01, 0.22]",0.0019651001784950495,0.20703125,0.00390625,0.023248261320806145,1.0,0.4363323129985824,0.14204291185823115,0.14204291185823115,9.060998092025493e-05
lapanda_c,141,0.009572011381960066,0.03630340006202459,0.0021087999921292067,0.0384122000541538,6,1058,16,9.040378987698409e-05,1.060922420274779,"[0.11722706726038236, 0.1239078496499995, 0.03017599449020414, 0.22]","[0.12, 0.12, 0.01, 0.22]",0.0019651001784950495,0.20703125,0.0,0.022899083617577254,1.0,0.4363323129985824,0.14206896914493006,0.14206896914493006,9.040378987698409e-05
lapanda_c,142,0.008404427647729654,0.03438159986399114,0.0038101000245660543,0.038191699888557196,6,1149,17,9.021525076231775e-05,0.9931805179310899,"[0.11692999462056268, 0.12359507687086496, 0.029273818767130734, 0.22]","[0.12, 0.12, 0.01, 0.22]",0.0019651001784950495,0.20703125,0.0,0.022558115091720107,1.0,0.4363323129985824,0.14211995052328205,0.14211995052328205,9.021525076231775e-05
lapanda_c,143,0.007468957630794161,0.02983479993417859,0.0018106999341398478,0.03164549986831844,6,974,17,8.996987553014031e-05,0.9304206707594569,"[0.11663302157474059, 0.12328097277266914, 0.028372072890759936, 0.22]","[0.12, 0.12, 0.01, 0.22]",0.0019651001784950495,0.20703125,0.0,0.022215153617699476,1.0,0.4363323129985824,0.14211215357392304,0.14211215357392304,8.996987553014031e-05
lapanda_c,144,0.006337049378607939,0.029840199975296855,0.0016892000567167997,0.031529400032013655,6,990,16,8.976101051150605e-05,0.8534161510728375,"[0.11633437237954773, 0.12296638968502556, 0.02747104784161908, 0.22]","[0.12, 0.12, 0.01, 0.22]",0.0019651001784950495,0.20703125,0.0,0.02187428875700486,1.0,0.4363323129985824,0.14213853782822614,0.14213853782822614,8.976101051150605e-05
lapanda_c,145,0.005572921743823319,0.038027599919587374,0.00201370008289814,0.040041300002485514,6,1109,17,8.955671118185955e-05,0.7928625578076559,"[0.1160338849718804, 0.12265167758981499, 0.02657067924212133, 0.22]","[0.12, 0.12, 0.01, 0.22]",0.0019651001784950495,0.20703125,0.00390625,0.021533414748394347,1.0,0.4363323129985824,0.1421500577123827,0.1421500577123827,8.955671118185955e-05
lapanda_c,146,0.004729901267340181,0.04667770001105964,0.0031218999065458775,0.04979959991760552,6,1084,17,8.931691641229579e-05,0.724860099620085,"[0.11573329344792134, 0.12233535197196757, 0.025670911027958692, 0.22]","[0.12, 0.12, 0.01, 0.22]",0.0019651001784950495,0.20703125,0.0,0.02120179624078113,1.0,0.4363323129985824,0.14217678273108808,0.14217678273108808,8.931691641229579e-05
lapanda_c,147,0.004131700909327022,0.04098669998347759,0.0017569998744875193,0.04274369985796511,6,1072,17,8.907625337185313e-05,0.6671198299788551,"[0.11543187958322997, 0.12201850921586843, 0.02477159998606089, 0.22]","[0.12, 0.12, 0.01, 0.22]",0.0019651001784950495,0.20703125,0.0,0.02087598370200929,1.0,0.4363323129985824,0.14218019509719076,0.14218019509719076,8.907625337185313e-05
lapanda_c,148,0.0032598235914216836,0.039552300004288554,0.0018026998732239008,0.041354999877512455,6,1021,16,8.88617209818116e-05,0.5822710804396476,"[0.11513068446596232, 0.1216999112794318, 0.023872835914553553, 0.22]","[0.12, 0.12, 0.01, 0.22]",0.0019651001784950495,0.20703125,0.0,0.020546096365484774,1.0,0.4363323129985824,0.1421841816659401,0.1421841816659401,8.88617209818116e-05
lapanda_c,149,0.0027009052820799115,0.031505499966442585,0.0024111999664455652,0.03391669993288815,6,1025,17,8.859850282304158e-05,0.5159137712594795,"[0.11482804787603855, 0.12138079891226032, 0.022974738819826302, 0.22]","[0.12, 0.12, 0.01, 0.22]",0.0019651001784950495,0.20703125,0.0,0.020223666723082675,1.0,0.4363323129985824,0.1421827598223746,0.1421827598223746,8.859850282304158e-05
lapanda_c,150,0.0021665569245320933,0.02884799987077713,0.0017281000036746264,0.030576099874451756,6,967,17,8.839248659292871e-05,0.4445316899494484,"[0.11452254710494349, 0.12106213411099674, 0.022077452899232446, 0.22]","[0.12, 0.12, 0.01, 0.22]",0.0019651001784950495,0.20703125,0.0,0.01990678240729246,1.0,0.4363323129985824,0.14222443989326178,0.14222443989326178,8.839248659292871e-05
