repetition,horizon,dt,forward_time_ms,backward_time_ms,value_grad_time_ms,constraint_violation_inf,outer_iterations,inner_iterations,backward_iterations,final_residual
0,60,0.05,1189.423100091517,4.596800077706575,1194.0199001692235,0.00042433353741300195,6,7639,11,0.0009022266074662144
1,60,0.05,111.67410016059875,4.162899684160948,115.8369998447597,0.00042964347590745966,1,703,11,0.0009022266074662144
2,60,0.05,151.7460998147726,3.876399714499712,155.62249952927232,0.0004227871199324884,1,859,11,0.0009022266074662144
3,60,0.05,87.23510010167956,3.958000335842371,91.19310043752193,0.0004252320892599304,1,659,11,0.0009022266074662144
4,60,0.05,82.93960010632873,4.028799943625927,86.96840004995465,0.0004255751263964047,1,557,11,0.0009022266074662144
5,60,0.05,80.64020005986094,3.9035999216139317,84.54379998147488,0.0004230283621224906,1,777,11,0.0009022266074662144
6,60,0.05,57.03849997371435,3.7889000959694386,60.82740006968379,0.0004271219796663228,1,473,11,0.0009022266074662144
7,60,0.05,70.96449984237552,4.289200063794851,75.25369990617037,0.00042400479279480763,1,639,11,0.0009022266074662144
8,60,0.05,60.644600074738264,3.863600082695484,64.50820015743375,0.000422828748114501,1,553,11,0.0009022266074662144
9,60,0.05,91.6655003093183,3.9182999171316624,95.58380022644997,0.00042392078346265016,1,675,11,0.0009022266074662144
10,60,0.05,90.78239975497127,4.269300028681755,95.05169978365302,0.0004235893307655836,1,564,11,0.0009022266074662144
11,60,0.05,57.04149976372719,10.926800314337015,67.9683000780642,0.0004229136238524944,1,596,11,0.0009022266074662144
12,60,0.05,76.19669986888766,4.267999902367592,80.46469977125525,0.0004239667000396352,1,434,11,0.0009022266074662144
13,60,0.05,95.24779999628663,4.720400087535381,99.96820008382201,0.00042364882084333644,1,684,11,0.0009022266074662144
14,60,0.05,77.91930017992854,4.150699824094772,82.07000000402331,0.0004222018320974019,1,907,11,0.0009022266074662144
