inner_tolerance,initial_penalty,success,forward_time_ms,backward_time_ms,outer_iterations,inner_iterations_sum,inner_iterations,final_residual,geometric_violation,final_distance,imitation_loss
0.1,1.0,True,213.74551998451352,3.1741200014948845,15,5445,"[1, 1, 177, 89, 135, 151, 126, 186, 376, 329, 354, 517, 810, 1030, 1163]",4.659401471278357e-05,0.0,0.12444144014259216,1.9035773371405553
0.1,3.0,True,126.68789997696878,2.85630002617836,12,3526,"[1, 1, 142, 98, 113, 176, 119, 248, 456, 491, 640, 1041]",4.2075077246475634e-05,0.0,0.12455336088040433,1.8993810121996524
0.1,10.0,True,97.53072010353208,2.8365000151097775,12,2824,"[1, 1, 82, 152, 133, 152, 203, 269, 422, 345, 446, 618]",8.630973362445948e-05,0.0,0.1246452139496706,1.888314622553481
0.1,30.0,False,30.772780068218708,2.374419942498207,7,672,"[1, 1, 78, 111, 397, 74, 10]",0.0,0.0,1.6319824503637999,40.26881436899859
0.1,100.0,True,104.73595997318625,2.8515998274087906,14,3096,"[1, 50, 35, 172, 114, 159, 156, 195, 243, 171, 295, 390, 540, 575]",8.816042216960862e-05,0.0,0.12439611458603383,2.0087266550328633
0.1,300.0,False,7.2489601559937,2.244340069591999,4,197,"[1, 95, 73, 28]",0.0,0.0,1.816266679147983,43.127022591545035
0.1,1000.0,True,195.36784011870623,2.6058400981128216,8,4859,"[153, 63, 239, 1, 702, 757, 824, 2120]",1.1441054426464259e-05,0.0,0.36443333977371295,4.403477442460062
0.1,1500.0,False,22.672979906201363,2.466020081192255,4,572,"[298, 205, 43, 26]",0.0,0.0,1.8217911701177658,42.745796419566375
0.1,2000.0,True,48.13716001808643,2.8792799450457096,5,1589,"[256, 241, 306, 433, 353]",9.13137207925463e-05,0.0,0.12441371119035641,1.9139600430824593
0.1,2500.0,True,99.71853997558355,2.7907799929380417,6,2889,"[311, 270, 291, 665, 428, 924]",4.7079279712924915e-05,0.0,0.12422068875258671,1.905591602970555
0.1,3000.0,True,58.03497992455959,3.3718999475240707,5,1683,"[345, 180, 293, 463, 402]",8.698424965433715e-05,0.0,0.12485919401572752,1.8927298708174656
0.1,4000.0,True,102.09720004349947,3.1012200750410557,6,2899,"[393, 273, 375, 377, 588, 893]",1.3830605167153287e-05,0.0,0.12413199529744576,1.8833192983882083
0.1,5000.0,True,70.99708002060652,2.752260025590658,5,1978,"[361, 260, 327, 429, 601]",6.499262971647047e-05,0.0,0.12442073093235659,1.99673319272766
0.1,7000.0,True,141.47315993905067,3.1906201504170895,6,3472,"[356, 293, 408, 706, 805, 904]",2.235347332840698e-05,0.0,0.1245193424632243,2.0573690149547263
0.1,10000.0,True,112.9279600456357,3.5317400470376015,5,2920,"[474, 354, 289, 499, 1304]",5.963643194231705e-05,0.0,0.12441234011781811,1.8377057479244818
0.1,30000.0,True,90.0114600546658,2.706059906631708,3,2167,"[715, 576, 876]",1.4701637989431027e-05,0.0,0.12487579758511073,2.0991870638427748
0.1,100000.0,True,94.00206012651324,2.7366199530661106,2,1934,"[1057, 877]",3.8205230904031495e-05,0.0,0.12412085758204319,1.8457207246973122
