step,initial_state,horizon,dt,forward_time_ms,backward_time_ms,value_grad_time_ms,constraint_violation_inf,outer_iterations,inner_iterations,backward_iterations,final_residual
0,"[-1.0, 0.65, 0.0, 0.0, 0.15, 0.0]",80,0.03125,931.712799705565,6.234999746084213,937.9477994516492,0.00023860700669642299,7,4210,10,0.0007278124282270593
1,"[-1.0013532413827804, 0.6493737673133178, -0.04330372424897355, -0.02003944597383206, 0.13828125, -0.375]",80,0.03125,313.3454001508653,5.860000383108854,319.20540053397417,0.0004996586368597455,3,1483,10,0.0004996586368597455
2,"[-1.0039734533440212, 0.6482712556040341, -0.08384678275970499, -0.03528037469707784, 0.11484375, -0.75]",80,0.03125,668.5342001728714,7.0175002329051495,675.5517004057765,0.0004140235089177824,6,3033,10,0.0004140235089177824
3,"[-1.0076811492509745, 0.6470162468372529, -0.11864626902250508, -0.040160280536996495, 0.0796875, -1.125]",80,0.03125,97.02769992873073,5.866899620741606,102.89459954947233,0.00049562264818237,2,544,10,0.00049562264818237
4,"[-1.0121775270874571, 0.6460573867056655, -0.14388409076744121, -0.030683524210797175, 0.03505295680426909, -1.4283053822633889]",80,0.03125,426.14659992977977,12.231600005179644,438.3781999349594,0.00040961536889444483,6,1369,11,0.00040961536889444483
5,"[-1.0170377468259242, 0.6458939746309651, -0.15552703163094822, -0.00522918639041331, -0.014853980047110145, -1.5970219792441356]",80,0.03125,132.0059997960925,6.112100090831518,138.11809988692403,0.0005057344255003926,2,470,11,0.0005057344255003926
6,"[-1.0217368690129511, 0.6469950999840227, -0.15037190998485908, 0.03523601129784232, -0.06662251140672178, -1.6565930035075722]",80,0.03125,275.93749994412065,9.844899643212557,285.7823995873332,0.0004144536507383334,6,1391,11,0.0004144536507383334
7,"[-1.0256879330098543, 0.6497278394750433, -0.12643404790090118, 0.08744766371266077, -0.11751125208990082, -1.6284397018617291]",80,0.03125,107.19239991158247,10.276000015437603,117.46839992702007,0.0005663699466378347,2,486,11,0.0005663699466378347
8,"[-1.0282859515156886, 0.6543416307783242, -0.08313659218669678, 0.14764132170498895, -0.1654411456442489, -1.5337565937391382]",80,0.03125,249.3253997527063,6.203100085258484,255.52849983796477,0.00042298306128674135,6,1262,10,0.00042298306128674135
9,"[-1.0289515134272746, 0.6609492084134543, -0.02129798117075639, 0.21144248432416324, -0.20884749429618873, -1.3890031568620753]",80,0.03125,101.04890028014779,6.67149992659688,107.72040020674467,0.0007310814509802199,2,515,11,0.0007310814509802199
10,"[-1.0271650228348308, 0.6695463836685384, 0.05716769895820398, 0.27510960816269014, -0.24669867704303813, -1.211237847899181]",80,0.03125,234.57200033590198,12.00020033866167,246.57220067456365,0.00047698308438987036,6,1192,11,0.00047698308438987036
11,"[-1.02249075923554, 0.6800307105545111, 0.14957643517731112, 0.33549846035113035, -0.2783049846216365, -1.011401842515147]",80,0.03125,114.13819994777441,6.757200229912996,120.8954001776874,0.0002421872335705566,3,676,11,0.0002421872335705566
12,"[-1.0145903460566836, 0.6922262551968354, 0.2528132217234027, 0.39025742855437767, -0.30333815290282273, -0.8010613849979586]",80,0.03125,233.38419990614057,10.586299933493137,243.9704998396337,0.00023686311521131653,6,1137,11,0.00023686311521131653
13,"[-1.0032265544643835, 0.7059069125647313, 0.36364133095360435, 0.4377810357726675, -0.32176406364194216, -0.5896291436518214]",80,0.03125,118.09120001271367,6.604499649256468,124.69569966197014,0.0009893035005079653,3,591,11,0.0009893035005079653
14,"[-0.9882571419100823, 0.7208238676211899, 0.47902120173763785, 0.47734256180667434, -0.3339742054855308, -0.3907245389948368]",80,0.03125,228.18040009588003,7.133099716156721,235.31349981203675,0.0005372440990729643,6,1075,11,0.0005372440990729643
15,"[-0.9696249479244688, 0.7367171802137583, 0.5962302075396307, 0.5085860029621884, -0.3400461307610712, -0.19430160881729364]",80,0.03125,45.31909991055727,13.977600261569023,59.29670017212629,0.0007448211129347238,1,243,10,0.0007448211129347238
16,"[-0.9473460936102808, 0.7533378650989876, 0.7129233380540185, 0.5318619163273368, -0.34074482111293475, -0.022358091259634144]",80,0.03125,32.48600009828806,7.323999889194965,39.809999987483025,0.0004724792426797908,1,159,10,0.0007391576980901845
17,"[-0.9214960845132998, 0.7704501170108244, 0.8272002911033901, 0.5475920611787799, -0.3364486336883661, 0.1374779975861976]",80,0.03125,35.36970028653741,6.7785996943712234,42.14829998090863,0.0006856937886368097,1,184,11,0.0007391576980901853
18,"[-0.8921982471605523, 0.7878403792597677, 0.9375307952879215, 0.5564883919661849, -0.3276055216181023, 0.28297958624844166]",80,0.03125,36.30479983985424,6.909800227731466,43.21460006758571,0.0007819899129468677,1,179,11,0.0007819899129468677
19,"[-0.8596147068909035, 0.8053186139339847, 1.0426732886287633, 0.5593035095749466, -0.314714746864849, 0.4125047921041052]",80,0.03125,42.65339998528361,6.388199981302023,49.041599966585636,0.0008161140398972311,1,221,11,0.0008161140398972311
20,"[-0.823936185398325, 0.8227241702189239, 1.1417126877625106, 0.5569778011180513, -0.2982964787314426, 0.5253845802690056]",80,0.03125,83.28510029241443,5.749900359660387,89.03500065207481,0.0007938335760271364,2,477,11,0.0007938335760271364
21,"[-0.7853768438016624, 0.8399190617570612, 1.2338989310932054, 0.5502365292203945, -0.27887532071293536, 0.6214770565922311]",80,0.03125,29.170300345867872,6.744099780917168,35.91440012678504,0.0008820330891412542,1,169,11,0.0008820330891412542
22,"[-0.7441660082888157, 0.8567939202243703, 1.3187467364110914, 0.5399954709538899, -0.2569773515053061, 0.7007350146441372]",80,0.03125,70.3682997263968,13.055100105702877,83.42339983209968,0.0008543167394845508,2,395,11,0.0008543167394845508
23,"[-0.7005453540241092, 0.8732589161625298, 1.3958609364706096, 0.5268798700211049, -0.2331058637095185, 0.7638876094652032]",80,0.03125,80.74110001325607,5.85529999807477,86.59640001133084,0.0009748839378154184,1,436,11,0.0009748839378154184
24,"[-0.6547631326789859, 0.889248163170644, 1.4650310830439477, 0.5116559042596553, -0.20774179633819742, 0.8116501558822746]",80,0.03125,150.04240022972226,5.91180007904768,155.95420030876994,0.0007546519615266867,3,775,11,0.0007546519615266867
25,"[-0.6070720110790144, 0.9047135757763752, 1.5261158911990858, 0.4948932033833978, -0.1813352813635077, 0.8450084791900707]",80,0.03125,56.59480020403862,5.912300199270248,62.50710040330887,0.0008462088031027104,1,251,11,0.0008462088031027104
26,"[-0.5577251281294769, 0.919629546282203, 1.5791002543852002, 0.47731105618648667, -0.1543100379388944, 0.8648077895876263]",80,0.03125,49.3665998801589,5.822200328111649,55.18880020827055,0.0009636644047730236,1,250,11,0.0009636644047730236
27,"[-0.5069756714386621, 0.9339825029118637, 1.6239826141060762, 0.45929461214914447, -0.12704793830507707, 0.872387188282154]",80,0.03125,119.02729980647564,6.404499989002943,125.43179979547858,0.0007124092811761074,2,650,11,0.0007124092811761074
28,"[-0.4550749091460816, 0.9477685497101432, 1.6608243933625737, 0.4411534975449459, -0.0998928817082663, 0.8689618110979449]",80,0.03125,59.95199969038367,6.016600411385298,65.96860010176897,0.0008228905938068021,1,301,11,0.0008228905938068021
29,"[-0.40227002152482183, 0.960995341617246, 1.6897564038803137, 0.4232573410272873, -0.0731571712309608, 0.855542735273776]",80,0.03125,52.679100073874,6.180000025779009,58.859100099653006,0.000936721804276841,1,327,11,0.000936721804276841
30,"[-0.348802845543514, 0.9736788512589902, 1.7109496314018517, 0.40587230853581774, -0.047112490078478404, 0.8334297968794366]",80,0.03125,99.06130004674196,5.978400353342295,105.03970040008426,0.0005709965928943905,2,551,11,0.0005734393085294887
31,"[-0.2949087876159586, 0.9858364861294346, 1.7246098536817709, 0.38904431585422034, -0.021987811492127484, 0.8039897147632294]",80,0.03125,157.67510002478957,6.22730003669858,163.90240006148815,0.000699868898348166,1,770,11,0.000699868898348166
32,"[-0.24081511234443378, 0.9974911251368966, 1.7309976086887948, 0.37294844823878553, 0.0020185433979300303, 0.7682033564818405]",80,0.03125,50.10939994826913,6.359000224620104,56.46840017288923,0.0008654661373708183,1,288,11,0.0008654661373708183
33,"[-0.186739806171581, 1.00866584891033, 1.7304097975312887, 0.3575911607498635, 0.024738032918464496, 0.7270236646571029]",80,0.03125,91.69260039925575,6.504399701952934,98.19700010120869,0.000822686791183358,2,543,11,0.000822686791183358
34,"[-0.1328902291065597, 1.01938341311075, 1.723186466080682, 0.3429620544134439, 0.04604392782770204, 0.6817886370956013]",80,0.03125,98.08410005643964,6.01219991222024,104.09629996865988,0.0009697329336537663,1,555,11,0.0009697329336537663
35,"[-0.07946208122330453, 1.029667193681397, 1.7097007322641655, 0.329080978260704, 0.06584258087329092, 0.6335568974588441]",80,0.03125,77.00130017474294,7.3254001326859,84.32670030742884,0.0009635739063438287,2,421,11,0.0009635739063438287
36,"[-0.0266382559625237, 1.0395359237783794, 1.6903624083449866, 0.3157993631034377, 0.084052052142747, 0.5827030806225945]",80,0.03125,83.27459963038564,6.1019002459943295,89.37649987637997,0.0009433966115999226,2,445,11,0.0009433966115999226
37,"[0.02541187672043299, 1.0490078106453218, 1.665604245854614, 0.30310037974215825, 0.10062750597821236, 0.5304145227348919]",80,0.03125,75.95840003341436,5.678600165992975,81.63700019940734,0.0009182765315360886,2,477,11,0.0009182765315360886
38,"[0.07653313917202267, 1.0580992203287454, 1.6358803984508696, 0.29092510986955195, 0.11554779931751212, 0.4774493868575921]",80,0.03125,59.92759997025132,5.948000121861696,65.87560009211302,0.000894394478256455,2,345,11,0.000894394478256455
39,"[0.12658517384738194, 1.0668228866685798, 1.601665109611496, 0.2791573228747039, 0.12881229396810043, 0.4244638288188259]",80,0.03125,25.044200010597706,5.937600042670965,30.98180005326867,0.0009746034825246497,1,129,11,0.0009746034825246497
40,"[0.175442181885683, 1.0751923782639747, 1.5634242572256345, 0.26782373105263907, 0.14043658338164375, 0.3719772612333865]",80,0.03125,77.13209977373481,6.585499737411737,83.71759951114655,0.0009561254025041155,2,455,11,0.0009561254025041155
41,"[0.22299378878788562, 1.0832159093981204, 1.5216514208704837, 0.25675299629266213, 0.15045832209382315, 0.3206956387897405]",80,0.03125,64.94319997727871,5.764800123870373,70.70800010114908,0.0008809589695835118,2,386,11,0.0008809589695835118
42,"[0.2691444219520446, 1.090900367616536, 1.4768202612530859, 0.24590266298930458, 0.15891773681483967, 0.2707012710725285]",80,0.03125,29.57740006968379,6.768799852579832,36.34619992226362,0.0009775225619801375,1,143,11,0.0009775225619801375
43,"[0.3138125411885826, 1.098254896077085, 1.4293798155692161, 0.23534491073756675, 0.1658743296657975, 0.2226109712306505]",80,0.03125,65.5005001462996,6.059099920094013,71.55960006639361,0.0008542156099986542,2,375,11,0.0008542156099986542
44,"[0.3569316281973721, 1.1052821298941555, 1.3798107842812646, 0.22487148214625546, 0.17139455165203754, 0.17664710355968213]",80,0.03125,37.696899846196175,6.647800095379353,44.34469994157553,0.0009707180888467448,1,214,11,0.0009830506441532716
45,"[0.39844762205022444, 1.1119907514537075, 1.3285118032912737, 0.21467588990566472, 0.17555364054342643, 0.13309084452444386]",80,0.03125,113.1574003957212,6.108599714934826,119.26600011065602,0.0005452639833143369,3,700,11,0.0007577480501373664
46,"[0.43832036690924453, 1.1183833184737308, 1.2759278354886423, 0.20456214464075007, 0.17844057910221506, 0.09238203388123606]",80,0.03125,39.43930007517338,7.094499655067921,46.5337997302413,0.0005838085886125111,1,242,11,0.0008520024417952854
47,"[0.4765212601460522, 1.1244653880369164, 1.222428583577845, 0.19462622602193907, 0.18014403897756207, 0.054510716011104535]",80,0.03125,78.22929974645376,5.890199914574623,84.11949966102839,0.0004670874958696558,2,438,11,0.0009936347630589148
48,"[0.5130331541201467, 1.1302415648706547, 1.1683806071710243, 0.18483765867962942, 0.1807586701825593, 0.019668198559911962]",80,0.03125,115.9692001529038,7.507499773055315,123.47669992595911,0.0003565743049800396,3,659,11,0.0007560821058755218
49,"[0.5478491527248854, 1.1357173546647426, 1.1141119553516408, 0.17522527341081123, 0.1803706557411956, -0.01241646212363856]",80,0.03125,28.068100102245808,6.333000026643276,34.401100128889084,0.000467027891506433,1,149,11,0.0008478370828732984

