epoch,loss,loss_std,loss_u,loss_x,theta_rel_error,grad_norm,constraint_violation_inf,solve_convergence_error,sqp_num_iter,forward_time_ms,backward_time_ms,value_grad_time_ms,total_sample_time_ms,build_rss_delta_mb,build_gpu_used_delta_mb,rss_mb,rss_delta_mb,rss_peak_delta_mb,gpu_used_mb,gpu_used_delta_mb,nonfinite_sample_grad_count,finite_grad_sample_count,theta
0,16177.811826914049,0.0,15512.744131802216,665.0676951118322,0.6703322464754675,304.09076706896275,0.000998434490183664,0.000998434490183664,21.0,308.1301519999897,12.227326000015637,320.35747800000536,320.35747800000536,713.890625,302.0,1518.69921875,0.0,0.0,3250.0,4.0,0,1,"[1.2, 0.25, 4.0, 0.15, 0.08, 0.25, 0.02]"
1,16177.79499750198,0.0,15512.763380111162,665.031617390818,0.6703322464754675,305.76907143608986,0.0005134297437182078,0.0007556341857385043,9.0,54.74435200000016,2.9844770000124754,57.72882900001264,57.72882900001264,713.890625,302.0,1518.69921875,0.0,0.0,3250.0,4.0,0,1,"[1.2, 0.25, 4.0, 0.15, 0.08, 0.25, 0.02]"
2,16177.795149562397,0.0,15512.763492226828,665.0316573355694,0.6703322464754675,305.7808962709611,0.000513898349054076,0.000736501352583739,9.0,56.33638300000143,0.8273880000047029,57.163771000006136,57.163771000006136,713.890625,302.0,1518.69921875,0.0,0.0,3250.0,4.0,0,1,"[1.2, 0.25, 4.0, 0.15, 0.08, 0.25, 0.02]"
3,16177.795149454623,0.0,15512.763492096094,665.0316573585299,0.6703322464754675,305.7881118916947,0.0005138987322898525,0.0007365148792325254,9.0,55.969726999990144,6.438362000011466,62.40808900000161,62.40808900000161,713.890625,302.0,1519.203125,0.0,0.0,3246.0,0.0,0,1,"[1.2, 0.25, 4.0, 0.15, 0.08, 0.25, 0.02]"
4,16177.795149454421,0.0,15512.76349209603,665.0316573583912,0.6703322464754675,305.81803097185536,0.0005138987311874565,0.0007365148986131435,9.0,63.088902000004055,0.0,58.00203299997975,58.00203299997975,713.890625,302.0,1519.203125,0.0,0.0,3246.0,0.0,0,1,"[1.2, 0.25, 4.0, 0.15, 0.08, 0.25, 0.02]"
5,16177.795149454332,0.0,15512.763492095906,665.0316573584262,0.6703322464754675,305.7663882762022,0.0005138987311846255,0.0007365148981284253,9.0,54.80947199998809,3.7155150000103276,58.52498699999842,58.52498699999842,713.890625,302.0,1519.203125,0.0,0.0,3250.0,4.0,0,1,"[1.2, 0.25, 4.0, 0.15, 0.08, 0.25, 0.02]"
6,16177.795149454374,0.0,15512.76349209593,665.031657358445,0.6703322464754675,305.8587985300641,0.0005138987312259258,0.0007365148973631132,9.0,57.20435100002419,4.339724999965711,61.5440759999899,61.5440759999899,713.890625,302.0,1519.203125,0.0,0.0,3250.0,4.0,0,1,"[1.2, 0.25, 4.0, 0.15, 0.08, 0.25, 0.02]"
7,16177.795149454398,0.0,15512.76349209599,665.031657358407,0.6703322464754675,305.79779028416624,0.0005138987312163779,0.0007365148989264536,9.0,58.2601929999953,6.363055000008444,64.62324800000374,64.62324800000374,713.890625,302.0,1519.203125,0.0,0.0,3250.0,4.0,0,1,"[1.2, 0.25, 4.0, 0.15, 0.08, 0.25, 0.02]"
8,16177.795149454369,0.0,15512.763492095914,665.0316573584546,0.6703322464754675,305.7981450855527,0.0005138987312185428,0.000736514897761618,9.0,59.5190440000124,2.5599169999850346,62.078960999997435,62.078960999997435,713.890625,302.0,1519.203125,0.0,0.0,3264.0,18.0,0,1,"[1.2, 0.25, 4.0, 0.15, 0.08, 0.25, 0.02]"
9,16177.795149454494,0.0,15512.763492096059,665.0316573584342,0.6703322464754675,305.78678098823457,0.0005138987311917309,0.0007365148994373825,9.0,67.1658079999986,0.0,64.96094699997457,64.96094699997457,713.890625,302.0,1519.203125,0.0,0.0,3266.0,20.0,0,1,"[1.2, 0.25, 4.0, 0.15, 0.08, 0.25, 0.02]"
10,16177.795149454392,0.0,15512.76349209588,665.0316573585116,0.6703322464754675,305.8237505171163,0.0005138987311860133,0.0007365148956890464,9.0,62.80139300000087,0.0,59.57899800000632,59.57899800000632,713.890625,302.0,1519.203125,0.0,0.0,3266.0,20.0,0,1,"[1.2, 0.25, 4.0, 0.15, 0.08, 0.25, 0.02]"
11,16177.79514945432,0.0,15512.763492095888,665.0316573584307,0.6703322464754675,305.8041387591353,0.0005138987312529042,0.0007365148986698416,9.0,63.791339999994534,0.0,61.985233999990896,61.985233999990896,713.890625,302.0,1519.203125,0.0,0.0,3262.0,16.0,0,1,"[1.2, 0.25, 4.0, 0.15, 0.08, 0.25, 0.02]"
12,16177.795149454267,0.0,15512.76349209588,665.0316573583857,0.6703322464754675,305.8184979924873,0.000513898731159812,0.0007365149005752854,9.0,59.072775000004185,2.302971999995407,61.37574699999959,61.37574699999959,713.890625,302.0,1519.203125,0.0,0.0,3253.0,7.0,0,1,"[1.2, 0.25, 4.0, 0.15, 0.08, 0.25, 0.02]"
13,16177.795149454298,0.0,15512.76349209591,665.0316573583871,0.6703322464754675,305.797221973724,0.0005138987311965049,0.0007365148975887318,9.0,60.011071000019456,0.0,59.96896800002105,59.96896800002105,713.890625,302.0,1519.203125,0.0,0.0,3253.0,7.0,0,1,"[1.2, 0.25, 4.0, 0.15, 0.08, 0.25, 0.02]"
14,16177.795149454392,0.0,15512.763492096099,665.0316573582938,0.6703322464754675,305.77838042509944,0.0005138987312325316,0.0007365148979598231,9.0,58.91075300002058,4.756939999964516,63.66769299998509,63.66769299998509,713.890625,302.0,1519.203125,0.0,0.0,3258.0,12.0,0,1,"[1.2, 0.25, 4.0, 0.15, 0.08, 0.25, 0.02]"
15,16177.795149454189,0.0,15512.763492095943,665.0316573582463,0.6703322464754675,305.7556692679309,0.0005138987312016674,0.0007365148981626172,9.0,55.80198900000255,2.549319999985755,58.351308999988305,58.351308999988305,713.890625,302.0,1519.203125,0.0,0.0,3253.0,7.0,0,1,"[1.2, 0.25, 4.0, 0.15, 0.08, 0.25, 0.02]"
16,16177.79514945457,0.0,15512.763492096068,665.0316573585017,0.6703322464754675,305.8463316293006,0.0005138987311730236,0.0007365148974788661,9.0,66.40432400001828,1.546417999975347,67.95074199999362,67.95074199999362,713.890625,302.0,1519.203125,0.0,0.0,3250.0,4.0,0,1,"[1.2, 0.25, 4.0, 0.15, 0.08, 0.25, 0.02]"
17,16177.79514945432,0.0,15512.763492095992,665.031657358328,0.6703322464754675,305.80355067789117,0.0005138987311665288,0.0007365148981267263,9.0,55.410948000002236,5.915965000014012,61.32691300001625,61.32691300001625,713.890625,302.0,1519.203125,0.0,0.0,3245.0,0.0,0,1,"[1.2, 0.25, 4.0, 0.15, 0.08, 0.25, 0.02]"
18,16177.795149454552,0.0,15512.763492096059,665.0316573584935,0.6703322464754675,305.82673907446815,0.0005138987312383603,0.0007365148988150842,9.0,54.84805399999004,4.650730000008707,59.49878399999875,59.49878399999875,713.890625,302.0,1519.203125,0.0,0.0,3245.0,0.0,0,1,"[1.2, 0.25, 4.0, 0.15, 0.08, 0.25, 0.02]"
19,16177.795149454318,0.0,15512.763492095986,665.0316573583318,0.6703322464754675,305.80436429560723,0.0005138987312143239,0.0007365148945256822,9.0,58.76777500000685,4.263769999994338,63.03154500000119,63.03154500000119,713.890625,302.0,1519.203125,0.0,0.0,3249.0,3.0,0,1,"[1.2, 0.25, 4.0, 0.15, 0.08, 0.25, 0.02]"
20,16177.795149454323,0.0,15512.76349209595,665.0316573583741,0.6703322464754675,305.7923984472409,0.0005138987312553467,0.0007365149007759673,9.0,56.72733300002619,4.392276999965361,61.11960999999155,61.11960999999155,713.890625,302.0,1519.203125,0.0,0.0,3250.0,4.0,0,1,"[1.2, 0.25, 4.0, 0.15, 0.08, 0.25, 0.02]"
