step,state,first_control,objective,constraint_violation_inf,wall_time_sec,forward_time_sec,backward_time_sec,backward_solver_used,backward_fallback_used,compute_backward,outer_iterations,inner_iterations_total,backward_iterations
0,"[-1.0, 1.25]","[3.0, 0.5961257526405918]",88.62622649345583,8.428423777917526e-05,0.017092199996113777,0.015921699814498425,0.000342000275850296,cg,False,True,5,953,14
1,"[-0.85, 1.2798062876320295]","[3.0, -2.183216851011055]",66.9520277755314,2.8254342444355984e-05,0.0081666000187397,0.0073726000264286995,0.0002776002511382103,cg,False,True,2,436,15
2,"[-0.7, 1.1706454450814767]","[3.0, -3.0]",50.34119255665672,0.00024201798066994518,0.01093570003286004,0.010197299998253584,0.0002707000821828842,cg,False,True,4,667,12
3,"[-0.5499999999999999, 1.0206454450814766]","[3.0, -3.0]",36.925341745568474,0.00024201798066994518,0.007264699786901474,0.006405299995094538,0.00023699970915913582,cg,False,True,2,405,12
4,"[-0.3999999999999999, 0.8706454450814766]","[3.0, -3.0]",26.17677416755585,0.00024201798066994518,0.010143800172954798,0.009451900143176317,0.00024749990552663803,cg,False,True,4,625,13
5,"[-0.2499999999999999, 0.7206454450814765]","[3.0, -3.0]",17.848800675690885,0.00024201798066994518,0.0038778996095061302,0.0031389999203383923,0.00023959996178746223,cg,False,True,2,245,13
6,"[-0.09999999999999987, 0.5706454450814765]","[3.0, -1.8543663926905463]",11.655577025239666,0.0,0.005306299775838852,0.004615100100636482,0.00027219997718930244,cg,False,True,2,260,13
7,"[0.050000000000000155, 0.4779271254469492]","[3.0, -3.0]",7.3880590921715665,0.0,0.003551499918103218,0.0028016003780066967,0.0002516000531613827,cg,False,True,1,180,13
8,"[0.20000000000000018, 0.3279271254469492]","[3.0, -3.0]",4.6464315917695584,0.0,0.003416199702769518,0.0027489997446537018,0.00024359999224543571,cg,False,True,1,181,13
9,"[0.3500000000000002, 0.17792712544694916]","[2.005131434722953, -3.0]",2.910328476579663,0.0,0.003642500378191471,0.002933299634605646,0.00030589988455176353,cg,False,True,1,152,14
10,"[0.45025657173614786, 0.02792712544694914]","[1.42571503338352, -3.0]",1.887110844621391,0.0,0.002456599846482277,0.001832399982959032,0.00023619970306754112,cg,False,True,1,126,14
11,"[0.5215423234053238, -0.12207287455305088]","[1.2575777893068607, -3.0]",1.157926487607512,0.0,0.001541099976748228,0.0009886999614536762,0.00022350018844008446,cg,False,True,1,80,14
12,"[0.5844212128706668, -0.2720728745530509]","[1.0081733992510575, -2.3650415945611476]",0.6166179134743585,1.3655584569782775e-06,0.0011279000900685787,0.0005480996333062649,0.00026480015367269516,cg,False,True,1,31,16
13,"[0.6348298828332197, -0.3903249542811083]","[0.7249229861759084, -1.6514883909774618]",0.3012132100046088,0.0,0.0016307998448610306,0.0011069998145103455,0.00021059997379779816,cg,False,True,1,83,13
14,"[0.6710760321420152, -0.4728993738299814]","[0.5074512627621401, -1.1427796531744423]",0.14346522342355622,0.0,0.0013374998234212399,0.0008375002071261406,0.00020650029182434082,cg,False,True,1,57,13
15,"[0.6964485952801222, -0.5300383564887035]","[0.348286265572437, -0.7838023935790492]",0.06689955821090553,0.0,0.0014313999563455582,0.0009396001696586609,0.00019850023090839386,cg,False,True,1,75,12
16,"[0.713862908558744, -0.5692284761676559]","[0.23722518740896278, -0.5354980404387983]",0.03068740745630823,9.719009957942504e-07,0.0014645997434854507,0.0009106998331844807,0.00023250002413988113,cg,False,True,1,63,16
17,"[0.7257241679291921, -0.5960033781895958]","[0.16134497582584797, -0.3525913636881175]",0.013853029477265251,1.5361515939837922e-05,0.001292599830776453,0.0007102000527083874,0.00023879995569586754,cg,False,True,1,33,15
18,"[0.7337914167204845, -0.6136329463740017]","[0.10511866585734986, -0.24052706647604988]",0.006301641386703856,7.280880784832355e-06,0.0014911000616848469,0.0009451000951230526,0.0002047000452876091,cg,False,True,1,63,12
19,"[0.739047350013352, -0.6256592996978042]","[0.07242539044880733, -0.16271064505042518]",0.00284387793598418,0.0,0.0015576998703181744,0.0010478999465703964,0.00019979989156126976,cg,False,True,1,79,12
20,"[0.7426686195357923, -0.6337948319503255]","[0.05042510934310278, -0.11051301793858616]",0.0012699684200769364,7.980633579318663e-06,0.0014180000871419907,0.0008916999213397503,0.00022820010781288147,cg,False,True,1,64,15
21,"[0.7451898750029474, -0.6393204828472548]","[0.03352125614671616, -0.07274701010688234]",0.0005552076714051881,6.407899629579106e-06,0.001627300400286913,0.001107499934732914,0.00020819995552301407,cg,False,True,1,83,13
22,"[0.7468659378102832, -0.6429578333525989]","[0.021390135764974352, -0.05188060302500187]",0.0002552380700737648,1.309009873573519e-05,0.001713200006633997,0.0011080000549554825,0.0002723000943660736,cg,False,True,1,61,18
23,"[0.7479354445985319, -0.6455518635038491]","[0.015589248287824532, -0.0315203371373941]",0.00010561464474516036,4.631815999078803e-06,0.0015876996330916882,0.001006899867206812,0.00022460008040070534,cg,False,True,1,70,14
24,"[0.7487149070129231, -0.6471278803607188]","[0.007627400897232536, -0.01627450640868329]",5.0978843667206245e-05,2.2855297815205233e-05,0.0016171000897884369,0.0010746000334620476,0.00021490035578608513,cg,False,True,1,74,13
25,"[0.7490962770577847, -0.6479416056811529]","[0.00624313416796185, -0.013057801233790207]",2.879961266547748e-05,7.104692903880938e-06,0.0016759997233748436,0.001142200082540512,0.00022849999368190765,cg,False,True,1,87,15
26,"[0.7494084337661828, -0.6485944957428424]","[0.0048421948069272205, -0.010415060085983967]",2.2637961884226607e-05,1.5452304209406797e-05,0.0018621999770402908,0.0012385998852550983,0.0002855001948773861,cg,False,True,1,84,18
27,"[0.7496505435065292, -0.6491152487471417]","[0.0025863317534980663, -0.006644404173018393]",1.1362718313015838e-05,1.661126762142473e-06,0.0013813003897666931,0.000828899908810854,0.00019410019740462303,cg,False,True,1,52,11
28,"[0.749779860094204, -0.6494474689557925]","[0.002513529079503349, -0.00567636681182681]",6.478699774351947e-06,7.821731794810383e-06,0.0016239001415669918,0.001075000036507845,0.00023279991000890732,cg,False,True,1,71,14
29,"[0.7499055365481793, -0.6497312872963839]","[-0.001643329908318841, -0.0005317668611731131]",7.75439066373361e-06,1.3451125842500744e-05,0.0016668997704982758,0.0011423001997172832,0.00021650036796927452,cg,False,True,1,84,14
30,"[0.7498233700527633, -0.6497578756394425]","[0.0013776679182197255, 0.00019561796404627438]",8.302679578743174e-06,2.2781672134208897e-05,0.001834699884057045,0.0012619998306035995,0.00022249994799494743,cg,False,True,1,99,15
31,"[0.7498922534486743, -0.6497480947412402]","[0.0016554596072006508, -0.0016778762473201472]",1.3687467132957722e-05,1.584456407954793e-05,0.0018090000376105309,0.0010865000076591969,0.00024290010333061218,cg,False,True,1,72,15
32,"[0.7499750264290344, -0.6498319885536061]","[5.787935070776231e-05, -0.00161167596781613]",7.907323640612779e-06,0.0,0.001771900337189436,0.0012180004268884659,0.00019699987024068832,cg,False,True,1,95,11
33,"[0.7499779203965697, -0.649912572351997]","[-0.00013286130914126122, 0.00045873302455099103]",1.1183080685937803e-05,4.397392657562449e-06,0.0016710003837943077,0.0011122999712824821,0.0002218000590801239,cg,False,True,1,83,14
34,"[0.7499712773311127, -0.6498896357007694]","[0.0006690275440124983, -0.001548413588852373]",6.509001694936554e-06,1.6612748926170262e-05,0.0016764998435974121,0.0010239998809993267,0.00030610011890530586,cg,False,True,1,76,18
35,"[0.7500047287083134, -0.649967056380212]","[-0.0030905072637266596, 0.004400401929837293]",7.99484064368241e-06,3.4294614780217003e-06,0.0020607998594641685,0.0014442000538110733,0.00026139989495277405,cg,False,True,1,84,14
36,"[0.749850203345127, -0.6497470362837201]","[-0.0011601065141918611, 0.0017513415458389446]",1.2324827413406178e-05,1.2025935789861109e-05,0.001978000160306692,0.0013923998922109604,0.00023269979283213615,cg,False,True,1,101,14
37,"[0.7497921980194174, -0.6496594692064281]","[0.003007232028723825, -0.005168048517849149]",1.6717618560412258e-05,1.039849165351825e-05,0.0017183995805680752,0.0011788997799158096,0.0002246997319161892,cg,False,True,1,80,14
38,"[0.7499425596208537, -0.6499178716323206]","[-0.00014929084800584307, 0.0020596600356448803]",6.9353603725823686e-06,1.543350422428258e-05,0.0019371998496353626,0.001182400155812502,0.0003315000794827938,cg,False,True,1,92,14
39,"[0.7499350950784534, -0.6498148886305384]","[-0.0009406485640426379, 0.0006322729170568349]",5.463387843110606e-06,7.986668797865804e-06,0.0021106996573507786,0.0013363002799451351,0.00025379983708262444,cg,False,True,1,90,15
40,"[0.7498880626502512, -0.6497832749846856]","[-0.0003941600485610447, 0.002375456878006858]",3.97948232209277e-06,4.788958729684545e-06,0.0018814997747540474,0.001292400062084198,0.0002506999298930168,cg,False,True,1,93,16
41,"[0.7498683546478232, -0.6496645021407852]","[0.0007775562660285051, -0.003993743069195221]",5.430183059149723e-06,1.3479535992400038e-05,0.001624200027436018,0.0010909000411629677,0.0002271002158522606,cg,False,True,1,73,15
42,"[0.7499072324611247, -0.6498641892942449]","[-0.0006711392241349962, 0.002347606238268906]",1.517959955079752e-05,1.5218441626774215e-05,0.0012632999569177628,0.0007379003800451756,0.00021929992362856865,cg,False,True,1,44,14
43,"[0.7498736754999179, -0.6497468089823315]","[0.00030541391825417223, -0.0014943383952782982]",2.870134585598483e-06,1.0820975236414121e-05,0.002215899992734194,0.0014174999669194221,0.00044109998270869255,cg,False,True,1,87,15
44,"[0.7498889461958306, -0.6498215259020954]","[-0.0004194190586880026, 0.0018379385891566158]",9.98086096141735e-06,8.110388268978141e-06,0.0016040997579693794,0.0009838002733886242,0.00025620032101869583,cg,False,True,1,66,18
45,"[0.7498679752428962, -0.6497296289726375]","[-0.0002214188914656204, -0.0030557235079620763]",7.384210572025036e-06,1.572897930612882e-05,0.0015394999645650387,0.0009658001363277435,0.000247300136834383,cg,False,True,1,67,17
46,"[0.7498569042983229, -0.6498824151480357]","[-0.0010585668563345785, 0.006028442936173322]",7.414531090445442e-06,2.277644689752112e-05,0.0015358999371528625,0.0009783999994397163,0.0002546999603509903,cg,False,True,1,66,18
47,"[0.7498039759555061, -0.6495809930012271]","[0.0014393056652651259, 0.0008674739582729085]",1.4344283290296452e-05,1.0429256877331206e-05,0.0016695000231266022,0.0010421001352369785,0.0003138999454677105,cg,False,True,1,75,16
48,"[0.7498759412387693, -0.6495376193033134]","[-0.0008599045231124703, -0.0010116620473737035]",1.635523314164374e-05,1.7199450983884645e-05,0.0016519995406270027,0.0010605002753436565,0.00026480015367269516,cg,False,True,1,63,16
49,"[0.7498329460126137, -0.6495882024056822]","[0.0006503942664583485, 0.00044691473959987307]",2.8295651407348333e-05,1.6103246860410536e-05,0.001335100270807743,0.0008085998706519604,0.0002184002660214901,cg,False,True,1,52,14
