method,n,m,trials,build_time_sec_mean,build_time_sec_std,build_rss_peak_delta_mb_mean,build_rss_peak_delta_mb_std,forward_time_sec_mean,forward_time_sec_std,backward_time_sec_mean,backward_time_sec_std,forward_rss_peak_delta_mb_mean,forward_rss_peak_delta_mb_std,backward_rss_peak_delta_mb_mean,backward_rss_peak_delta_mb_std,memory_peak_delta_mb_mean,memory_peak_delta_mb_std,total_time_sec_mean,total_time_sec_std,objective_value_mean,objective_value_std,outer_loss_value_mean,outer_loss_value_std,constraint_violation_inf_mean,constraint_violation_inf_std,box_violation_inf_mean,box_violation_inf_std,gradient_relative_error_vs_casadi_mean,gradient_relative_error_vs_casadi_std,solution_error_vs_casadi_mean,solution_error_vs_casadi_std,active_constraint_ratio_mean,active_constraint_ratio_std,num_forward_iterations_mean,num_forward_iterations_std,num_backward_iterations_mean,num_backward_iterations_std,alm_outer_iterations_mean,alm_outer_iterations_std,alm_inner_iterations_total_mean,alm_inner_iterations_total_std,alm_final_residual_mean,alm_final_residual_std,alm_final_penalty_mean,alm_final_penalty_std
CasADi-IPOPT-SQP,50,49,10,0.044649799820035696,0.0,3.46484375,0.0,0.01798391994088888,0.0012230973152235142,0.0015096199233084918,0.0008942378501185804,0.0265625,0.009882117688026186,0.130078125,0.05450272604436737,0.130078125,0.05450272604436737,0.019493539864197374,0.0016363697690402429,1.9665835250277623,7.270478539013473e-06,22.870893038294636,1.1770576640062008e-07,2.7927763743829106e-07,3.8034510094007924e-08,0.0,0.0,0.0,0.0,0.0003797852047676335,3.070602261915477e-05,0.5918367346938777,1.1702778228589004e-16,34.1,1.3703203194062978,-1.0,0.0,-1.0,0.0,-1.0,0.0,nan,0.0,nan,0.0
lapanda,50,49,10,0.0018344996497035027,0.0,0.078125,0.0,0.002667749999091029,0.00034857952482107,0.0012848799582570792,0.00019654271832419777,0.03125,0.023365050058497865,nan,0.0,0.03125,0.023365050058497865,0.004743000026792288,0.00043543539659806864,2.3468668429731894,1.204182160849482,22.860963464576166,0.011850245671426,0.00040691669058203763,0.00010125424544157611,0.0,0.0,0.04949672311620286,0.010524011319559764,0.0289353890851091,0.08943401367223165,0.5897959183673469,0.006453627877894659,720.2,116.12809019928527,21.8,1.0327955589886444,7.0,0.0,720.2,116.12809019928527,0.000773910233612729,2.0418118298015426e-05,484.5210707922578,233.08080496254038
CasADi-IPOPT-SQP,100,99,10,0.08765649981796741,0.0,6.35546875,0.0,0.037881119968369605,0.0028193293445156723,0.0044419600162655115,0.0035612061115342167,0.0234375,0.0,0.385546875,0.18309023374119726,0.385546875,0.18309023374119726,0.042323079984635116,0.004161931710995363,4.057821721691448,9.418528645502758e-06,46.22594068475538,1.7859243378004855e-07,6.62923909100499e-08,8.559242265274422e-09,0.0,0.0,0.0,0.0,0.00014688846200050973,1.1363629710970335e-05,0.6464646464646464,1.1702778228589004e-16,55.5,4.32691832858239,-1.0,0.0,-1.0,0.0,-1.0,0.0,nan,0.0,nan,0.0
lapanda,100,99,10,0.0039470000192523,0.0,0.15234375,0.0,0.007604699954390526,0.0021896233390373285,0.0013921099714934825,6.323894906862114e-05,0.026171875,0.008646852977022914,nan,0.0,0.026171875,0.008646852977022914,0.009806769993156194,0.0022307221765442064,4.816141992169726,1.6002418761629573,46.214431206286044,0.015761757709095475,0.0007986888716462915,0.00010111914137606124,0.0,0.0,0.07368083597173017,0.00609899815084972,0.040052080304710684,0.0836597893377324,0.6444444444444445,0.004258959811674612,1013.6,319.7541416637338,23.6,0.9660917830792959,7.0,0.4714045207910317,1013.6,319.7541416637338,0.0008010638194651864,9.505992992599057e-05,467.2485461630361,306.1129851106383
CasADi-IPOPT-SQP,200,199,10,0.17403179965913296,0.0,13.8515625,0.0,0.10965252993628383,0.01559418796762328,0.02601212994195521,0.02784151896041003,0.084375,0.09596981336923084,1.241015625,0.635891562845703,1.241015625,0.635891562845703,0.13566465987823903,0.02750881660122531,8.200624684117958,1.7149561608828274e-05,92.80978090168055,6.764573892428705e-07,1.5415379868155553e-07,4.201433503373391e-08,0.0,0.0,0.0,0.0,0.00013203187818705545,1.3149902560789152e-05,0.6934673366834171,0.0,100.7,7.986794656737387,-1.0,0.0,-1.0,0.0,-1.0,0.0,nan,0.0,nan,0.0
lapanda,200,199,10,0.00359989982098341,0.0,0.41015625,0.0,0.014112110063433648,0.0031927793940268504,0.0016107900533825158,8.503824585697804e-05,0.03125,0.02209708691207961,nan,0.0,0.03125,0.02209708691207961,0.01665046005509794,0.0031772354126878262,8.57796130044826,1.1983035846996348,92.80135801973412,0.011414343336212421,0.0005753310371771292,9.369461606332648e-05,0.0,0.0,0.08621432405662355,0.0031371806099479865,0.014277716784005598,0.04419546947249169,0.692964824120603,0.0015890842513409012,913.4,215.10008006610423,22.0,0.4714045207910317,6.3,0.6749485577105528,913.4,215.10008006610423,0.0009330738542091099,0.00011413342322599991,458.5495892541441,547.7429779423248
CasADi-IPOPT-SQP,500,499,10,0.46202849969267845,0.0,46.16796875,0.0,0.4950075099710375,0.12184788609532467,0.40677004992030563,0.5146601276970452,0.19921875,0.269484068938144,7.38125,4.323991222496977,7.38125,4.323991222496977,0.9017775598913431,0.504997774874634,20.605424315839336,4.677821350649319e-05,232.44931385980584,2.023895915563742e-06,4.6841418881449216e-07,1.2729599575901406e-07,0.0,0.0,0.0,0.0,0.00012469794839784396,1.3526915990604788e-05,0.7134268537074149,0.0,217.3,29.638750910852426,-1.0,0.0,-1.0,0.0,-1.0,0.0,nan,0.0,nan,0.0
lapanda,500,499,10,0.0070927999913692474,0.0,0.984375,0.0,0.04914340004324913,0.009942837687398445,0.0023679698817431925,0.00013864867395028737,0.056640625,0.07139526074872528,nan,0.0,0.056640625,0.07139526074872528,0.05262358002364635,0.009922794470583996,20.601646880282445,3.301564938433227e-05,232.44529614093548,0.00012832299952437846,0.0006183105476211149,9.365167018846443e-05,0.0,0.0,0.09504585117130546,0.0025444340980308572,0.00017343711467690534,8.18718129705066e-06,0.7134268537074149,0.0,1173.0,216.64717861075414,21.1,0.3162277660168379,6.2,0.6324555320336759,1173.0,216.64717861075414,0.0009079321413621333,9.198305796501415e-06,324.2925206813467,307.76059112110033
CasADi-IPOPT-SQP,1000,999,10,1.065493400208652,0.0,165.79296875,0.0,1.8545223500579595,0.5205891420447307,3.7653642599470913,5.094186026637036,0.235546875,0.5254936359930384,30.330078125,14.911742038583931,30.330078125,14.911742038583931,5.619886610005051,5.40044271264932,41.27378897253753,9.403415907913955e-05,465.1439865221693,3.662527477580887e-06,1.1910559152727984e-06,2.5858236033361924e-07,0.0,0.0,0.0,0.0,0.00012088426321454456,1.384076142103064e-05,0.7187187187187188,1.1702778228589004e-16,446.8,36.24239383803326,-1.0,0.0,-1.0,0.0,-1.0,0.0,nan,0.0,nan,0.0
lapanda,1000,999,10,0.015122800134122372,0.0,2.41796875,0.0,0.1911357100587338,0.06637549285587446,0.004925510054454208,0.00016413483795015823,0.0796875,0.10129840128269821,nan,0.0,0.0796875,0.10129840128269821,0.19734601001255214,0.06634554269113795,41.26636045454444,0.00011685637386947144,465.1408842477469,0.0003149123666095717,0.0006858613299066896,0.00010271760083173609,0.0,0.0,0.09874524422703312,0.002530900634525809,0.00011541067666070905,6.462328319961746e-06,0.7187187187187188,1.1702778228589004e-16,1848.3,535.6311023248909,21.2,0.4216370213557839,6.3,0.6749485577105528,1848.3,535.6311023248909,0.0008838566094473643,3.433773391669663e-05,452.8123283535603,460.96870823900116
