method,n,m,trial_id,problem_build_time_sec,problem_build_rss_before_mb,problem_build_rss_peak_mb,problem_build_rss_after_mb,problem_build_rss_peak_delta_mb,problem_build_rss_samples,solver_build_time_sec,solver_build_rss_before_mb,solver_build_rss_peak_mb,solver_build_rss_after_mb,solver_build_rss_peak_delta_mb,solver_build_rss_samples,solve_time_sec,solve_rss_before_mb,solve_rss_peak_mb,solve_rss_after_mb,solve_rss_peak_delta_mb,solve_rss_samples,forward_time_sec,backward_time_sec
lapanda,50,49,0,0.024529999936930835,56.63671875,56.84765625,56.84765625,0.2109375,4,0.0043048999505117536,56.84765625,56.9296875,56.9296875,0.08203125,3,0.014954199898056686,56.91796875,56.95703125,56.95703125,0.0390625,3,0.010425499989651144,0.0022533999290317297
lapanda,50,49,1,0.024529999936930835,56.63671875,56.84765625,56.84765625,0.2109375,4,0.0043048999505117536,56.84765625,56.9296875,56.9296875,0.08203125,3,0.015027099987491965,56.93359375,56.96484375,56.96484375,0.03125,3,0.012352699995972216,0.0018175001023337245
lapanda,50,49,2,0.024529999936930835,56.63671875,56.84765625,56.84765625,0.2109375,4,0.0043048999505117536,56.84765625,56.9296875,56.9296875,0.08203125,3,0.013523199944756925,56.94140625,56.96484375,56.96484375,0.0234375,3,0.01062760001514107,0.0018765999702736735
lapanda,50,49,3,0.024529999936930835,56.63671875,56.84765625,56.84765625,0.2109375,4,0.0043048999505117536,56.84765625,56.9296875,56.9296875,0.08203125,3,0.017171200015582144,56.94140625,56.96484375,56.96484375,0.0234375,3,0.01435379998292774,0.0018618000904098153
lapanda,50,49,4,0.024529999936930835,56.63671875,56.84765625,56.84765625,0.2109375,4,0.0043048999505117536,56.84765625,56.9296875,56.9296875,0.08203125,3,0.011897700023837388,56.94140625,56.96484375,56.96484375,0.0234375,3,0.008644900051876903,0.0022242999402806163
lapanda,50,49,5,0.024529999936930835,56.63671875,56.84765625,56.84765625,0.2109375,4,0.0043048999505117536,56.84765625,56.9296875,56.9296875,0.08203125,3,0.019076800090260804,56.94140625,56.96484375,56.96484375,0.0234375,3,0.015734100015833974,0.002326000016182661
lapanda,50,49,6,0.024529999936930835,56.63671875,56.84765625,56.84765625,0.2109375,4,0.0043048999505117536,56.84765625,56.9296875,56.9296875,0.08203125,3,0.01416409993544221,56.94140625,56.96484375,56.96484375,0.0234375,3,0.010794200003147125,0.002452600048854947
lapanda,50,49,7,0.024529999936930835,56.63671875,56.84765625,56.84765625,0.2109375,4,0.0043048999505117536,56.84765625,56.9296875,56.9296875,0.08203125,3,0.014426700072363019,56.94140625,56.96484375,56.96484375,0.0234375,3,0.010920200031250715,0.00216180004645139
lapanda,50,49,8,0.024529999936930835,56.63671875,56.84765625,56.84765625,0.2109375,4,0.0043048999505117536,56.84765625,56.9296875,56.9296875,0.08203125,3,0.01207520009484142,56.94140625,56.96484375,56.96484375,0.0234375,3,0.009378100046887994,0.0018437999533489347
lapanda,50,49,9,0.024529999936930835,56.63671875,56.84765625,56.84765625,0.2109375,4,0.0043048999505117536,56.84765625,56.9296875,56.9296875,0.08203125,3,0.012647400028072298,56.94140625,56.96484375,56.96484375,0.0234375,3,0.00968959997408092,0.0020067000295966864
lapanda,100,99,0,0.022802799940109253,56.94140625,57.2265625,57.2265625,0.28515625,4,0.0031542000360786915,57.203125,57.3515625,57.3515625,0.1484375,3,0.03192420001141727,57.28125,57.3046875,57.25,0.0234375,4,0.026311199995689094,0.00283109990414232
lapanda,100,99,1,0.022802799940109253,56.94140625,57.2265625,57.2265625,0.28515625,4,0.0031542000360786915,57.203125,57.3515625,57.3515625,0.1484375,3,0.023838000022806227,57.23828125,57.29296875,57.29296875,0.0546875,4,0.018565600039437413,0.004081699997186661
lapanda,100,99,2,0.022802799940109253,56.94140625,57.2265625,57.2265625,0.28515625,4,0.0031542000360786915,57.203125,57.3515625,57.3515625,0.1484375,3,0.03086360008455813,57.26953125,57.29296875,57.29296875,0.0234375,4,0.025402599945664406,0.0038203999865800142
lapanda,100,99,3,0.022802799940109253,56.94140625,57.2265625,57.2265625,0.28515625,4,0.0031542000360786915,57.203125,57.3515625,57.3515625,0.1484375,3,0.03962140006478876,57.26953125,57.29296875,57.29296875,0.0234375,4,0.036094099981710315,0.002382499980740249
lapanda,100,99,4,0.022802799940109253,56.94140625,57.2265625,57.2265625,0.28515625,4,0.0031542000360786915,57.203125,57.3515625,57.3515625,0.1484375,3,0.051062699989415705,57.26953125,57.29296875,57.29296875,0.0234375,4,0.04784960008691996,0.0022521999198943377
lapanda,100,99,5,0.022802799940109253,56.94140625,57.2265625,57.2265625,0.28515625,4,0.0031542000360786915,57.203125,57.3515625,57.3515625,0.1484375,3,0.030900100013241172,57.26953125,57.29296875,57.29296875,0.0234375,4,0.02714429993648082,0.002318000071682036
lapanda,100,99,6,0.022802799940109253,56.94140625,57.2265625,57.2265625,0.28515625,4,0.0031542000360786915,57.203125,57.3515625,57.3515625,0.1484375,3,0.04723789996933192,57.26953125,57.29296875,57.29296875,0.0234375,4,0.044099199934862554,0.0022706000600010157
lapanda,100,99,7,0.022802799940109253,56.94140625,57.2265625,57.2265625,0.28515625,4,0.0031542000360786915,57.203125,57.3515625,57.3515625,0.1484375,3,0.039091600105166435,57.26953125,57.29296875,57.29296875,0.0234375,4,0.0359050000552088,0.0022658000234514475
lapanda,100,99,8,0.022802799940109253,56.94140625,57.2265625,57.2265625,0.28515625,4,0.0031542000360786915,57.203125,57.3515625,57.3515625,0.1484375,3,0.02011589996982366,57.26953125,57.29296875,57.29296875,0.0234375,3,0.01687389996368438,0.002378900069743395
lapanda,100,99,9,0.022802799940109253,56.94140625,57.2265625,57.2265625,0.28515625,4,0.0031542000360786915,57.203125,57.3515625,57.3515625,0.1484375,3,0.02592370007187128,57.26953125,57.29296875,57.29296875,0.0234375,4,0.02249060000758618,0.0022888999665156007
lapanda,200,199,0,0.051921699894592166,57.26953125,57.63671875,57.63671875,0.3671875,6,0.004680100013501942,57.546875,57.7578125,57.7578125,0.2109375,3,0.047037400072440505,57.734375,57.8203125,57.8203125,0.0859375,4,0.037317799986340106,0.00546430004760623
lapanda,200,199,1,0.051921699894592166,57.26953125,57.63671875,57.63671875,0.3671875,6,0.004680100013501942,57.546875,57.7578125,57.7578125,0.2109375,3,0.040766899939626455,57.80078125,57.82421875,57.82421875,0.0234375,4,0.03598859999328852,0.0034253000048920512
lapanda,200,199,2,0.051921699894592166,57.26953125,57.63671875,57.63671875,0.3671875,6,0.004680100013501942,57.546875,57.7578125,57.7578125,0.2109375,3,0.04481869994197041,57.80078125,57.82421875,57.82421875,0.0234375,4,0.04016980004962534,0.003464199951849878
lapanda,200,199,3,0.051921699894592166,57.26953125,57.63671875,57.63671875,0.3671875,6,0.004680100013501942,57.546875,57.7578125,57.7578125,0.2109375,3,0.06056370004080236,57.80078125,57.82421875,57.82421875,0.0234375,4,0.05460749997291714,0.004351400071755052
lapanda,200,199,4,0.051921699894592166,57.26953125,57.63671875,57.63671875,0.3671875,6,0.004680100013501942,57.546875,57.7578125,57.7578125,0.2109375,3,0.07798279996495694,57.80078125,57.82421875,57.82421875,0.0234375,4,0.07349300000350922,0.002888999995775521
lapanda,200,199,5,0.051921699894592166,57.26953125,57.63671875,57.63671875,0.3671875,6,0.004680100013501942,57.546875,57.7578125,57.7578125,0.2109375,3,0.04514139995444566,57.80078125,57.82421875,57.82421875,0.0234375,4,0.040383300045505166,0.003282999969087541
lapanda,200,199,6,0.051921699894592166,57.26953125,57.63671875,57.63671875,0.3671875,6,0.004680100013501942,57.546875,57.7578125,57.7578125,0.2109375,3,0.04696279997006059,57.80078125,57.82421875,57.82421875,0.0234375,4,0.042017299914732575,0.003569000051356852
lapanda,200,199,7,0.051921699894592166,57.26953125,57.63671875,57.63671875,0.3671875,6,0.004680100013501942,57.546875,57.7578125,57.7578125,0.2109375,3,0.07125909999012947,57.8046875,57.828125,57.828125,0.0234375,4,0.06739500002004206,0.0027438999386504292
lapanda,200,199,8,0.051921699894592166,57.26953125,57.63671875,57.63671875,0.3671875,6,0.004680100013501942,57.546875,57.7578125,57.7578125,0.2109375,3,0.03284710005391389,57.8046875,57.828125,57.828125,0.0234375,4,0.02925010002218187,0.002737300004810095
lapanda,200,199,9,0.051921699894592166,57.26953125,57.63671875,57.63671875,0.3671875,6,0.004680100013501942,57.546875,57.7578125,57.7578125,0.2109375,3,0.037775800097733736,57.8046875,57.828125,57.828125,0.0234375,4,0.03415880003012717,0.002728099934756756
lapanda,500,499,0,0.1064289000350982,57.8046875,58.8515625,58.8515625,1.046875,10,0.008198200026527047,58.69921875,59.15234375,59.15234375,0.453125,3,0.10656889993697405,59.12890625,59.34375,59.34375,0.21484375,4,0.0950660000089556,0.007927600061520934
lapanda,500,499,1,0.1064289000350982,57.8046875,58.8515625,58.8515625,1.046875,10,0.008198200026527047,58.69921875,59.15234375,59.15234375,0.453125,3,0.07945580000523478,59.3203125,59.34765625,59.34765625,0.02734375,4,0.07371239992789924,0.00480640004388988
lapanda,500,499,2,0.1064289000350982,57.8046875,58.8515625,58.8515625,1.046875,10,0.008198200026527047,58.69921875,59.15234375,59.15234375,0.453125,3,0.1234628000529483,59.328125,59.3515625,59.3515625,0.0234375,4,0.11738789989612997,0.004752200096845627
lapanda,500,499,3,0.1064289000350982,57.8046875,58.8515625,58.8515625,1.046875,10,0.008198200026527047,58.69921875,59.15234375,59.15234375,0.453125,3,0.20888819999527186,59.328125,59.3515625,59.3515625,0.0234375,4,0.20225759991444647,0.005372300045564771
lapanda,500,499,4,0.1064289000350982,57.8046875,58.8515625,58.8515625,1.046875,10,0.008198200026527047,58.69921875,59.15234375,59.15234375,0.453125,3,0.1728110999101773,59.328125,59.3515625,59.3515625,0.0234375,4,0.1667545000091195,0.0049233000027015805
lapanda,500,499,5,0.1064289000350982,57.8046875,58.8515625,58.8515625,1.046875,10,0.008198200026527047,58.69921875,59.15234375,59.15234375,0.453125,3,0.11877370008733124,59.328125,59.3515625,59.3515625,0.0234375,4,0.11284489999525249,0.004844499984756112
lapanda,500,499,6,0.1064289000350982,57.8046875,58.8515625,58.8515625,1.046875,10,0.008198200026527047,58.69921875,59.15234375,59.15234375,0.453125,3,0.15002009994350374,59.328125,59.3515625,59.3515625,0.0234375,4,0.14401859999634326,0.004969400004483759
lapanda,500,499,7,0.1064289000350982,57.8046875,58.8515625,58.8515625,1.046875,10,0.008198200026527047,58.69921875,59.15234375,59.15234375,0.453125,3,0.1344820000231266,59.328125,59.3515625,59.3515625,0.0234375,4,0.12888780003413558,0.004558200016617775
lapanda,500,499,8,0.1064289000350982,57.8046875,58.8515625,58.8515625,1.046875,10,0.008198200026527047,58.69921875,59.15234375,59.15234375,0.453125,3,0.13999739999417216,59.328125,59.3515625,59.3515625,0.0234375,4,0.134134600055404,0.004702699952758849
lapanda,500,499,9,0.1064289000350982,57.8046875,58.8515625,58.8515625,1.046875,10,0.008198200026527047,58.69921875,59.15234375,59.15234375,0.453125,3,0.11323569994419813,59.328125,59.3515625,59.3515625,0.0234375,4,0.10745000001043081,0.004804399912245572
lapanda,1000,999,0,0.19477120006922632,59.328125,61.1953125,61.1953125,1.8671875,15,0.01523710007313639,60.73828125,62.19140625,61.625,1.453125,4,0.43553649995010346,61.60546875,62.0390625,62.0390625,0.43359375,4,0.414364599972032,0.017675900016911328
lapanda,1000,999,1,0.19477120006922632,59.328125,61.1953125,61.1953125,1.8671875,15,0.01523710007313639,60.73828125,62.19140625,61.625,1.453125,4,0.31684639991726726,62.015625,62.171875,62.171875,0.15625,4,0.30517890001647174,0.01029859995469451
lapanda,1000,999,2,0.19477120006922632,59.328125,61.1953125,61.1953125,1.8671875,15,0.01523710007313639,60.73828125,62.19140625,61.625,1.453125,4,0.24881969997659326,62.1484375,62.2265625,62.2265625,0.078125,4,0.23883909999858588,0.008630200056359172
lapanda,1000,999,3,0.19477120006922632,59.328125,61.1953125,61.1953125,1.8671875,15,0.01523710007313639,60.73828125,62.19140625,61.625,1.453125,4,0.3141966999974102,62.203125,62.2265625,62.2265625,0.0234375,4,0.3039662000956014,0.008891600067727268
lapanda,1000,999,4,0.19477120006922632,59.328125,61.1953125,61.1953125,1.8671875,15,0.01523710007313639,60.73828125,62.19140625,61.625,1.453125,4,0.353634100058116,62.203125,62.2265625,62.2265625,0.0234375,4,0.3434739999938756,0.00899609993211925
lapanda,1000,999,5,0.19477120006922632,59.328125,61.1953125,61.1953125,1.8671875,15,0.01523710007313639,60.73828125,62.19140625,61.625,1.453125,4,0.3345141999889165,62.203125,62.2265625,62.2265625,0.0234375,4,0.32443549996241927,0.008952400065027177
lapanda,1000,999,6,0.19477120006922632,59.328125,61.1953125,61.1953125,1.8671875,15,0.01523710007313639,60.73828125,62.19140625,61.625,1.453125,4,0.3411312000826001,62.203125,62.2265625,62.2265625,0.0234375,4,0.3287411999190226,0.010910500073805451
lapanda,1000,999,7,0.19477120006922632,59.328125,61.1953125,61.1953125,1.8671875,15,0.01523710007313639,60.73828125,62.19140625,61.625,1.453125,4,0.4250816999701783,62.203125,62.2265625,62.2265625,0.0234375,4,0.4147767999675125,0.008878200082108378
lapanda,1000,999,8,0.19477120006922632,59.328125,61.1953125,61.1953125,1.8671875,15,0.01523710007313639,60.73828125,62.19140625,61.625,1.453125,4,0.4933485999936238,62.203125,62.2265625,62.2265625,0.0234375,4,0.4831195999868214,0.00897710002027452
lapanda,1000,999,9,0.19477120006922632,59.328125,61.1953125,61.1953125,1.8671875,15,0.01523710007313639,60.73828125,62.19140625,61.625,1.453125,4,0.3777070000069216,62.203125,62.2265625,62.2265625,0.0234375,4,0.3656900000059977,0.010587200056761503
