method,status,n,m,trial_id,build_time_sec,build_rss_peak_delta_mb,forward_time_sec,backward_time_sec,forward_rss_peak_delta_mb,backward_rss_peak_delta_mb,memory_peak_delta_mb,solve_rss_peak_delta_mb,total_time_sec,objective_value,outer_loss_value,constraint_violation_inf,box_violation_inf,gradient_theta,gradient_relative_error_vs_casadi,solution_error_vs_casadi,active_constraint_count,active_constraint_ratio,active_box_count,num_forward_iterations,num_backward_iterations,alm_outer_iterations,alm_inner_iterations_total,alm_final_residual,alm_final_penalty,casadi_backward_mode,return_status
CasADi-IPOPT-SQP,ok,50,49,0,0.044649799820035696,3.46484375,0.01844399981200695,0.0040413998067379,0.0546875,0.28515625,0.28515625,0.0546875,0.02248539961874485,1.9665851359457716,22.87089299854646,2.87744444937843e-07,0.0,"[-0.016229942018260727, 0.16361766398057623, -1.315704928402035, 28.675600456905777]",0.0,0.0003885977746903091,29,0.5918367346938775,0,33,-1,-1,-1,nan,nan,sqpmethod_qpoases_solver_differentiation,Solve_Succeeded
lapanda,ok,50,49,0,0.0018344996497035027,0.078125,0.0025070002302527428,0.0018107998184859753,0.09765625,nan,0.09765625,0.09765625,0.005242400337010622,1.966135599730386,22.86480125627254,0.00037854863625219615,0.0,"[-0.0057868338944962105, 0.20365288628886802, -1.527511980695445, 27.4056148895681]",0.044874966976942106,0.0006541396873472149,29,0.5918367346938775,0,674,22,7,674,0.0007734032271489166,410.82374301198354,,ok
CasADi-IPOPT-SQP,ok,50,49,1,0.044649799820035696,3.46484375,0.017927299719303846,0.0012778998352587223,0.0234375,0.11328125,0.11328125,0.0234375,0.01920519955456257,1.9665850532073614,22.87089299848409,2.875604174779056e-07,0.0,"[-0.016229942135353746, 0.16361766454269552, -1.3157049319124516, 28.6756004715641]",0.0,0.0003885141532513897,29,0.5918367346938775,0,34,-1,-1,-1,nan,nan,sqpmethod_qpoases_solver_differentiation,Solve_Succeeded
lapanda,ok,50,49,1,0.0018344996497035027,0.078125,0.0030562998726963997,0.0013357000425457954,0.02734375,nan,0.02734375,0.02734375,0.005167600233107805,1.9661668343600134,22.864769391773116,0.00034975011279980706,0.0,"[-0.005761267346015478, 0.20369828576331012, -1.5279116557800063, 27.404033841149328]",0.044931611712812805,0.0006473068673423617,29,0.5918367346938775,0,847,22,7,847,0.000797220518153452,410.008470898637,,ok
CasADi-IPOPT-SQP,ok,50,49,2,0.044649799820035696,3.46484375,0.015884699765592813,0.001182400155812502,0.0234375,0.11328125,0.11328125,0.0234375,0.017067099921405315,1.9665851135314067,22.87089299680696,2.8767011062136305e-07,0.0,"[-0.01622994161395687, 0.16361766256577076, -1.3157049182939242, 28.675600416148697]",0.0,0.0003887634328531481,29,0.5918367346938775,0,33,-1,-1,-1,nan,nan,sqpmethod_qpoases_solver_differentiation,Solve_Succeeded
lapanda,ok,50,49,2,0.0018344996497035027,0.078125,0.0027045002207159996,0.0011758999899029732,0.0234375,nan,0.0234375,0.0234375,0.0045079998672008514,1.9661393407877468,22.86486417163104,0.0003754323853701891,0.0,"[-0.005800355969619575, 0.20374396118783, -1.5283880777407004, 27.40524176286761]",0.04489290173818948,0.0006399893758455374,29,0.5918367346938775,0,665,22,7,665,0.0007738296772556996,410.10082218803524,,ok
CasADi-IPOPT-SQP,ok,50,49,3,0.044649799820035696,3.46484375,0.018248800188302994,0.001200299710035324,0.0234375,0.109375,0.109375,0.0234375,0.019449099898338318,1.9665851326600172,22.87089299705333,2.8770151128121313e-07,0.0,"[-0.016229941651476315, 0.16361766267251593, -1.3157049191524797, 28.675600419510104]",0.0,0.0003887531818517757,29,0.5918367346938775,0,35,-1,-1,-1,nan,nan,sqpmethod_qpoases_solver_differentiation,Solve_Succeeded
lapanda,ok,50,49,3,0.0018344996497035027,0.078125,0.002435700036585331,0.0013211998157203197,0.0234375,nan,0.0234375,0.0234375,0.004444099962711334,1.9661332909045708,22.865564027863478,0.0003683415388688882,0.0,"[-0.005848204195904437, 0.20357626355475644, -1.529433826731154, 27.41021242147244]",0.04472807439799356,0.0005637082159332175,29,0.5918367346938775,0,678,22,7,678,0.0007743705806426693,413.36999162866545,,ok
CasADi-IPOPT-SQP,ok,50,49,4,0.044649799820035696,3.46484375,0.01663989992812276,0.0011614998802542686,0.0234375,0.11328125,0.11328125,0.0234375,0.017801399808377028,1.9665851016707452,22.870892996634733,2.876477138702427e-07,0.0,"[-0.01622994158700659, 0.16361766248610882, -1.315704917666688, 28.675600413676236]",0.0,0.0003887711682319853,29,0.5918367346938775,0,32,-1,-1,-1,nan,nan,sqpmethod_qpoases_solver_differentiation,Solve_Succeeded
lapanda,ok,50,49,4,0.0018344996497035027,0.078125,0.0027437997050583363,0.001240499783307314,0.0234375,nan,0.0234375,0.0234375,0.004781499970704317,1.966147726655744,22.86461996289895,0.00036330447905186247,0.0,"[-0.005761818826159483, 0.2036938764415617, -1.5276727978408284, 27.40350294594918]",0.04494846979178659,0.0006574987837208501,29,0.5918367346938775,0,775,22,7,775,0.0007873098088067021,405.68255109989167,,ok
CasADi-IPOPT-SQP,ok,50,49,5,0.044649799820035696,3.46484375,0.01646009972319007,0.0011587003245949745,0.0234375,0.11328125,0.11328125,0.0234375,0.017618800047785044,1.9665851402653802,22.870892996643807,2.877095306441646e-07,0.0,"[-0.016229941537241173, 0.16361766225145374, -1.315704916215575, 28.675600407597916]",0.0,0.00038880507920859995,29,0.5918367346938775,0,34,-1,-1,-1,nan,nan,sqpmethod_qpoases_solver_differentiation,Solve_Succeeded
lapanda,ok,50,49,5,0.0018344996497035027,0.078125,0.0022298996336758137,0.001128199975937605,0.0234375,nan,0.0234375,0.0234375,0.003968799952417612,1.9655188957003702,22.86406731845548,0.0006923650706009976,0.0,"[-0.00667516317680016, 0.21898631658049902, -1.6274274551413153, 26.995857431090606]",0.05954615554331025,0.0007322908974614548,29,0.5918367346938775,0,596,19,7,596,0.0007995781928931134,1147.8306171786894,,ok
CasADi-IPOPT-SQP,ok,50,49,6,0.044649799820035696,3.46484375,0.019032000098377466,0.0012778998352587223,0.0234375,0.11328125,0.11328125,0.0234375,0.02030989993363619,1.9665634839437973,22.870893371901413,1.7428101428684784e-07,0.0,"[-0.01623009910412219, 0.16361828492590455, -1.3157091588087173, 28.67561769884638]",0.0,0.00029262022766717954,29,0.5918367346938775,0,36,-1,-1,-1,nan,nan,sqpmethod_qpoases_solver_differentiation,Solve_Succeeded
lapanda,ok,50,49,6,0.0018344996497035027,0.078125,0.0028584999963641167,0.001236800104379654,0.0234375,nan,0.0234375,0.0234375,0.005031900014728308,5.774029309217216,22.827262808873684,0.00039763776731138734,0.0,"[0.003920482942068052, 0.10371814354463987, -1.59044357506337, 26.500080661483096]",0.07641979177672262,0.28346901210832753,28,0.5714285714285714,0,790,23,7,790,0.0007388504801790763,416.2775199976719,,ok
CasADi-IPOPT-SQP,ok,50,49,7,0.044649799820035696,3.46484375,0.019162800163030624,0.001208100002259016,0.0234375,0.11328125,0.11328125,0.0234375,0.02037090016528964,1.9665850880114368,22.87089299744349,2.8763017412281044e-07,0.0,"[-0.01622994181347932, 0.16361766332519534, -1.315704923505453, 28.675600437378595]",0.0,0.0003886678926416454,29,0.5918367346938775,0,36,-1,-1,-1,nan,nan,sqpmethod_qpoases_solver_differentiation,Solve_Succeeded
lapanda,ok,50,49,7,0.0018344996497035027,0.078125,0.0027505001053214073,0.0012480001896619797,0.0234375,nan,0.0234375,0.0234375,0.004883300047367811,1.9661354847887866,22.863963694645033,0.00037925809507743935,0.0,"[-0.005713995429091377, 0.203710325573531, -1.5257390164523155, 27.40276850011262]",0.044962714820161294,0.0007327471804348011,29,0.5918367346938775,0,686,22,7,686,0.00077492665058565,412.85089976009,,ok
CasADi-IPOPT-SQP,ok,50,49,8,0.044649799820035696,3.46484375,0.01908760005608201,0.0011379998177289963,0.0234375,0.11328125,0.11328125,0.0234375,0.020225599873811007,1.9665908691156067,22.870893031455495,3.171122557876771e-07,0.0,"[-0.016229934975934758, 0.16361762403987273, -1.3157046740910738, 28.675599406678693]",0.0,0.0003957057379688335,29,0.5918367346938775,0,33,-1,-1,-1,nan,nan,sqpmethod_qpoases_solver_differentiation,Solve_Succeeded
lapanda,ok,50,49,8,0.0018344996497035027,0.078125,0.0032521001994609833,0.0011501000262796879,0.0234375,nan,0.0234375,0.0234375,0.005162000190466642,1.966138949458168,22.864597051854748,0.0003706376473833206,0.0,"[-0.005774648838692703, 0.20387225669621, -1.528572041750503, 27.403064401517724]",0.04496884449426111,0.0006585883912413994,29,0.5918367346938775,0,936,22,7,936,0.0007790655468717933,409.3685761919514,,ok
CasADi-IPOPT-SQP,ok,50,49,9,0.044649799820035696,3.46484375,0.018951999954879284,0.0014499998651444912,0.0234375,0.11328125,0.11328125,0.0234375,0.020401999820023775,1.9665851319261036,22.870892997976572,2.877192013528429e-07,0.0,"[-0.016229941883655178, 0.16361766350554136, -1.315704925030496, 28.675600443285386]",0.0,0.0003886533993114685,29,0.5918367346938775,0,35,-1,-1,-1,nan,nan,sqpmethod_qpoases_solver_differentiation,Solve_Succeeded
lapanda,ok,50,49,9,0.0018344996497035027,0.078125,0.0021391999907791615,0.0012015998363494873,0.0234375,nan,0.0234375,0.0234375,0.004240399692207575,1.9661229981288904,22.865124961493564,0.00039389117310428823,0.0,"[-0.005821102885858925, 0.20324897834947525, -1.526855710804982, 27.41077054048084]",0.04469369990984871,0.0005986093434365892,29,0.5918367346938775,0,555,22,7,555,0.0007405476535902178,408.897515966963,,ok
CasADi-IPOPT-SQP,ok,100,99,0,0.08765649981796741,6.35546875,0.036627800203859806,0.014571100007742643,0.0234375,0.90625,0.90625,0.0234375,0.05119890021160245,4.0578276017663715,46.225940795624,7.166420590287714e-08,0.0,"[-0.01366915918482969, 0.1386145424727525, -1.9238532388306018, 54.80279874705804]",0.0,0.0001539952384587377,64,0.6464646464646465,0,56,-1,-1,-1,nan,nan,sqpmethod_qpoases_solver_differentiation,Solve_Succeeded
lapanda,ok,100,99,0,0.0039470000192523,0.15234375,0.005921599920839071,0.0014870003797113895,0.0234375,nan,0.0234375,0.0234375,0.008245599921792746,4.057077610423483,46.22206916914797,0.0008072354576873497,0.0,"[0.0162166043543172, 0.20618106601574226, -2.391392656353816, 50.94637315578947]",0.07085334687667656,0.00035404949534629,64,0.6464646464646465,0,807,24,7,807,0.0008072354576873497,411.7951198466711,,ok
CasADi-IPOPT-SQP,ok,100,99,1,0.08765649981796741,6.35546875,0.0342548000626266,0.003166399896144867,0.0234375,0.328125,0.328125,0.0234375,0.03742119995877147,4.057827590786981,46.22594079560051,7.164627291444958e-08,0.0,"[-0.013669159194728085, 0.13861454253651687, -1.9238532394168684, 54.80279874928333]",0.0,0.0001539810685125629,64,0.6464646464646465,0,53,-1,-1,-1,nan,nan,sqpmethod_qpoases_solver_differentiation,Solve_Succeeded
lapanda,ok,100,99,1,0.0039470000192523,0.15234375,0.009905699640512466,0.0013403999619185925,0.05078125,nan,0.05078125,0.05078125,0.012056899722665548,4.057104560966258,46.22139136642515,0.0008110858308008062,0.0,"[0.016262163911233505, 0.20639479086605045, -2.3911774485922495, 50.946509375939186]",0.07085048343523949,0.0003832413787839474,64,0.6464646464646465,0,1305,24,7,1305,0.0008110858308008062,410.6391941193991,,ok
CasADi-IPOPT-SQP,ok,100,99,2,0.08765649981796741,6.35546875,0.039904399774968624,0.0032374002039432526,0.0234375,0.33984375,0.33984375,0.0234375,0.04314179997891188,4.057808073724063,46.22594042595485,5.38926423487851e-08,0.0,"[-0.013669138170574557, 0.13861463291724582, -1.923853837357247, 54.80280112961404]",0.0,0.00013042353107122547,64,0.6464646464646465,0,60,-1,-1,-1,nan,nan,sqpmethod_qpoases_solver_differentiation,Solve_Succeeded
lapanda,ok,100,99,2,0.0039470000192523,0.15234375,0.008405500091612339,0.001378299668431282,0.0234375,nan,0.0234375,0.0234375,0.010522699914872646,4.057080660638377,46.221850845207825,0.0008109249748211589,0.0,"[0.01623099667073976, 0.20629064077689088, -2.3912368002029796, 50.94253686131157]",0.0709225185916628,0.000376211068896699,64,0.6464646464646465,0,1171,24,7,1171,0.0008109249748211589,414.06952216999787,,ok
CasADi-IPOPT-SQP,ok,100,99,3,0.08765649981796741,6.35546875,0.03819729993119836,0.0032571000047028065,0.0234375,0.328125,0.328125,0.0234375,0.041454399935901165,4.057808072839108,46.22594042592254,5.388228907499126e-08,0.0,"[-0.013669138174619908, 0.13861463295549065, -1.923853837651958, 54.802801130786044]",0.0,0.00013041429572971342,64,0.6464646464646465,0,58,-1,-1,-1,nan,nan,sqpmethod_qpoases_solver_differentiation,Solve_Succeeded
lapanda,ok,100,99,3,0.0039470000192523,0.15234375,0.00680179987102747,0.0013840999454259872,0.0234375,nan,0.0234375,0.0234375,0.009115000255405903,4.057091574466604,46.22166643252351,0.0007966285561968878,0.0,"[0.01622392984499329, 0.20645319898918316, -2.3905948412969424, 50.95867830153814]",0.07062899928066127,0.0003902777541523784,64,0.6464646464646465,0,856,24,7,856,0.0007966285561968878,413.34813794503566,,ok
CasADi-IPOPT-SQP,ok,100,99,4,0.08765649981796741,6.35546875,0.03604089980944991,0.0032791998237371445,0.0234375,0.33203125,0.33203125,0.0234375,0.039320099633187056,4.057827467334074,46.22594079552261,7.143533808928737e-08,0.0,"[-0.013669159337046377, 0.13861454332812662, -1.9238532467410607, 54.80279877712107]",0.0,0.00015380899636976763,64,0.6464646464646465,0,54,-1,-1,-1,nan,nan,sqpmethod_qpoases_solver_differentiation,Solve_Succeeded
lapanda,ok,100,99,4,0.0039470000192523,0.15234375,0.00920219998806715,0.0013915998861193657,0.0234375,nan,0.0234375,0.0234375,0.011455800384283066,7.8526310897944285,46.18542145715199,0.0005627710942208708,0.0,"[0.025706350505718387, 0.10557300085886986, -2.4419603055989985, 50.113110460165665]",0.08604635766713245,0.1987835101764087,63,0.6363636363636364,0,1051,23,8,1051,0.000586520572409821,1303.430177387975,,ok
CasADi-IPOPT-SQP,ok,100,99,5,0.08765649981796741,6.35546875,0.03878160007297993,0.003252199850976467,0.0234375,0.33203125,0.33203125,0.0234375,0.042033799923956394,4.057827696348915,46.22594079586421,7.181552730273211e-08,0.0,"[-0.013669159109408243, 0.13861454196049525, -1.923853234102096, 54.802798729148186]",0.0,0.00015411075997616522,64,0.6464646464646465,0,55,-1,-1,-1,nan,nan,sqpmethod_qpoases_solver_differentiation,Solve_Succeeded
lapanda,ok,100,99,5,0.0039470000192523,0.15234375,0.012056100182235241,0.0014837998896837234,0.0234375,nan,0.0234375,0.0234375,0.014394099824130535,4.0570784018152,46.22187010781415,0.0008078887819931158,0.0,"[0.016221901762396213, 0.20638869882637223, -2.391840289082862, 50.94071458337651]",0.07095681645384108,0.00037899890386993205,64,0.6464646464646465,0,1756,24,7,1756,0.0008078887819931158,410.52431438030726,,ok
CasADi-IPOPT-SQP,ok,100,99,6,0.08765649981796741,6.35546875,0.035721899941563606,0.0035577998496592045,0.0234375,0.328125,0.328125,0.0234375,0.03927969979122281,4.057827433265991,46.22594079548379,7.137800728251875e-08,0.0,"[-0.013669159375256482, 0.13861454355175745, -1.9238532487897277, 54.80279878492137]",0.0,0.0001537605235314272,64,0.6464646464646465,0,46,-1,-1,-1,nan,nan,sqpmethod_qpoases_solver_differentiation,Solve_Succeeded
lapanda,ok,100,99,6,0.0039470000192523,0.15234375,0.005752100143581629,0.0014097001403570175,0.0234375,nan,0.0234375,0.0234375,0.007921800017356873,7.8521438417498235,46.18366321078559,0.0009876028880098087,0.0,"[0.025344968894655814, 0.11185513744185677, -2.4780306857010954, 50.20804444671113]",0.0844013688612504,0.19878721845337238,63,0.6363636363636364,0,813,21,6,813,0.0009876028880098087,140.3094567246632,,ok
CasADi-IPOPT-SQP,ok,100,99,7,0.08765649981796741,6.35546875,0.043888000305742025,0.003293100278824568,0.0234375,0.31640625,0.31640625,0.0234375,0.04718110058456659,4.057808074150799,46.22594042597407,5.38972497743373e-08,0.0,"[-0.013669138169214778, 0.1386146328997049, -1.9238538372250695, 54.802801129086205]",0.0,0.00013042778343581743,64,0.6464646464646465,0,62,-1,-1,-1,nan,nan,sqpmethod_qpoases_solver_differentiation,Solve_Succeeded
lapanda,ok,100,99,7,0.0039470000192523,0.15234375,0.0056350999511778355,0.0012865997850894928,0.0234375,nan,0.0234375,0.0234375,0.007635499816387892,4.057054478407626,46.22269834627073,0.0008100737759051402,0.0,"[0.015888758742849382, 0.2070008296007625, -2.3984393565909343, 50.97520978237297]",0.07034737932270052,0.0003112749119164583,64,0.6464646464646465,0,750,24,7,750,0.0008100737759051402,338.77963175062587,,ok
CasADi-IPOPT-SQP,ok,100,99,8,0.08765649981796741,6.35546875,0.03574620001018047,0.0035227001644670963,0.0234375,0.328125,0.328125,0.0234375,0.03926890017464757,4.057827713361415,46.22594079607411,7.18325554593946e-08,0.0,"[-0.013669159127090444, 0.13861454195655354, -1.9238532340781036, 54.80279872912369]",0.0,0.00015411637062657488,64,0.6464646464646465,0,56,-1,-1,-1,nan,nan,sqpmethod_qpoases_solver_differentiation,Solve_Succeeded
lapanda,ok,100,99,8,0.0039470000192523,0.15234375,0.006279299966990948,0.0014240001328289509,0.0234375,nan,0.0234375,0.0234375,0.008557400200515985,4.057079065386035,46.22183347571713,0.0007902548297957779,0.0,"[0.016220201417657586, 0.20633187578195714, -2.3909194340628703, 50.94978641533209]",0.07079057619022233,0.0003795325373178877,64,0.6464646464646465,0,796,24,7,796,0.0007902548297957779,417.951318277048,,ok
CasADi-IPOPT-SQP,ok,100,99,9,0.08765649981796741,6.35546875,0.0396482995711267,0.0032826000824570656,0.0234375,0.31640625,0.31640625,0.0234375,0.042930899653583765,4.057827493336762,46.22594079553315,7.147982095112582e-08,0.0,"[-0.013669159305731088, 0.1386145431566791, -1.9238532451578079, 54.80279877109768]",0.0,0.0001538460522931055,64,0.6464646464646465,0,55,-1,-1,-1,nan,nan,sqpmethod_qpoases_solver_differentiation,Solve_Succeeded
lapanda,ok,100,99,9,0.0039470000192523,0.15234375,0.006087599787861109,0.0013355999253690243,0.0234375,nan,0.0234375,0.0234375,0.008162899874150753,4.057078638049416,46.221847651816375,0.0008024225270319985,0.0,"[0.01622764273209771, 0.20632891493925964, -2.3917797245884582, 50.937739679648104]",0.07101051303791474,0.0003764883670421785,64,0.6464646464646465,0,831,24,7,831,0.0008024225270319985,411.63858902863774,,ok
CasADi-IPOPT-SQP,ok,200,199,0,0.17403179965913296,13.8515625,0.09568750020116568,0.10523839993402362,0.32421875,3.05078125,3.05078125,0.32421875,0.2009259001351893,8.200638068245052,92.8097814279491,1.8686685665514347e-07,0.0,"[-0.012169610710017603, 0.12461916821870452, -2.9256236016902815, 107.56425296887349]",0.0,0.00014229208462113814,138,0.6934673366834171,0,96,-1,-1,-1,nan,nan,sqpmethod_qpoases_solver_differentiation,Solve_Succeeded
lapanda,ok,200,199,0,0.00359989982098341,0.41015625,0.012196400202810764,0.0015696999616920948,0.09375,nan,0.09375,0.09375,0.014793700072914362,8.199018030737076,92.80481400991759,0.000535206778034647,0.0,"[0.056717659797770124, 0.25123256445528747, -3.899396286706762, 98.35799667438158]",0.08604443558688266,0.00031139957398530803,138,0.6934673366834171,0,792,22,6,792,0.000983822726273731,199.87052128990592,,ok
CasADi-IPOPT-SQP,ok,200,199,1,0.17403179965913296,13.8515625,0.14510539965704083,0.018083699978888035,0.1640625,1.0390625,1.0390625,0.1640625,0.16318909963592887,8.200604529070603,92.80978010537726,1.047609210491629e-07,0.0,"[-0.012169507734308645, 0.12461928922065517, -2.925624168540023, 107.56425510742815]",0.0,0.0001165909444668487,138,0.6934673366834171,0,116,-1,-1,-1,nan,nan,sqpmethod_qpoases_solver_differentiation,Solve_Succeeded
lapanda,ok,200,199,1,0.00359989982098341,0.41015625,0.013546600006520748,0.001828999724239111,0.03125,nan,0.03125,0.03125,0.016353500075638294,8.199029571865356,92.80470448203403,0.0005300495282380968,0.0,"[0.05675080260743449, 0.2510088438709921, -3.897420820515984, 98.3560373272199]",0.0860606041086909,0.00031495515135477275,138,0.6934673366834171,0,810,22,6,810,0.0009906575585281185,199.8848873772604,,ok
CasADi-IPOPT-SQP,ok,200,199,2,0.17403179965913296,13.8515625,0.12304939981549978,0.017298900056630373,0.0859375,1.046875,1.046875,0.0859375,0.14034829987213016,8.20063791682309,92.80978142453377,1.8661412659604082e-07,0.0,"[-0.012169610526882835, 0.12461916889252034, -2.925623607280375, 107.56425298950049]",0.0,0.00014217993560541035,138,0.6934673366834171,0,108,-1,-1,-1,nan,nan,sqpmethod_qpoases_solver_differentiation,Solve_Succeeded
lapanda,ok,200,199,2,0.00359989982098341,0.41015625,0.01226350013166666,0.0015742001123726368,0.0234375,nan,0.0234375,0.0234375,0.01466110022738576,8.199019501883026,92.80496138593516,0.0005335767896783583,0.0,"[0.05679683201795184, 0.25000958861579803, -3.889832269878195, 98.36649821315108]",0.0859564159892191,0.00030576669856793176,138,0.6934673366834171,0,785,22,6,785,0.0009880385443730155,199.8797692721885,,ok
CasADi-IPOPT-SQP,ok,200,199,3,0.17403179965913296,13.8515625,0.10473329992964864,0.016691400203853846,0.09765625,1.0390625,1.0390625,0.09765625,0.12142470013350248,8.200637761442403,92.80978142091563,1.8634433396336192e-07,0.0,"[-0.012169610333470549, 0.12461916960886334, -2.925623613292956, 107.56425301163557]",0.0,0.00014205986122226935,138,0.6934673366834171,0,102,-1,-1,-1,nan,nan,sqpmethod_qpoases_solver_differentiation,Solve_Succeeded
lapanda,ok,200,199,3,0.00359989982098341,0.41015625,0.012597199995070696,0.0015789000317454338,0.0234375,nan,0.0234375,0.0234375,0.015088200103491545,8.199032267954507,92.80488724867264,0.0005368559088785307,0.0,"[0.05672531421212668, 0.2510685631849332, -3.8971732417413887, 98.37443175027298]",0.08589037211436586,0.00031036746690777056,138,0.6934673366834171,0,831,22,6,831,0.0009751185959878672,199.9318810286914,,ok
CasADi-IPOPT-SQP,ok,200,199,4,0.17403179965913296,13.8515625,0.12166329985484481,0.017857400234788656,0.0390625,1.0390625,1.0390625,0.0390625,0.13952070008963346,8.200638064131503,92.80978142787659,1.868622598877323e-07,0.0,"[-0.012169610705552598, 0.12461916822821674, -2.9256236017516013, 107.56425296910241]",0.0,0.000142290354252973,138,0.6934673366834171,0,107,-1,-1,-1,nan,nan,sqpmethod_qpoases_solver_differentiation,Solve_Succeeded
lapanda,ok,200,199,4,0.00359989982098341,0.41015625,0.013533900026232004,0.0016728001646697521,0.0234375,nan,0.0234375,0.0234375,0.016443800181150436,8.199004124343867,92.80508275637611,0.0005314492030963347,0.0,"[0.05675592640612092, 0.2504587581140044, -3.893927189768827, 98.36634306337234]",0.08596187893733082,0.00029797167026636087,138,0.6934673366834171,0,838,22,6,838,0.0009837666669032519,199.88690625480675,,ok
CasADi-IPOPT-SQP,ok,200,199,5,0.17403179965913296,13.8515625,0.09939169976860285,0.017472899984568357,0.0234375,1.0390625,1.0390625,0.0234375,0.1168645997531712,8.20063795439324,92.80978142534072,1.8667533119298696e-07,0.0,"[-0.012169610567089121, 0.12461916871754049, -2.92562360578557, 107.56425298398086]",0.0,0.00014220854774806395,138,0.6934673366834171,0,97,-1,-1,-1,nan,nan,sqpmethod_qpoases_solver_differentiation,Solve_Succeeded
lapanda,ok,200,199,5,0.00359989982098341,0.41015625,0.018260200042277575,0.001582600176334381,0.0234375,nan,0.0234375,0.0234375,0.020685099996626377,8.199025262766975,92.80474450596805,0.0005423619489908216,0.0,"[0.056758628236976, 0.25100428473534353, -3.898254470142817, 98.35015497919454]",0.08611575786283747,0.00030825486542887504,138,0.6934673366834171,0,1223,22,6,1223,0.0009745606255118222,199.88175875917648,,ok
CasADi-IPOPT-SQP,ok,200,199,6,0.17403179965913296,13.8515625,0.10454369988292456,0.01683809980750084,0.03125,1.0390625,1.0390625,0.03125,0.1213817996904254,8.200604850611896,92.80978011947039,1.0555012841528821e-07,0.0,"[-0.01216950893794233, 0.12461928826177933, -2.92562416716704, 107.5642551007764]",0.0,0.00011681763133652112,138,0.6934673366834171,0,87,-1,-1,-1,nan,nan,sqpmethod_qpoases_solver_differentiation,Solve_Succeeded
lapanda,ok,200,199,6,0.00359989982098341,0.41015625,0.020323299802839756,0.0016232999041676521,0.0234375,nan,0.0234375,0.0234375,0.022768499795347452,8.199070787663356,92.8061233300951,0.0008245817865477623,0.0,"[0.054273111224614146, 0.2509918720879483, -3.880091948866236, 98.95353082251401]",0.08052330933800192,0.0002361050729635228,138,0.6934673366834171,0,1309,23,8,1309,0.0008245817865477623,1602.846951689445,,ok
CasADi-IPOPT-SQP,ok,200,199,7,0.17403179965913296,13.8515625,0.09758800035342574,0.01660619955509901,0.0234375,1.0390625,1.0390625,0.0234375,0.11419419990852475,8.200604828222534,92.8097801190118,1.055210752110014e-07,0.0,"[-0.012169508907735951, 0.12461928833949244, -2.9256241677027255, 107.56425510283141]",0.0,0.00011680309127050743,138,0.6934673366834171,0,98,-1,-1,-1,nan,nan,sqpmethod_qpoases_solver_differentiation,Solve_Succeeded
lapanda,ok,200,199,7,0.00359989982098341,0.41015625,0.015341800171881914,0.001549100037664175,0.0234375,nan,0.0234375,0.0234375,0.017761100083589554,8.19901370612446,92.80422974790422,0.0005416843320282805,0.0,"[0.05675730926930502, 0.251574521011704, -3.8989831131218002, 98.36212340311178]",0.08600596179299552,0.0003434616319087685,138,0.6934673366834171,0,1026,22,6,1026,0.0009843055882228224,199.8841755539216,,ok
CasADi-IPOPT-SQP,ok,200,199,8,0.17403179965913296,13.8515625,0.10063889995217323,0.016913199797272682,0.03125,1.0390625,1.0390625,0.03125,0.11755209974944592,8.200604826726906,92.80978011904145,1.0552207241332212e-07,0.0,"[-0.012169508912085111, 0.1246192883466263, -2.92562416779922, 107.56425510318756]",0.0,0.00011680210945587122,138,0.6934673366834171,0,98,-1,-1,-1,nan,nan,sqpmethod_qpoases_solver_differentiation,Solve_Succeeded
lapanda,ok,200,199,8,0.00359989982098341,0.41015625,0.009176800027489662,0.0015488001517951488,0.0234375,nan,0.0234375,0.0234375,0.011564800050109625,8.199006660714996,92.80513182346864,0.0005363694180082756,0.0,"[0.05670553861251383, 0.2510676339651243, -3.899076736214108, 98.37321923412108]",0.0859034533515791,0.00028868144509681915,138,0.6934673366834171,0,602,22,6,602,0.000984711771472524,199.9170794149211,,ok
CasADi-IPOPT-SQP,ok,200,199,9,0.17403179965913296,13.8515625,0.10412409994751215,0.01712109986692667,0.0234375,1.0390625,1.0390625,0.0234375,0.12124519981443882,8.200638041512349,92.80978142728878,1.8682088143151532e-07,0.0,"[-0.012169610669186441, 0.12461916832231158, -2.9256236024593, 107.56425297172284]",0.0,0.00014227422189095113,138,0.6934673366834171,0,98,-1,-1,-1,nan,nan,sqpmethod_qpoases_solver_differentiation,Solve_Succeeded
lapanda,ok,200,199,9,0.00359989982098341,0.41015625,0.013881400227546692,0.0015795002691447735,0.0234375,nan,0.0234375,0.0234375,0.01638479996472597,11.988393090428971,92.76890090696959,0.0006411746782701844,0.0,"[0.06648981775531869, 0.15006629296198062, -3.9455251077941687, 97.53585552812682]",0.0936810514843321,0.14006020426357585,137,0.6884422110552764,0,918,21,7,918,0.0006411746782701844,1383.5119619011243,,ok
CasADi-IPOPT-SQP,ok,500,499,0,0.46202849969267845,46.16796875,0.42464339965954423,1.871420199982822,0.9296875,19.6875,19.6875,0.9296875,2.296063599642366,20.605358299216803,232.4493110027809,2.888003829415453e-07,0.0,"[-0.011031039492122946, 0.11608883070365683, -5.783662068967524, 265.40141690950406]",0.0,0.0001055143453929802,356,0.7134268537074149,0,219,-1,-1,-1,nan,nan,sqpmethod_qpoases_solver_differentiation,Solve_Succeeded
lapanda,ok,500,499,0,0.0070927999913692474,0.984375,0.04120100010186434,0.0026858998462557793,0.1484375,nan,0.1484375,0.1484375,0.04510689992457628,20.601642863917967,232.44520504072779,0.0005839307392270232,0.0,"[0.1731176172762235, 0.40014366655054945, -8.114099732096642, 240.06492628579562]",0.09585348488584683,0.0001769801962759344,356,0.7134268537074149,0,1013,21,6,1013,0.0009106703030052898,227.00675951451277,,ok
CasADi-IPOPT-SQP,ok,500,499,1,0.46202849969267845,46.16796875,0.7657894999720156,0.2578503997065127,0.328125,6.03125,6.03125,0.328125,1.0236398996785283,20.60547949884551,232.44931620218628,6.168676514040072e-07,0.0,"[-0.011031463536971053, 0.11608843114391408, -5.783661210391805, 265.40141417276425]",0.0,0.00013956627834217484,356,0.7134268537074149,0,261,-1,-1,-1,nan,nan,sqpmethod_qpoases_solver_differentiation,Solve_Succeeded
lapanda,ok,500,499,1,0.0070927999913692474,0.984375,0.041791200172156096,0.0023207999765872955,0.2265625,nan,0.2265625,0.2265625,0.04518410004675388,20.601639806990946,232.44511718819314,0.0005842978728816117,0.0,"[0.17318175540793862, 0.399496311516686, -8.107620259479791, 240.06655314458328]",0.09584511598063275,0.00018083989643687769,356,0.7134268537074149,0,1012,21,6,1012,0.0009192584144832594,226.96799110644014,,ok
CasADi-IPOPT-SQP,ok,500,499,2,0.46202849969267845,46.16796875,0.4205142999999225,0.24464369984343648,0.07421875,6.03125,6.03125,0.07421875,0.665157999843359,20.605448131455294,232.4493149013341,5.336609381068058e-07,0.0,"[-0.011031357886097486, 0.11608853196400042, -5.7836614297518105, 265.4014148561986]",0.0,0.00013182614055969608,356,0.7134268537074149,0,219,-1,-1,-1,nan,nan,sqpmethod_qpoases_solver_differentiation,Solve_Succeeded
lapanda,ok,500,499,2,0.0070927999913692474,0.984375,0.06583249988034368,0.002355099655687809,0.02734375,nan,0.02734375,0.02734375,0.06934789987280965,20.601649452688093,232.44519706324297,0.000593382194406411,0.0,"[0.17314911060163074, 0.3998583542929577, -8.111863476599652, 240.06556660058533]",0.09585029417921728,0.00017399358037192226,356,0.7134268537074149,0,1117,21,6,1117,0.0009024071065293349,226.95209027905565,,ok
CasADi-IPOPT-SQP,ok,500,499,3,0.46202849969267845,46.16796875,0.42138690035790205,0.24107389990240335,0.03515625,6.00390625,6.00390625,0.03515625,0.6624608002603054,20.605448457522552,232.44931491322384,5.344326952094747e-07,0.0,"[-0.011031358788885759, 0.11608853078280601, -5.7836614247214975, 265.4014148388131]",0.0,0.00013191571921988094,356,0.7134268537074149,0,219,-1,-1,-1,nan,nan,sqpmethod_qpoases_solver_differentiation,Solve_Succeeded
lapanda,ok,500,499,3,0.0070927999913692474,0.984375,0.05783800035715103,0.0023591998033225536,0.0234375,nan,0.0234375,0.0234375,0.06126750027760863,20.601630661128688,232.4451925334398,0.0005909170000386599,0.0,"[0.1731391438844303, 0.40010561230139485, -8.113784613917504, 240.06378467100134]",0.09585765038722184,0.00017621729806489904,356,0.7134268537074149,0,1469,21,6,1469,0.0009091743892719606,226.96599898055072,,ok
CasADi-IPOPT-SQP,ok,500,499,4,0.46202849969267845,46.16796875,0.45163229992613196,0.2508332999423146,0.1484375,6.015625,6.015625,0.1484375,0.7024655998684466,20.60535751949914,232.44931096524647,2.86492527479254e-07,0.0,"[-0.011031036341314427, 0.11608883334486406, -5.783662072311928, 265.40141692009695]",0.0,0.00010525154215687914,356,0.7134268537074149,0,142,-1,-1,-1,nan,nan,sqpmethod_qpoases_solver_differentiation,Solve_Succeeded
lapanda,ok,500,499,4,0.0070927999913692474,0.984375,0.041603600140661,0.002293400000780821,0.0234375,nan,0.0234375,0.0234375,0.04493009997531772,20.60162244717095,232.4454294252299,0.0005886712250651183,0.0,"[0.1731388613669696, 0.3995722672538241, -8.109047354446387, 240.0679239599747]",0.09584047638094934,0.00017676689729532343,356,0.7134268537074149,0,1009,21,6,1009,0.0009079361635317973,226.9653514058313,,ok
CasADi-IPOPT-SQP,ok,500,499,5,0.46202849969267845,46.16796875,0.4765535001643002,0.2399762999266386,0.08203125,6.0078125,6.0078125,0.08203125,0.7165298000909388,20.60544820574322,232.44931490421158,5.338467745641395e-07,0.0,"[-0.01103135810892827, 0.11608853169611429, -5.783661428739326, 265.40141485274495]",0.0,0.00013184668158274754,356,0.7134268537074149,0,223,-1,-1,-1,nan,nan,sqpmethod_qpoases_solver_differentiation,Solve_Succeeded
lapanda,ok,500,499,5,0.0070927999913692474,0.984375,0.04863189999014139,0.0023741996847093105,0.0234375,nan,0.0234375,0.0234375,0.05205690022557974,20.601642417704618,232.44541980455506,0.0005868475403485451,0.0,"[0.17311210801123383, 0.40006521543558937, -8.113882654588101, 240.06564741346259]",0.09585069500503873,0.00017340686555713882,356,0.7134268537074149,0,1232,21,6,1232,0.0009127589114661383,226.9691832148952,,ok
CasADi-IPOPT-SQP,ok,500,499,6,0.46202849969267845,46.16796875,0.6736283996142447,0.2391460002399981,0.1328125,6.0078125,6.0078125,0.1328125,0.9127743998542428,20.605358125848575,232.4493109861079,2.878246239124138e-07,0.0,"[-0.011031037988515858, 0.11608883134201663, -5.783662064534901, 265.40141689226664]",0.0,0.00010543578328323432,356,0.7134268537074149,0,234,-1,-1,-1,nan,nan,sqpmethod_qpoases_solver_differentiation,Solve_Succeeded
lapanda,ok,500,499,6,0.0070927999913692474,0.984375,0.057843499816954136,0.00252470001578331,0.0234375,nan,0.0234375,0.0234375,0.06149459956213832,20.60173594311309,232.44552533322073,0.0008846200175220975,0.0,"[0.16871759428221453, 0.4188804583292489, -8.16473798606764, 242.2171063473055]",0.0878042993530013,0.0001509761906255337,356,0.7134268537074149,0,1415,22,8,1415,0.0008846200175220975,1200.1945175693515,,ok
CasADi-IPOPT-SQP,ok,500,499,7,0.46202849969267845,46.16796875,0.4448927999474108,0.2425665999762714,0.125,6.0234375,6.0234375,0.125,0.6874593999236822,20.60544847362405,232.44931491377542,5.344691993425243e-07,0.0,"[-0.011031358829285262, 0.11608853072118971, -5.7836614243928555, 265.40141483767076]",0.0,0.00013192037921995922,356,0.7134268537074149,0,219,-1,-1,-1,nan,nan,sqpmethod_qpoases_solver_differentiation,Solve_Succeeded
lapanda,ok,500,499,7,0.0070927999913692474,0.984375,0.05705789988860488,0.002276199869811535,0.0234375,nan,0.0234375,0.0234375,0.060378100257366896,20.60165330095925,232.44530528701884,0.0005961689731837083,0.0,"[0.17313048939962677, 0.3999652385466837, -8.112754968098377, 240.06896318513225]",0.0958378654208519,0.000173515378470647,356,0.7134268537074149,0,1478,21,6,1478,0.0009099143716628788,226.9660550352725,,ok
CasADi-IPOPT-SQP,ok,500,499,8,0.46202849969267845,46.16796875,0.4537081001326442,0.2401053998619318,0.0546875,6.0078125,6.0078125,0.0546875,0.693813499994576,20.60544797726175,232.44931489562492,5.332910013589043e-07,0.0,"[-0.011031357451267213, 0.11608853252190846, -5.783661432090205, 265.4014148642431]",0.0,0.00013178344043261435,356,0.7134268537074149,0,219,-1,-1,-1,nan,nan,sqpmethod_qpoases_solver_differentiation,Solve_Succeeded
lapanda,ok,500,499,8,0.0070927999913692474,0.984375,0.034863200038671494,0.002263600006699562,0.0234375,nan,0.0234375,0.0234375,0.038478000089526176,20.601628001795874,232.4453113483465,0.0005880907744348907,0.0,"[0.1730942271320142, 0.4005953229375947, -8.11812679770745, 240.0623886963249]",0.09586440498632083,0.00017645597211831928,356,0.7134268537074149,0,864,21,6,864,0.0009117291105842362,226.97095776318778,,ok
CasADi-IPOPT-SQP,ok,500,499,9,0.46202849969267845,46.16796875,0.4173258999362588,0.2400846998207271,0.08203125,5.99609375,5.99609375,0.08203125,0.6574105997569859,20.60544846937646,232.44931491356743,5.344560938258525e-07,0.0,"[-0.011031358812221713, 0.11608853073609295, -5.783661424414301, 265.4014148377307]",0.0,0.0001319191737882729,356,0.7134268537074149,0,218,-1,-1,-1,nan,nan,sqpmethod_qpoases_solver_differentiation,Solve_Succeeded
lapanda,ok,500,499,9,0.0070927999913692474,0.984375,0.04477120004594326,0.002226599957793951,0.0234375,nan,0.0234375,0.0234375,0.04799170000478625,20.601623907354988,232.44525838538007,0.0005861791391030824,0.0,"[0.17314939563665704, 0.399871677835326, -8.111874819767888, 240.06451976009865]",0.09585422513397383,0.00017521887155245799,356,0.7134268537074149,0,1121,21,6,1121,0.0009108526255643401,226.96630194436858,,ok
CasADi-IPOPT-SQP,ok,1000,999,0,1.065493400208652,165.79296875,2.6348556000739336,18.24531769985333,1.70703125,72.76953125,72.76953125,1.70703125,20.880173299927264,41.27365504453855,465.14398130051643,8.214010114304671e-07,0.0,"[-0.010304071386117997, 0.11344854205132425, -10.416548623296116, 529.4641141909525]",0.0,0.000101053277749279,718,0.7187187187187187,0,502,-1,-1,-1,nan,nan,sqpmethod_qpoases_solver_differentiation,Solve_Succeeded
lapanda,ok,1000,999,0,0.015122800134122372,2.41796875,0.15206489991396666,0.004937799647450447,0.328125,nan,0.328125,0.328125,0.15831199986860156,41.266349794189196,465.14114275703616,0.0006380597129977961,0.0,"[0.36561466548615984, 0.6530019213548423, -14.937683476358432, 476.9348405328786]",0.09956742291961762,0.0001182245848603714,718,0.7187187187187187,0,1556,21,6,1556,0.0008916259016586991,235.91326766254144,,ok
CasADi-IPOPT-SQP,ok,1000,999,1,1.065493400208652,165.79296875,2.630038300063461,2.8802143996581435,0.3359375,25.64453125,25.64453125,0.3359375,5.510252699721605,41.27365438833019,465.1439812734766,8.193045697435508e-07,0.0,"[-0.010304069304131197, 0.11344854397166029, -10.416548626481372, 529.464114198392]",0.0,0.0001009371694251011,718,0.7187187187187187,0,505,-1,-1,-1,nan,nan,sqpmethod_qpoases_solver_differentiation,Solve_Succeeded
lapanda,ok,1000,999,1,0.015122800134122372,2.41796875,0.21932630008086562,0.004819899797439575,0.1875,nan,0.1875,0.1875,0.22562649985775352,41.26630565762875,465.14107026477154,0.000799127549016676,0.0,"[0.36541937453427265, 0.651133092494664, -14.924011028380665, 476.9963966952564]",0.09944937009300354,9.767142119645213e-05,718,0.7187187187187187,0,2186,22,7,2186,0.000799127549016676,1444.1574045088491,,ok
CasADi-IPOPT-SQP,ok,1000,999,2,1.065493400208652,165.79296875,1.5434750001877546,2.08469479996711,0.046875,25.68359375,25.68359375,0.046875,3.628169800154865,41.273656534328275,465.14398136487443,8.263730502111599e-07,0.0,"[-0.010304076372490844, 0.1134485376324627, -10.41654861743789, 529.4641141795877]",0.0,0.00010132322448166842,718,0.7187187187187187,0,425,-1,-1,-1,nan,nan,sqpmethod_qpoases_solver_differentiation,Solve_Succeeded
lapanda,ok,1000,999,2,0.015122800134122372,2.41796875,0.3071039002388716,0.005058899987488985,0.08203125,nan,0.08203125,0.08203125,0.31338579999282956,41.26632198266355,465.14091718230026,0.0006394040725781203,0.0,"[0.36564924503512475, 0.6525707593282674, -14.933564715482122, 476.9380885715895]",0.09956063808514852,0.00011837797522585467,718,0.7187187187187187,0,2511,21,6,2511,0.0008899678200473549,235.91319723829417,,ok
CasADi-IPOPT-SQP,ok,1000,999,3,1.065493400208652,165.79296875,1.5190237001515925,2.076203600037843,0.03515625,25.640625,25.640625,0.03515625,3.5952273001894355,41.273838072507154,465.1439884408808,1.3284250093281713e-06,0.0,"[-0.01030461850151644, 0.11344802540094918, -10.416547695934451, 529.4641120978329]",0.0,0.00012834076481328275,718,0.7187187187187187,0,424,-1,-1,-1,nan,nan,sqpmethod_qpoases_solver_differentiation,Solve_Succeeded
lapanda,ok,1000,999,3,0.015122800134122372,2.41796875,0.20779759995639324,0.004848400130867958,0.0234375,nan,0.0234375,0.0234375,0.2138939998112619,41.26632249012944,465.1409127383666,0.0006386486618199516,0.0,"[0.3656294460351487, 0.6529425262364356, -14.93698246298535, 476.9363705945505]",0.09956442669321819,0.00011836678914405464,718,0.7187187187187187,0,2136,21,6,2136,0.0008885822034729873,235.91351553451335,,ok
CasADi-IPOPT-SQP,ok,1000,999,4,1.065493400208652,165.79296875,1.5294208000414073,2.063760499935597,0.02734375,25.6171875,25.6171875,0.02734375,3.5931812999770045,41.27383761596199,465.14398842506216,1.3273701042759711e-06,0.0,"[-0.010304617331702107, 0.11344802672432094, -10.416547700015242, 529.4641121096032]",0.0,0.00012828100584289092,718,0.7187187187187187,0,424,-1,-1,-1,nan,nan,sqpmethod_qpoases_solver_differentiation,Solve_Succeeded
lapanda,ok,1000,999,4,0.015122800134122372,2.41796875,0.14460969995707273,0.005289900116622448,0.05078125,nan,0.05078125,0.05078125,0.15113330027088523,41.26632288409494,465.1409147932902,0.00064027408539169,0.0,"[0.3657172709773368, 0.6514589609142917, -14.92354362148439, 476.94388290684174]",0.09954809405040985,0.00011673334357815563,718,0.7187187187187187,0,1380,21,6,1380,0.000884728654502176,235.91308010437507,,ok
CasADi-IPOPT-SQP,ok,1000,999,5,1.065493400208652,165.79296875,1.5325674000196159,2.063699500169605,0.03125,25.59765625,25.59765625,0.03125,3.596266900189221,41.27383764164557,465.14398842593374,1.32742816272291e-06,0.0,"[-0.010304617395628532, 0.11344802664936326, -10.416547699765724, 529.4641121088669]",0.0,0.0001282843681485839,718,0.7187187187187187,0,423,-1,-1,-1,nan,nan,sqpmethod_qpoases_solver_differentiation,Solve_Succeeded
lapanda,ok,1000,999,5,0.015122800134122372,2.41796875,0.12096230033785105,0.004835900384932756,0.03125,nan,0.03125,0.03125,0.1269951001740992,41.266317073833015,465.1412228859707,0.0006418487002961548,0.0,"[0.36575583035720804, 0.6502031632661899, -14.912611733544361, 476.9490544732617]",0.09953657835317596,0.00011460169913053096,718,0.7187187187187187,0,1230,21,6,1230,0.0008855578765099015,235.91340364612617,,ok
CasADi-IPOPT-SQP,ok,1000,999,6,1.065493400208652,165.79296875,2.5596147999167442,2.0541185000911355,0.03125,25.56640625,25.56640625,0.03125,4.61373330000788,41.27389717783858,465.1439907022257,1.4772421546016545e-06,0.0,"[-0.010304792678564696, 0.11344786381737824, -10.416547437076876, 529.4641116116301]",0.0,0.00013572736776227502,718,0.7187187187187187,0,490,-1,-1,-1,nan,nan,sqpmethod_qpoases_solver_differentiation,Solve_Succeeded
lapanda,ok,1000,999,6,0.015122800134122372,2.41796875,0.2970029003918171,0.004830000456422567,0.0234375,nan,0.0234375,0.0234375,0.30299040023237467,41.266691456688804,465.1400685923834,0.0009410538859409012,0.0,"[0.358686210312762, 0.6713369602901877, -14.872076143208485, 481.1958854959638]",0.09154286948493852,0.00011421693541004618,718,0.7187187187187187,0,2787,22,8,2787,0.0009410538859409012,1196.656459589318,,ok
CasADi-IPOPT-SQP,ok,1000,999,7,1.065493400208652,165.79296875,1.5132074002176523,2.0878679999150336,0.06640625,25.59375,25.59375,0.06640625,3.601075400132686,41.27383805861894,465.14398844033514,1.3283887509984993e-06,0.0,"[-0.010304618458901437, 0.11344802543682096, -10.416547695957796, 529.4641120978138]",0.0,0.00012833903361130438,718,0.7187187187187187,0,424,-1,-1,-1,nan,nan,sqpmethod_qpoases_solver_differentiation,Solve_Succeeded
lapanda,ok,1000,999,7,0.015122800134122372,2.41796875,0.152626299764961,0.004709799773991108,0.0234375,nan,0.0234375,0.0234375,0.1585496999323368,41.26633259061003,465.14083825653285,0.0006414506712537626,0.0,"[0.36565043182624013, 0.6526971213518644, -14.934506404739947, 476.9372553750126]",0.09956235699345987,0.00011910538184026684,718,0.7187187187187187,0,1548,21,6,1548,0.0008866119167179054,235.9134906548203,,ok
CasADi-IPOPT-SQP,ok,1000,999,8,1.065493400208652,165.79296875,1.5575151001103222,2.0447155996225774,0.03515625,25.59375,25.59375,0.03515625,3.6022306997328997,41.2738371690015,465.14398840931796,1.3263220459691638e-06,0.0,"[-0.010304616162925946, 0.11344802801917762, -10.416547703837814, 529.4641121204319]",0.0,0.00012822212408219476,718,0.7187187187187187,0,428,-1,-1,-1,nan,nan,sqpmethod_qpoases_solver_differentiation,Solve_Succeeded
lapanda,ok,1000,999,8,0.015122800134122372,2.41796875,0.13041030010208488,0.005026500206440687,0.0234375,nan,0.0234375,0.0234375,0.13677380001172423,41.26631869277974,465.1408223051813,0.0006359512209492824,0.0,"[0.36565791084011645, 0.652545119224816, -14.93319172574136, 476.93823009191107]",0.09956030781401908,0.0001187973353147753,718,0.7187187187187187,0,1312,21,6,1312,0.000889077250935344,235.91626094909543,,ok
CasADi-IPOPT-SQP,ok,1000,999,9,1.065493400208652,165.79296875,1.5255053997971117,2.053050000220537,0.0390625,25.59375,25.59375,0.0390625,3.578555400017649,41.27383802260458,465.1439884390698,1.3283042934464362e-06,0.0,"[-0.010304618365112692, 0.11344802554188216, -10.416547696272243, 529.4641120987122]",0.0,0.00012833429622886557,718,0.7187187187187187,0,423,-1,-1,-1,nan,nan,sqpmethod_qpoases_solver_differentiation,Solve_Succeeded
lapanda,ok,1000,999,9,0.015122800134122372,2.41796875,0.17945289984345436,0.004898000042885542,0.0234375,nan,0.0234375,0.0234375,0.18579949997365475,41.26632192282696,465.1409327016365,0.0006427947388225608,0.0,"[0.3656528221865659, 0.6525175836013786, -14.933141259129743, 476.9381882214604]",0.09956037778334018,0.00011801130090658264,718,0.7187187187187187,0,1837,21,6,1837,0.0008822330356716979,235.91320364767046,,ok
