method,n,repetition,trial_id,penalty_scale,refinement_tol,gradient_relative_error,base_forward_time_sec,refinement_time_sec,backward_time_sec,combined_backward_time_sec,combined_call_wall_time_sec
Explicit KKT,100,0,0,0.0,0.0,0.007881552522887013,0.005967199802398682,0.0,0.0043218000791966915,0.0043218000791966915,0.0043218000791966915
Explicit KKT,100,0,1,0.0,0.0,0.007929387641519894,0.013121699914336205,0.0,0.004306199960410595,0.004306199960410595,0.004306199960410595
Explicit KKT,100,0,2,0.0,0.0,0.007880731193891084,0.012801599688827991,0.0,0.003757200203835964,0.003757200203835964,0.003757200203835964
Explicit KKT,100,0,3,0.0,0.0,0.007873889457992457,0.0070003001019358635,0.0,0.0038824002258479595,0.0038824002258479595,0.0038824002258479595
Explicit KKT,100,0,4,0.0,0.0,0.022965242645048588,0.00773639976978302,0.0,0.004339300096035004,0.004339300096035004,0.004339300096035004
Explicit KKT,100,0,5,0.0,0.0,0.007888421317209283,0.012493500020354986,0.0,0.003952500410377979,0.003952500410377979,0.003952500410377979
Explicit KKT,100,0,6,0.0,0.0,0.023217556438375402,0.005810400005429983,0.0,0.004870499949902296,0.004870499949902296,0.004870499949902296
Explicit KKT,100,0,7,0.0,0.0,0.007859785035208365,0.0055611999705433846,0.0,0.004397999960929155,0.004397999960929155,0.004397999960929155
Explicit KKT,100,0,8,0.0,0.0,0.007890142636097611,0.0058663999661803246,0.0,0.007819400168955326,0.007819400168955326,0.007819400168955326
Explicit KKT,100,0,9,0.0,0.0,0.00789983725439716,0.006619000341743231,0.0,0.0036510000936686993,0.0036510000936686993,0.0036510000936686993
Explicit KKT,100,1,0,0.0,0.0,0.007881552522887013,0.006436900235712528,0.0,0.003942499868571758,0.003942499868571758,0.003942499868571758
Explicit KKT,100,1,1,0.0,0.0,0.007929387641519894,0.009848300367593765,0.0,0.004129100125283003,0.004129100125283003,0.004129100125283003
Explicit KKT,100,1,2,0.0,0.0,0.007880731193891084,0.009305300191044807,0.0,0.0037392000667750835,0.0037392000667750835,0.0037392000667750835
Explicit KKT,100,1,3,0.0,0.0,0.007873889457992457,0.012569499667733908,0.0,0.004027199931442738,0.004027199931442738,0.004027199931442738
Explicit KKT,100,1,4,0.0,0.0,0.022965242645048588,0.008134200237691402,0.0,0.003777999896556139,0.003777999896556139,0.003777999896556139
Explicit KKT,100,1,5,0.0,0.0,0.007888421317209283,0.013312300201505423,0.0,0.003945500124245882,0.003945500124245882,0.003945500124245882
Explicit KKT,100,1,6,0.0,0.0,0.023217556438375402,0.006371400319039822,0.0,0.003750300034880638,0.003750300034880638,0.003750300034880638
Explicit KKT,100,1,7,0.0,0.0,0.007859785035208365,0.0060859001241624355,0.0,0.0038157999515533447,0.0038157999515533447,0.0038157999515533447
Explicit KKT,100,1,8,0.0,0.0,0.007890142636097611,0.006614599842578173,0.0,0.0038594999350607395,0.0038594999350607395,0.0038594999350607395
Explicit KKT,100,1,9,0.0,0.0,0.00789983725439716,0.011312399990856647,0.0,0.0038365996442735195,0.0038365996442735195,0.0038365996442735195
Explicit KKT,100,2,0,0.0,0.0,0.007881552522887013,0.006892099976539612,0.0,0.00398450018838048,0.00398450018838048,0.00398450018838048
Explicit KKT,100,2,1,0.0,0.0,0.007929387641519894,0.010153500363230705,0.0,0.004923100117594004,0.004923100117594004,0.004923100117594004
Explicit KKT,100,2,2,0.0,0.0,0.007880731193891084,0.008925000205636024,0.0,0.0039830999448895454,0.0039830999448895454,0.0039830999448895454
Explicit KKT,100,2,3,0.0,0.0,0.007873889457992457,0.009482199791818857,0.0,0.004352400079369545,0.004352400079369545,0.004352400079369545
Explicit KKT,100,2,4,0.0,0.0,0.022965242645048588,0.00805089995265007,0.0,0.003934300038963556,0.003934300038963556,0.003934300038963556
Explicit KKT,100,2,5,0.0,0.0,0.007888421317209283,0.012856800109148026,0.0,0.004309799987822771,0.004309799987822771,0.004309799987822771
Explicit KKT,100,2,6,0.0,0.0,0.023217556438375402,0.006337800063192844,0.0,0.003924299962818623,0.003924299962818623,0.003924299962818623
Explicit KKT,100,2,7,0.0,0.0,0.007859785035208365,0.006468799896538258,0.0,0.00394099997356534,0.00394099997356534,0.00394099997356534
Explicit KKT,100,2,8,0.0,0.0,0.007890142636097611,0.00645479978993535,0.0,0.003817299846559763,0.003817299846559763,0.003817299846559763
Explicit KKT,100,2,9,0.0,0.0,0.00789983725439716,0.006880800239741802,0.0,0.0036430000327527523,0.0036430000327527523,0.0036430000327527523
Explicit KKT,100,3,0,0.0,0.0,0.007881552522887013,0.006473000161349773,0.0,0.0036178003065288067,0.0036178003065288067,0.0036178003065288067
Explicit KKT,100,3,1,0.0,0.0,0.007929387641519894,0.010350499767810106,0.0,0.0038859997875988483,0.0038859997875988483,0.0038859997875988483
Explicit KKT,100,3,2,0.0,0.0,0.007880731193891084,0.008946599904447794,0.0,0.0036198999732732773,0.0036198999732732773,0.0036198999732732773
Explicit KKT,100,3,3,0.0,0.0,0.007873889457992457,0.006689400412142277,0.0,0.0036804000847041607,0.0036804000847041607,0.0036804000847041607
Explicit KKT,100,3,4,0.0,0.0,0.022965242645048588,0.008306300267577171,0.0,0.004208100028336048,0.004208100028336048,0.004208100028336048
Explicit KKT,100,3,5,0.0,0.0,0.007888421317209283,0.016318599693477154,0.0,0.0044570001773536205,0.0044570001773536205,0.0044570001773536205
Explicit KKT,100,3,6,0.0,0.0,0.023217556438375402,0.00642880005761981,0.0,0.00378140015527606,0.00378140015527606,0.00378140015527606
Explicit KKT,100,3,7,0.0,0.0,0.007859785035208365,0.007283099927008152,0.0,0.006552199833095074,0.006552199833095074,0.006552199833095074
Explicit KKT,100,3,8,0.0,0.0,0.007890142636097611,0.007114499807357788,0.0,0.004025400150567293,0.004025400150567293,0.004025400150567293
Explicit KKT,100,3,9,0.0,0.0,0.00789983725439716,0.006491099949926138,0.0,0.0041045998223125935,0.0041045998223125935,0.0041045998223125935
Explicit KKT,100,4,0,0.0,0.0,0.007881552522887013,0.006896600127220154,0.0,0.006329100113362074,0.006329100113362074,0.006329100113362074
Explicit KKT,100,4,1,0.0,0.0,0.007929387641519894,0.009824000298976898,0.0,0.003986199852079153,0.003986199852079153,0.003986199852079153
Explicit KKT,100,4,2,0.0,0.0,0.007880731193891084,0.008640800137072802,0.0,0.003938800189644098,0.003938800189644098,0.003938800189644098
Explicit KKT,100,4,3,0.0,0.0,0.007873889457992457,0.0077066002413630486,0.0,0.0036249998956918716,0.0036249998956918716,0.0036249998956918716
Explicit KKT,100,4,4,0.0,0.0,0.022965242645048588,0.008031600154936314,0.0,0.003599800169467926,0.003599800169467926,0.003599800169467926
Explicit KKT,100,4,5,0.0,0.0,0.007888421317209283,0.012870999984443188,0.0,0.003656200133264065,0.003656200133264065,0.003656200133264065
Explicit KKT,100,4,6,0.0,0.0,0.023217556438375402,0.0063149998895823956,0.0,0.003791600000113249,0.003791600000113249,0.003791600000113249
Explicit KKT,100,4,7,0.0,0.0,0.007859785035208365,0.006265799980610609,0.0,0.006220600102096796,0.006220600102096796,0.006220600102096796
Explicit KKT,100,4,8,0.0,0.0,0.007890142636097611,0.005824100226163864,0.0,0.004961800295859575,0.004961800295859575,0.004961800295859575
Explicit KKT,100,4,9,0.0,0.0,0.00789983725439716,0.006061899941414595,0.0,0.003982999827712774,0.003982999827712774,0.003982999827712774
Explicit KKT,200,0,0,0.0,0.0,0.007303695436469133,0.013611400034278631,0.0,0.010934900026768446,0.010934900026768446,0.010934900026768446
Explicit KKT,200,0,1,0.0,0.0,0.007351817471472483,0.01677619991824031,0.0,0.009524499997496605,0.009524499997496605,0.009524499997496605
Explicit KKT,200,0,2,0.0,0.0,0.0073437728179316306,0.01553990039974451,0.0,0.011636400129646063,0.011636400129646063,0.011636400129646063
Explicit KKT,200,0,3,0.0,0.0,0.00739179257757022,0.013742700219154358,0.0,0.009589700028300285,0.009589700028300285,0.009589700028300285
Explicit KKT,200,0,4,0.0,0.0,0.007374944980474547,0.020815399941056967,0.0,0.010684499982744455,0.010684499982744455,0.010684499982744455
Explicit KKT,200,0,5,0.0,0.0,0.007388340319074817,0.01861829962581396,0.0,0.009863900020718575,0.009863900020718575,0.009863900020718575
Explicit KKT,200,0,6,0.0,0.0,0.005382067786665177,0.021641400177031755,0.0,0.010117500089108944,0.010117500089108944,0.010117500089108944
Explicit KKT,200,0,7,0.0,0.0,0.007292575559827249,0.01733630010858178,0.0,0.010246899910271168,0.010246899910271168,0.010246899910271168
Explicit KKT,200,0,8,0.0,0.0,0.007375519000354534,0.01031599985435605,0.0,0.009556700009852648,0.009556700009852648,0.009556700009852648
Explicit KKT,200,0,9,0.0,0.0,0.0038238850436455897,0.016027800273150206,0.0,0.011724099982529879,0.011724099982529879,0.011724099982529879
Explicit KKT,200,1,0,0.0,0.0,0.007303695436469133,0.013131299987435341,0.0,0.009350099600851536,0.009350099600851536,0.009350099600851536
Explicit KKT,200,1,1,0.0,0.0,0.007351817471472483,0.012183000333607197,0.0,0.010319200344383717,0.010319200344383717,0.010319200344383717
Explicit KKT,200,1,2,0.0,0.0,0.0073437728179316306,0.012540699914097786,0.0,0.009410799946635962,0.009410799946635962,0.009410799946635962
Explicit KKT,200,1,3,0.0,0.0,0.00739179257757022,0.013356300070881844,0.0,0.0097078001126647,0.0097078001126647,0.0097078001126647
Explicit KKT,200,1,4,0.0,0.0,0.007374944980474547,0.012657300103455782,0.0,0.010102899745106697,0.010102899745106697,0.010102899745106697
Explicit KKT,200,1,5,0.0,0.0,0.007388340319074817,0.02084869984537363,0.0,0.009786699898540974,0.009786699898540974,0.009786699898540974
Explicit KKT,200,1,6,0.0,0.0,0.005382067786665177,0.024505100212991238,0.0,0.009520499967038631,0.009520499967038631,0.009520499967038631
Explicit KKT,200,1,7,0.0,0.0,0.007292575559827249,0.015992000233381987,0.0,0.009698300156742334,0.009698300156742334,0.009698300156742334
Explicit KKT,200,1,8,0.0,0.0,0.007375519000354534,0.009539400227367878,0.0,0.009614199865609407,0.009614199865609407,0.009614199865609407
Explicit KKT,200,1,9,0.0,0.0,0.0038238850436455897,0.015112199820578098,0.0,0.009305499959737062,0.009305499959737062,0.009305499959737062
Explicit KKT,200,2,0,0.0,0.0,0.007303695436469133,0.01312580006197095,0.0,0.009546400047838688,0.009546400047838688,0.009546400047838688
Explicit KKT,200,2,1,0.0,0.0,0.007351817471472483,0.01829999964684248,0.0,0.009616299998015165,0.009616299998015165,0.009616299998015165
Explicit KKT,200,2,2,0.0,0.0,0.0073437728179316306,0.012437200173735619,0.0,0.00930099980905652,0.00930099980905652,0.00930099980905652
Explicit KKT,200,2,3,0.0,0.0,0.00739179257757022,0.013226000126451254,0.0,0.009708099998533726,0.009708099998533726,0.009708099998533726
Explicit KKT,200,2,4,0.0,0.0,0.007374944980474547,0.01321660028770566,0.0,0.012248700018972158,0.012248700018972158,0.012248700018972158
Explicit KKT,200,2,5,0.0,0.0,0.007388340319074817,0.024532000068575144,0.0,0.009571400005370378,0.009571400005370378,0.009571400005370378
Explicit KKT,200,2,6,0.0,0.0,0.005382067786665177,0.021132399793714285,0.0,0.009511800017207861,0.009511800017207861,0.009511800017207861
Explicit KKT,200,2,7,0.0,0.0,0.007292575559827249,0.01895829988643527,0.0,0.011385399848222733,0.011385399848222733,0.011385399848222733
Explicit KKT,200,2,8,0.0,0.0,0.007375519000354534,0.013267400208860636,0.0,0.016543700359761715,0.016543700359761715,0.016543700359761715
Explicit KKT,200,2,9,0.0,0.0,0.0038238850436455897,0.017746400088071823,0.0,0.012855499982833862,0.012855499982833862,0.012855499982833862
Explicit KKT,200,3,0,0.0,0.0,0.007303695436469133,0.017869699746370316,0.0,0.011134199798107147,0.011134199798107147,0.011134199798107147
Explicit KKT,200,3,1,0.0,0.0,0.007351817471472483,0.014566500205546618,0.0,0.009260099846869707,0.009260099846869707,0.009260099846869707
Explicit KKT,200,3,2,0.0,0.0,0.0073437728179316306,0.011737899854779243,0.0,0.008924999739974737,0.008924999739974737,0.008924999739974737
Explicit KKT,200,3,3,0.0,0.0,0.00739179257757022,0.012938600033521652,0.0,0.00953999999910593,0.00953999999910593,0.00953999999910593
Explicit KKT,200,3,4,0.0,0.0,0.007374944980474547,0.012833000160753727,0.0,0.009688499849289656,0.009688499849289656,0.009688499849289656
Explicit KKT,200,3,5,0.0,0.0,0.007388340319074817,0.01773640001192689,0.0,0.009417299646884203,0.009417299646884203,0.009417299646884203
Explicit KKT,200,3,6,0.0,0.0,0.005382067786665177,0.020303799770772457,0.0,0.00947970012202859,0.00947970012202859,0.00947970012202859
Explicit KKT,200,3,7,0.0,0.0,0.007292575559827249,0.017105199862271547,0.0,0.009078999981284142,0.009078999981284142,0.009078999981284142
Explicit KKT,200,3,8,0.0,0.0,0.007375519000354534,0.011345099657773972,0.0,0.009424100164324045,0.009424100164324045,0.009424100164324045
Explicit KKT,200,3,9,0.0,0.0,0.0038238850436455897,0.015264499932527542,0.0,0.009256499819457531,0.009256499819457531,0.009256499819457531
Explicit KKT,200,4,0,0.0,0.0,0.007303695436469133,0.012052400037646294,0.0,0.009308400098234415,0.009308400098234415,0.009308400098234415
Explicit KKT,200,4,1,0.0,0.0,0.007351817471472483,0.012485899962484837,0.0,0.009286599699407816,0.009286599699407816,0.009286599699407816
Explicit KKT,200,4,2,0.0,0.0,0.0073437728179316306,0.013221499975770712,0.0,0.009592299815267324,0.009592299815267324,0.009592299815267324
Explicit KKT,200,4,3,0.0,0.0,0.00739179257757022,0.012603600043803453,0.0,0.009252199903130531,0.009252199903130531,0.009252199903130531
Explicit KKT,200,4,4,0.0,0.0,0.007374944980474547,0.012764399871230125,0.0,0.009470299817621708,0.009470299817621708,0.009470299817621708
Explicit KKT,200,4,5,0.0,0.0,0.007388340319074817,0.01891209976747632,0.0,0.019493400119245052,0.019493400119245052,0.019493400119245052
Explicit KKT,200,4,6,0.0,0.0,0.005382067786665177,0.02057769987732172,0.0,0.00963070010766387,0.00963070010766387,0.00963070010766387
Explicit KKT,200,4,7,0.0,0.0,0.007292575559827249,0.0156916999258101,0.0,0.009139200206845999,0.009139200206845999,0.009139200206845999
Explicit KKT,200,4,8,0.0,0.0,0.007375519000354534,0.010192100424319506,0.0,0.010197499766945839,0.010197499766945839,0.010197499766945839
Explicit KKT,200,4,9,0.0,0.0,0.0038238850436455897,0.014998700004070997,0.0,0.009859200101345778,0.009859200101345778,0.009859200101345778
Explicit KKT,500,0,0,0.0,0.0,0.0022790908621689535,0.040596900042146444,0.0,0.049547700211405754,0.049547700211405754,0.049547700211405754
Explicit KKT,500,0,1,0.0,0.0,0.002278373460730633,0.04510750016197562,0.0,0.04959309985861182,0.04959309985861182,0.04959309985861182
Explicit KKT,500,0,2,0.0,0.0,0.0022798202140088954,0.05224860040470958,0.0,0.051593500189483166,0.051593500189483166,0.051593500189483166
Explicit KKT,500,0,3,0.0,0.0,0.00227917208489597,0.057225899770855904,0.0,0.050669100135564804,0.050669100135564804,0.050669100135564804
Explicit KKT,500,0,4,0.0,0.0,0.0022794271789230098,0.04074749955907464,0.0,0.048886699602007866,0.048886699602007866,0.048886699602007866
Explicit KKT,500,0,5,0.0,0.0,0.0022794586406970833,0.04806199995800853,0.0,0.050179800018668175,0.050179800018668175,0.050179800018668175
Explicit KKT,500,0,6,0.0,0.0,0.002297217132901484,0.06483069993555546,0.0,0.05080559989437461,0.05080559989437461,0.05080559989437461
Explicit KKT,500,0,7,0.0,0.0,0.0022797900613749093,0.062487800139933825,0.0,0.04912229999899864,0.04912229999899864,0.04912229999899864
Explicit KKT,500,0,8,0.0,0.0,0.00227887570582174,0.0387321999296546,0.0,0.05605250038206577,0.05605250038206577,0.05605250038206577
Explicit KKT,500,0,9,0.0,0.0,0.002279287197529995,0.049857799895107746,0.0,0.054943600203841925,0.054943600203841925,0.054943600203841925
Explicit KKT,500,1,0,0.0,0.0,0.0022790908621689535,0.0461281999014318,0.0,0.05163869960233569,0.05163869960233569,0.05163869960233569
Explicit KKT,500,1,1,0.0,0.0,0.002278373460730633,0.04718290036544204,0.0,0.05054059997200966,0.05054059997200966,0.05054059997200966
Explicit KKT,500,1,2,0.0,0.0,0.0022798202140088954,0.04865289991721511,0.0,0.05114449979737401,0.05114449979737401,0.05114449979737401
Explicit KKT,500,1,3,0.0,0.0,0.00227917208489597,0.062171699944883585,0.0,0.05413419986143708,0.05413419986143708,0.05413419986143708
Explicit KKT,500,1,4,0.0,0.0,0.0022794271789230098,0.042881700210273266,0.0,0.05003690021112561,0.05003690021112561,0.05003690021112561
Explicit KKT,500,1,5,0.0,0.0,0.0022794586406970833,0.055050000082701445,0.0,0.05154629983007908,0.05154629983007908,0.05154629983007908
Explicit KKT,500,1,6,0.0,0.0,0.002297217132901484,0.0647720000706613,0.0,0.04956260044127703,0.04956260044127703,0.04956260044127703
Explicit KKT,500,1,7,0.0,0.0,0.0022797900613749093,0.062121800146996975,0.0,0.04920899961143732,0.04920899961143732,0.04920899961143732
Explicit KKT,500,1,8,0.0,0.0,0.00227887570582174,0.03543579997494817,0.0,0.05026920000091195,0.05026920000091195,0.05026920000091195
Explicit KKT,500,1,9,0.0,0.0,0.002279287197529995,0.044552499894052744,0.0,0.04991029994562268,0.04991029994562268,0.04991029994562268
Explicit KKT,500,2,0,0.0,0.0,0.0022790908621689535,0.047101200092583895,0.0,0.04967670002952218,0.04967670002952218,0.04967670002952218
Explicit KKT,500,2,1,0.0,0.0,0.002278373460730633,0.04119460005313158,0.0,0.05598600022494793,0.05598600022494793,0.05598600022494793
Explicit KKT,500,2,2,0.0,0.0,0.0022798202140088954,0.04543960001319647,0.0,0.05483150016516447,0.05483150016516447,0.05483150016516447
Explicit KKT,500,2,3,0.0,0.0,0.00227917208489597,0.062480099964886904,0.0,0.05009029991924763,0.05009029991924763,0.05009029991924763
Explicit KKT,500,2,4,0.0,0.0,0.0022794271789230098,0.043545200023800135,0.0,0.053579399827867746,0.053579399827867746,0.053579399827867746
Explicit KKT,500,2,5,0.0,0.0,0.0022794586406970833,0.04773320024833083,0.0,0.050276899710297585,0.050276899710297585,0.050276899710297585
Explicit KKT,500,2,6,0.0,0.0,0.002297217132901484,0.057800399605184793,0.0,0.05050940020009875,0.05050940020009875,0.05050940020009875
Explicit KKT,500,2,7,0.0,0.0,0.0022797900613749093,0.05813510017469525,0.0,0.05193680012598634,0.05193680012598634,0.05193680012598634
Explicit KKT,500,2,8,0.0,0.0,0.00227887570582174,0.035918000154197216,0.0,0.05094469990581274,0.05094469990581274,0.05094469990581274
Explicit KKT,500,2,9,0.0,0.0,0.002279287197529995,0.047699599992483854,0.0,0.04906090022996068,0.04906090022996068,0.04906090022996068
Explicit KKT,500,3,0,0.0,0.0,0.0022790908621689535,0.046577699948102236,0.0,0.05276279989629984,0.05276279989629984,0.05276279989629984
Explicit KKT,500,3,1,0.0,0.0,0.002278373460730633,0.04101109970360994,0.0,0.050793500151485205,0.050793500151485205,0.050793500151485205
Explicit KKT,500,3,2,0.0,0.0,0.0022798202140088954,0.04571880027651787,0.0,0.04893549997359514,0.04893549997359514,0.04893549997359514
Explicit KKT,500,3,3,0.0,0.0,0.00227917208489597,0.05754829989746213,0.0,0.05031479988247156,0.05031479988247156,0.05031479988247156
Explicit KKT,500,3,4,0.0,0.0,0.0022794271789230098,0.04928250005468726,0.0,0.049145099706947803,0.049145099706947803,0.049145099706947803
Explicit KKT,500,3,5,0.0,0.0,0.0022794586406970833,0.051032299641519785,0.0,0.04893549997359514,0.04893549997359514,0.04893549997359514
Explicit KKT,500,3,6,0.0,0.0,0.002297217132901484,0.05899670021608472,0.0,0.049601499922573566,0.049601499922573566,0.049601499922573566
Explicit KKT,500,3,7,0.0,0.0,0.0022797900613749093,0.06089860014617443,0.0,0.05311949970200658,0.05311949970200658,0.05311949970200658
Explicit KKT,500,3,8,0.0,0.0,0.00227887570582174,0.039774800185114145,0.0,0.04991560010239482,0.04991560010239482,0.04991560010239482
Explicit KKT,500,3,9,0.0,0.0,0.002279287197529995,0.05196199985221028,0.0,0.050779399927705526,0.050779399927705526,0.050779399927705526
Explicit KKT,500,4,0,0.0,0.0,0.0022790908621689535,0.045433500315994024,0.0,0.05499970028176904,0.05499970028176904,0.05499970028176904
Explicit KKT,500,4,1,0.0,0.0,0.002278373460730633,0.04374379990622401,0.0,0.05439050029963255,0.05439050029963255,0.05439050029963255
Explicit KKT,500,4,2,0.0,0.0,0.0022798202140088954,0.05226390017196536,0.0,0.0563936997205019,0.0563936997205019,0.0563936997205019
Explicit KKT,500,4,3,0.0,0.0,0.00227917208489597,0.06709549995139241,0.0,0.0509545998647809,0.0509545998647809,0.0509545998647809
Explicit KKT,500,4,4,0.0,0.0,0.0022794271789230098,0.04297999991104007,0.0,0.05156369972974062,0.05156369972974062,0.05156369972974062
Explicit KKT,500,4,5,0.0,0.0,0.0022794586406970833,0.05374029977247119,0.0,0.05097960028797388,0.05097960028797388,0.05097960028797388
Explicit KKT,500,4,6,0.0,0.0,0.002297217132901484,0.06280790036544204,0.0,0.05069269984960556,0.05069269984960556,0.05069269984960556
Explicit KKT,500,4,7,0.0,0.0,0.0022797900613749093,0.06208360008895397,0.0,0.050285200122743845,0.050285200122743845,0.050285200122743845
Explicit KKT,500,4,8,0.0,0.0,0.00227887570582174,0.03523539984598756,0.0,0.04921730002388358,0.04921730002388358,0.04921730002388358
Explicit KKT,500,4,9,0.0,0.0,0.002279287197529995,0.04554119985550642,0.0,0.052714799996465445,0.052714799996465445,0.052714799996465445
Explicit KKT,1000,0,0,0.0,0.0,0.0033060687321150727,0.15649359999224544,0.0,0.20837830007076263,0.20837830007076263,0.20837830007076263
Explicit KKT,1000,0,1,0.0,0.0,0.0031443185337927627,0.2207685001194477,0.0,0.2076339996419847,0.2076339996419847,0.2076339996419847
Explicit KKT,1000,0,2,0.0,0.0,0.0033082105810484726,0.30955669982358813,0.0,0.23134539974853396,0.23134539974853396,0.23134539974853396
Explicit KKT,1000,0,3,0.0,0.0,0.0033073451529808022,0.2483703000470996,0.0,0.22022000001743436,0.22022000001743436,0.22022000001743436
Explicit KKT,1000,0,4,0.0,0.0,0.003307765647772145,0.16229050001129508,0.0,0.22030869964510202,0.22030869964510202,0.22030869964510202
Explicit KKT,1000,0,5,0.0,0.0,0.0033000179285174536,0.12883639987558126,0.0,0.2125181001611054,0.2125181001611054,0.2125181001611054
Explicit KKT,1000,0,6,0.0,0.0,0.003306199801061993,0.2957445001229644,0.0,0.21237679990008473,0.21237679990008473,0.21237679990008473
Explicit KKT,1000,0,7,0.0,0.0,0.0033074272586578924,0.16171070002019405,0.0,0.21438119979575276,0.21438119979575276,0.21438119979575276
Explicit KKT,1000,0,8,0.0,0.0,0.0033050081137834873,0.13838820019736886,0.0,0.21356939990073442,0.21356939990073442,0.21356939990073442
Explicit KKT,1000,0,9,0.0,0.0,0.0033032708145328484,0.2036343002691865,0.0,0.22422359976917505,0.22422359976917505,0.22422359976917505
Explicit KKT,1000,1,0,0.0,0.0,0.0033060687321150727,0.18020909978076816,0.0,0.22308769961819053,0.22308769961819053,0.22308769961819053
Explicit KKT,1000,1,1,0.0,0.0,0.0031443185337927627,0.2526075001806021,0.0,0.22082789987325668,0.22082789987325668,0.22082789987325668
Explicit KKT,1000,1,2,0.0,0.0,0.0033082105810484726,0.34356110030785203,0.0,0.2122388002462685,0.2122388002462685,0.2122388002462685
Explicit KKT,1000,1,3,0.0,0.0,0.0033073451529808022,0.2199756996706128,0.0,0.2081857998855412,0.2081857998855412,0.2081857998855412
Explicit KKT,1000,1,4,0.0,0.0,0.003307765647772145,0.13935930002480745,0.0,0.2192917000502348,0.2192917000502348,0.2192917000502348
Explicit KKT,1000,1,5,0.0,0.0,0.0033000179285174536,0.1446402999572456,0.0,0.21828440017998219,0.21828440017998219,0.21828440017998219
Explicit KKT,1000,1,6,0.0,0.0,0.003306199801061993,0.30100199999287724,0.0,0.20916139986366034,0.20916139986366034,0.20916139986366034
Explicit KKT,1000,1,7,0.0,0.0,0.0033074272586578924,0.17859840020537376,0.0,0.22641710005700588,0.22641710005700588,0.22641710005700588
Explicit KKT,1000,1,8,0.0,0.0,0.0033050081137834873,0.14822230022400618,0.0,0.23323699971660972,0.23323699971660972,0.23323699971660972
Explicit KKT,1000,1,9,0.0,0.0,0.0033032708145328484,0.21216939995065331,0.0,0.22694920003414154,0.22694920003414154,0.22694920003414154
Explicit KKT,1000,2,0,0.0,0.0,0.0033060687321150727,0.16319639980793,0.0,0.2165099997073412,0.2165099997073412,0.2165099997073412
Explicit KKT,1000,2,1,0.0,0.0,0.0031443185337927627,0.23465519957244396,0.0,0.21356469998136163,0.21356469998136163,0.21356469998136163
Explicit KKT,1000,2,2,0.0,0.0,0.0033082105810484726,0.3206885000690818,0.0,0.21506009995937347,0.21506009995937347,0.21506009995937347
Explicit KKT,1000,2,3,0.0,0.0,0.0033073451529808022,0.2152506997808814,0.0,0.21137120015919209,0.21137120015919209,0.21137120015919209
Explicit KKT,1000,2,4,0.0,0.0,0.003307765647772145,0.1426154999062419,0.0,0.22406710032373667,0.22406710032373667,0.22406710032373667
Explicit KKT,1000,2,5,0.0,0.0,0.0033000179285174536,0.1413124999962747,0.0,0.22336030006408691,0.22336030006408691,0.22336030006408691
Explicit KKT,1000,2,6,0.0,0.0,0.003306199801061993,0.31602049991488457,0.0,0.2263624998740852,0.2263624998740852,0.2263624998740852
Explicit KKT,1000,2,7,0.0,0.0,0.0033074272586578924,0.17418309999629855,0.0,0.21615499956533313,0.21615499956533313,0.21615499956533313
Explicit KKT,1000,2,8,0.0,0.0,0.0033050081137834873,0.13394059985876083,0.0,0.20906669972464442,0.20906669972464442,0.20906669972464442
Explicit KKT,1000,2,9,0.0,0.0,0.0033032708145328484,0.18686249991878867,0.0,0.23610879993066192,0.23610879993066192,0.23610879993066192
Explicit KKT,1000,3,0,0.0,0.0,0.0033060687321150727,0.18292109994217753,0.0,0.21388249984011054,0.21388249984011054,0.21388249984011054
Explicit KKT,1000,3,1,0.0,0.0,0.0031443185337927627,0.2358733001165092,0.0,0.22031009988859296,0.22031009988859296,0.22031009988859296
Explicit KKT,1000,3,2,0.0,0.0,0.0033082105810484726,0.34048409992828965,0.0,0.22099389974027872,0.22099389974027872,0.22099389974027872
Explicit KKT,1000,3,3,0.0,0.0,0.0033073451529808022,0.2416048999875784,0.0,0.21875380026176572,0.21875380026176572,0.21875380026176572
Explicit KKT,1000,3,4,0.0,0.0,0.003307765647772145,0.14955219998955727,0.0,0.21534579992294312,0.21534579992294312,0.21534579992294312
Explicit KKT,1000,3,5,0.0,0.0,0.0033000179285174536,0.12950870022177696,0.0,0.21707900008186698,0.21707900008186698,0.21707900008186698
Explicit KKT,1000,3,6,0.0,0.0,0.003306199801061993,0.29781190026551485,0.0,0.2169759999960661,0.2169759999960661,0.2169759999960661
Explicit KKT,1000,3,7,0.0,0.0,0.0033074272586578924,0.15898329997435212,0.0,0.21062800008803606,0.21062800008803606,0.21062800008803606
Explicit KKT,1000,3,8,0.0,0.0,0.0033050081137834873,0.14884869987145066,0.0,0.21199640026316047,0.21199640026316047,0.21199640026316047
Explicit KKT,1000,3,9,0.0,0.0,0.0033032708145328484,0.20189329981803894,0.0,0.23498120019212365,0.23498120019212365,0.23498120019212365
Explicit KKT,1000,4,0,0.0,0.0,0.0033060687321150727,0.18123400025069714,0.0,0.22838770039379597,0.22838770039379597,0.22838770039379597
Explicit KKT,1000,4,1,0.0,0.0,0.0031443185337927627,0.24992129998281598,0.0,0.2269657999277115,0.2269657999277115,0.2269657999277115
Explicit KKT,1000,4,2,0.0,0.0,0.0033082105810484726,0.3176605999469757,0.0,0.2125625996850431,0.2125625996850431,0.2125625996850431
Explicit KKT,1000,4,3,0.0,0.0,0.0033073451529808022,0.22284669987857342,0.0,0.2085305000655353,0.2085305000655353,0.2085305000655353
Explicit KKT,1000,4,4,0.0,0.0,0.003307765647772145,0.1490849000401795,0.0,0.21468920027837157,0.21468920027837157,0.21468920027837157
Explicit KKT,1000,4,5,0.0,0.0,0.0033000179285174536,0.13052609981969,0.0,0.21042639994993806,0.21042639994993806,0.21042639994993806
Explicit KKT,1000,4,6,0.0,0.0,0.003306199801061993,0.2995261000469327,0.0,0.21539709996432066,0.21539709996432066,0.21539709996432066
Explicit KKT,1000,4,7,0.0,0.0,0.0033074272586578924,0.1678621000610292,0.0,0.22004520008340478,0.22004520008340478,0.22004520008340478
Explicit KKT,1000,4,8,0.0,0.0,0.0033050081137834873,0.14095779974013567,0.0,0.22554360004141927,0.22554360004141927,0.22554360004141927
Explicit KKT,1000,4,9,0.0,0.0,0.0033032708145328484,0.20672040013596416,0.0,0.21275820024311543,0.21275820024311543,0.21275820024311543
