repetition,horizon,forward_time_ms,backward_time_ms,value_grad_time_ms,constraint_violation_inf,sqp_iterations
0,80,4.231512000018256,0.43465299998501905,4.666165000003275,8.848079316745944,1
1,80,3.7684430000126667,1.0090639999873474,4.777507000000014,3.597122599785507e-14,1
2,80,4.544476000006625,0.19849499997803832,4.742970999984664,2.4868995751603507e-14,1
3,80,3.2947649999925943,0.8219180000139659,4.11668300000656,3.3306690738754696e-14,1
4,80,3.1569550000085655,2.5068239999654907,5.663778999974056,2.5757174171303632e-14,1
5,80,2.9487170000095375,2.7057000000070275,5.654417000016565,6.039613253960852e-14,1
6,80,2.9681710000204475,1.7415769999900022,4.70974800001045,2.3092638912203256e-14,1
7,80,2.9762980000214156,1.8052719999843703,4.781570000005786,3.68594044175552e-14,1
8,80,2.927039000013565,1.3008479999712108,4.227886999984776,4.618527782440651e-14,1
9,80,4.240642000013395,2.071027999988928,6.311670000002323,2.5757174171303632e-14,1
10,80,3.0873620000022584,2.430106999980808,5.517468999983066,1.9984014443252818e-14,1
11,80,2.915829999977859,1.858188000028349,4.774018000006208,2.886579864025407e-14,1
12,80,2.9364659999941978,1.1803650000103971,4.116831000004595,3.552713678800501e-14,1
13,80,3.0904479999946943,1.0362970000130645,4.126745000007759,2.531308496145357e-14,1
14,80,3.93016600000351,0.23497300000485666,4.165139000008367,2.9753977059954195e-14,1
15,80,3.8077979999968647,0.6900950000101602,4.497893000007025,1.9539925233402755e-14,1
16,80,3.3649929999910455,0.8429550000244035,4.207948000015449,4.6629367034256575e-14,1
17,80,2.999382999973932,1.4446650000081718,4.444047999982104,2.708944180085382e-14,1
18,80,2.90390700001808,2.140925999981391,5.044832999999471,6.084022174945858e-14,1
19,80,3.0299290000073142,2.414850999969076,5.44477999997639,5.551115123125783e-14,1
