repetition,horizon,forward_time_ms,backward_time_ms,value_grad_time_ms,constraint_violation_inf,outer_iterations,inner_iterations,backward_iterations,final_residual
0,80,311.7523998953402,827.1967000328004,1138.9490999281406,0.0007357308137475697,14,4208,246,0.0007357308137475697
1,80,6.306299939751625,22.1216999925673,28.427999932318926,0.0006305291017241754,1,79,94,0.0006305291017241754
2,80,4.743900150060654,14.024100266397,18.768000416457653,0.0006111799127549583,1,51,77,0.0006111799127549583
3,80,5.186100024729967,14.983300119638443,20.16940014436841,0.0006208420332998316,1,64,79,0.0006208420332998316
4,80,6.52550021186471,22.187199909240007,28.712700121104717,0.0006237552334345947,1,82,94,0.0006237552334345947
5,80,5.059400107711554,16.551100183278322,21.610500290989876,0.0005941157128373925,1,64,84,0.0005941157128373925
6,80,5.780200008302927,21.817300003021955,27.597500011324883,0.0006163586244518904,1,72,94,0.0006163586244518904
7,80,5.797199904918671,16.88649971038103,22.6836996152997,0.0006512924333615805,1,72,85,0.0006512924333615805
8,80,5.509399808943272,19.790299702435732,25.299699511379004,0.0006087803876853592,1,67,90,0.0006087803876853592
9,80,5.710999947041273,16.04640018194914,21.75740012899041,0.0006128776813166537,1,71,83,0.0006128776813166537
10,80,5.929199978709221,24.11050023511052,30.039700213819742,0.0006224257054313204,1,74,97,0.0006224257054313204
11,80,5.900599993765354,14.98569967225194,20.886299666017294,0.0006062482838154193,1,70,79,0.0006062482838154193
12,80,5.443100351840258,19.75389989092946,25.197000242769718,0.0006171230392552074,1,69,90,0.0006171230392552074
13,80,6.052699871361256,15.83179971203208,21.884499583393335,0.0006049858455288853,1,76,82,0.0006049858455288853
14,80,5.89489983394742,21.392200142145157,27.287099976092577,0.0006145154841909195,1,74,92,0.0006145154841909195
15,80,5.523799918591976,15.317599754780531,20.841399673372507,0.0006189780322784361,1,68,81,0.0006189780322784361
16,80,6.47170003503561,19.003000110387802,25.474700145423412,0.0006231512879709411,1,78,88,0.0006231512879709411
17,80,5.988199729472399,16.530499793589115,22.518699523061514,0.0006057943165970053,1,75,84,0.0006057943165970053
18,80,6.328899879008532,16.02309988811612,22.351999767124653,0.0006120307661981461,1,76,83,0.0006120307661981461
19,80,5.105399992316961,23.595299571752548,28.70069956406951,0.0006221456188841706,1,67,92,0.0006221456188841706
