n,repetition,trial_id,gradient_relative_error,forward_time_sec,backward_time_sec,constraint_violation_inf
100,0,0,0.0002003612536813472,0.03937189979478717,0.003144499845802784,1.2210770132803361e-06
100,0,1,0.00011619288005002434,0.03527039987966418,0.00294560007750988,1.221007424279108e-06
100,0,2,0.00022069562515513743,0.03900199988856912,0.002950299996882677,2.4062640604505248e-06
100,0,3,0.00026064272703136887,0.039847399573773146,0.0029633003287017345,2.4060117258528635e-06
100,0,4,0.00018954727411112598,0.03903630003333092,0.0032286997884511948,1.2202863284294097e-06
100,0,5,0.00019802758307809205,0.03647550009191036,0.003034400288015604,1.221675907991937e-06
100,0,6,0.00012404823261105244,0.03637260012328625,0.0030567003414034843,1.2200731158706901e-06
100,0,7,0.00018660108966524777,0.042718600016087294,0.0029694000259041786,2.406407362709473e-06
100,0,8,0.00020327578694750962,0.036364500410854816,0.0029227999038994312,1.2218229561433702e-06
100,0,9,0.00017463965778727835,0.03603210020810366,0.0028686001896858215,1.2204371779844791e-06
100,1,0,0.00020036125368035559,0.03670860035344958,0.002912099938839674,1.2210770132803361e-06
100,1,1,0.00011619288005002434,0.03105630027130246,0.0034121000207960606,1.221007424279108e-06
100,1,2,0.00022069562515513743,0.038319400046020746,0.002846000250428915,2.4062640604505248e-06
100,1,3,0.0002606427270311028,0.03770270012319088,0.0028932997956871986,2.4060117258528635e-06
100,1,4,0.00018954727411112598,0.03381359996274114,0.003129000309854746,1.2202863284294097e-06
100,1,5,0.00019802758307809205,0.03416889999061823,0.0030002999119460583,1.221675907991937e-06
100,1,6,0.00012404823261105244,0.035500799771398306,0.002879700157791376,1.2200731158706901e-06
100,1,7,0.00018660108966524777,0.04202709998935461,0.0030036000534892082,2.406407362709473e-06
100,1,8,0.00020327578694750967,0.035326399840414524,0.003011600114405155,1.2218229561433702e-06
100,1,9,0.00017463965778727835,0.0351845002733171,0.0032514999620616436,1.2204371779844791e-06
100,2,0,0.00020036125368035559,0.03436890011653304,0.003110799938440323,1.2210770132803361e-06
100,2,1,0.00011619288005002434,0.03196529997512698,0.002959699835628271,1.221007424279108e-06
100,2,2,0.00022069562515513743,0.037661700043827295,0.002986299805343151,2.4062640604505248e-06
100,2,3,0.0002606427270310994,0.03678849991410971,0.0029243999160826206,2.4060117258528635e-06
100,2,4,0.00018954727411112598,0.03325229976326227,0.0029982998967170715,1.2202863284294097e-06
100,2,5,0.00019802758307766702,0.03411910030990839,0.002918899990618229,1.221675907991937e-06
100,2,6,0.00012404823261105244,0.03498749993741512,0.0029079997912049294,1.2200731158706901e-06
100,2,7,0.0001866010896651397,0.04217970045283437,0.003063399810343981,2.406407362709473e-06
100,2,8,0.00020327578694785318,0.03457249980419874,0.0031324001029133797,1.2218229561433702e-06
100,2,9,0.00017463965778727835,0.03480929974466562,0.002929599955677986,1.2204371779844791e-06
100,3,0,0.00020036125368035559,0.034218099899590015,0.0029842997901141644,1.2210770132803361e-06
100,3,1,0.00011619288005002434,0.03233879990875721,0.0031381999142467976,1.221007424279108e-06
100,3,2,0.00022069562515513743,0.039547699969261885,0.0031623002141714096,2.4062640604505248e-06
100,3,3,0.00026064272703136887,0.03808280033990741,0.0030269999988377094,2.4060117258528635e-06
100,3,4,0.00018954727411112598,0.03501030011102557,0.0035564997233450413,1.2202863284294097e-06
100,3,5,0.00019802758307809205,0.035394199658185244,0.002915200311690569,1.221675907991937e-06
100,3,6,0.00012404823261105244,0.03443009965121746,0.0032282001338899136,1.2200731158706901e-06
100,3,7,0.0001866010896651397,0.0423488998785615,0.0030792998149991035,2.406407362709473e-06
100,3,8,0.00020327578694750962,0.04051289986819029,0.0030308999121189117,1.2218229561433702e-06
100,3,9,0.00017463965778727835,0.03309629997238517,0.0029076002538204193,1.2204371779844791e-06
100,4,0,0.0002003612536813472,0.03746849996969104,0.0031528999097645283,1.2210770132803361e-06
100,4,1,0.00011619288005002434,0.03181090019643307,0.003078300040215254,1.221007424279108e-06
100,4,2,0.00022069562515513743,0.038450300227850676,0.002924799919128418,2.4062640604505248e-06
100,4,3,0.00026064272703136887,0.03835300030186772,0.0029470999725162983,2.4060117258528635e-06
100,4,4,0.00018954727411112598,0.0358732002787292,0.0029192999936640263,1.2202863284294097e-06
100,4,5,0.00019802758307766702,0.03471529996022582,0.003124500159174204,1.221675907991937e-06
100,4,6,0.00012404823261105244,0.03567969985306263,0.002882399596273899,1.2200731158706901e-06
100,4,7,0.0001866010896651397,0.04291479988023639,0.0032746000215411186,2.406407362709473e-06
100,4,8,0.00020327578694750962,0.03580879978835583,0.0032568001188337803,1.2218229561433702e-06
100,4,9,0.0001746396577812568,0.0339931002818048,0.002978099975734949,1.2204371779844791e-06
200,0,0,6.768807697190984e-05,0.09970400016754866,0.01716300006955862,3.082368408291458e-06
200,0,1,0.00011750164907081565,0.1514926003292203,0.017532099969685078,5.20018987959503e-06
200,0,2,0.0001021111796690929,0.11865880014374852,0.018010899890214205,3.0804429065334205e-06
200,0,3,0.00015424227639719793,0.11021690024062991,0.017639399971812963,3.0784400277816815e-06
200,0,4,0.00011466722454833059,0.11562700010836124,0.016192700248211622,3.082328274395252e-06
200,0,5,0.00015247304325156062,0.09757110010832548,0.016462100204080343,3.0809041349222355e-06
200,0,6,0.00011567921174813738,0.09788009990006685,0.016646400094032288,5.260476558355265e-06
200,0,7,9.124845508169041e-05,0.09632149990648031,0.016653900034725666,5.258207639080581e-06
200,0,8,0.00011402843438141597,0.09502619970589876,0.016674600075930357,5.258285499465387e-06
200,0,9,0.00010672907962484377,0.09688010020181537,0.017122500110417604,3.0819965641804004e-06
200,1,0,6.768807697190984e-05,0.09969929978251457,0.016599500086158514,3.082368408291458e-06
200,1,1,0.00011750164907081565,0.14645970007404685,0.017091999761760235,5.20018987959503e-06
200,1,2,0.00010211117966921002,0.11316430009901524,0.017006500158458948,3.0804429065334205e-06
200,1,3,0.00015424227639719793,0.10455590020865202,0.016791400033980608,3.0784400277816815e-06
200,1,4,0.00011466722454707838,0.11749100033193827,0.017694199923425913,3.082328274395252e-06
200,1,5,0.00015247304325167934,0.09520019963383675,0.015843499917536974,3.0809041349222355e-06
200,1,6,0.00011567921175027807,0.10028559993952513,0.016736899968236685,5.260476558355265e-06
200,1,7,9.124845508134307e-05,0.09563699970021844,0.017083900049328804,5.258207639080581e-06
200,1,8,0.00011402843438141597,0.09822960011661053,0.0164151000790298,5.258285499465387e-06
200,1,9,0.00010672907962484377,0.1006335997954011,0.016991800162941217,3.0819965641804004e-06
200,2,0,6.768807697190984e-05,0.09738469962030649,0.01600470021367073,3.082368408291458e-06
200,2,1,0.00011750164907081565,0.14869350008666515,0.018033199943602085,5.20018987959503e-06
200,2,2,0.00010211117966921002,0.11819739965721965,0.017226400319486856,3.0804429065334205e-06
200,2,3,0.00015424227639719793,0.111620900221169,0.017564500216394663,3.0784400277816815e-06
200,2,4,0.00011466722454693891,0.11673909984529018,0.01690300041809678,3.082328274395252e-06
200,2,5,0.00015247304325167934,0.10073739988729358,0.017125799786299467,3.0809041349222355e-06
200,2,6,0.00011567921174813738,0.1021771002560854,0.018521400168538094,5.260476558355265e-06
200,2,7,9.124845508134307e-05,0.10611920012161136,0.017018900252878666,5.258207639080581e-06
200,2,8,0.00011402843438141597,0.10003200033679605,0.016707700211554766,5.258285499465387e-06
200,2,9,0.00010672907962496118,0.09871299983933568,0.016410200390964746,3.0819965641804004e-06
200,3,0,6.768807697213512e-05,0.09846130013465881,0.01583960000425577,3.082368408291458e-06
200,3,1,0.00011750164907101849,0.14533230010420084,0.01673439983278513,5.20018987959503e-06
200,3,2,0.00010211117966875996,0.12346050003543496,0.017867399845272303,3.0804429065334205e-06
200,3,3,0.00015424227639894027,0.10949299996718764,0.01642870018258691,3.0784400277816815e-06
200,3,4,0.00011466722454681592,0.11644210014492273,0.017038699705153704,3.082328274395252e-06
200,3,5,0.00015247304325167934,0.09737539989873767,0.016524599865078926,3.0809041349222355e-06
200,3,6,0.00011567921174813738,0.0946844001300633,0.018410199787467718,5.260476558355265e-06
200,3,7,9.124845508110961e-05,0.0982176000252366,0.01638909988105297,5.258207639080581e-06
200,3,8,0.00011402843438141597,0.09713209979236126,0.016348800156265497,5.258285499465387e-06
200,3,9,0.00010672907962496118,0.10137070016935468,0.016973600257188082,3.0819965641804004e-06
200,4,0,6.768807697213512e-05,0.09642549976706505,0.01867099991068244,3.082368408291458e-06
200,4,1,0.00011750164907081565,0.14395510032773018,0.016880599781870842,5.20018987959503e-06
200,4,2,0.0001021111796689481,0.11582349985837936,0.016397899948060513,3.0804429065334205e-06
200,4,3,0.00015424227639894387,0.10378440003842115,0.01687949988991022,3.0784400277816815e-06
200,4,4,0.00011466722454708232,0.11535450024530292,0.020336399786174297,3.082328274395252e-06
200,4,5,0.0001524730432496039,0.10086510004475713,0.016756500117480755,3.0809041349222355e-06
200,4,6,0.00011567921174813738,0.09687969973310828,0.017436899710446596,5.260476558355265e-06
200,4,7,9.124845508169041e-05,0.10026269964873791,0.017144300043582916,5.258207639080581e-06
200,4,8,0.00011402843438141597,0.10171609977260232,0.0165367997251451,5.258285499465387e-06
200,4,9,0.00010672907962496118,0.10152669996023178,0.0169189996086061,3.0819965641804004e-06
500,0,0,0.004265722650751712,0.43371619982644916,0.24360870011150837,9.205368014963966e-06
500,0,1,0.004268290423312124,0.7247180002741516,0.24493280006572604,6.363424740030155e-06
500,0,2,0.004253095496354467,0.4260748000815511,0.25272119976580143,5.9039202617849895e-06
500,0,3,0.004263401882319078,0.44231209997087717,0.247819600161165,5.90725178795104e-06
500,0,4,0.004250927454083102,0.46615759981796145,0.2468173997476697,9.114849587765761e-06
500,0,5,0.0042641156845776625,0.4583756998181343,0.24091739999130368,5.904772191200891e-06
500,0,6,0.004264553265324902,0.6517266998998821,0.24904600018635392,9.168010460802734e-06
500,0,7,0.004262517244498311,0.44939540000632405,0.2476674998179078,5.907378774372418e-06
500,0,8,0.0042652399185562455,0.43455739971250296,0.24221430020406842,5.902385355360806e-06
500,0,9,0.004270032250930588,0.42400019988417625,0.2431211001239717,5.907311688702066e-06
500,1,0,0.00426572265074841,0.4338934002444148,0.25196800008416176,9.205368014963966e-06
500,1,1,0.004268290423316548,0.7701878999359906,0.24616329977288842,6.363424740030155e-06
500,1,2,0.004253095496354468,0.4396164999343455,0.24801390012726188,5.9039202617849895e-06
500,1,3,0.0042634018823192905,0.43721119966357946,0.24037030013278127,5.90725178795104e-06
500,1,4,0.004250927454081655,0.45378000009804964,0.24576930003240705,9.114849587765761e-06
500,1,5,0.004264115684580164,0.49250249983742833,0.24688079999759793,5.904772191200891e-06
500,1,6,0.004264553265324902,0.6798105998896062,0.24414429999887943,9.168010460802734e-06
500,1,7,0.004262517244497474,0.42930230032652617,0.24060979997739196,5.907378774372418e-06
500,1,8,0.004265239918554977,0.42869980027899146,0.24731800006702542,5.902385355360806e-06
500,1,9,0.004270032250929737,0.43841279996559024,0.24427169980481267,5.907311688702066e-06
500,2,0,0.004265722650750637,0.43918720027431846,0.24103049980476499,9.205368014963966e-06
500,2,1,0.004268290423316935,0.7290966003201902,0.24528020014986396,6.363424740030155e-06
500,2,2,0.0042530954963504826,0.44358789967373013,0.23965600039809942,5.9039202617849895e-06
500,2,3,0.0042634018823197095,0.43747840030118823,0.25881039956584573,5.90725178795104e-06
500,2,4,0.0042509274540804085,0.46449599973857403,0.24523259978741407,9.114849587765761e-06
500,2,5,0.004264115684578302,0.4707333999685943,0.2440469996072352,5.904772191200891e-06
500,2,6,0.004264553265323471,0.6606336999684572,0.24112510029226542,9.168010460802734e-06
500,2,7,0.004262517244494414,0.4443922000937164,0.25121730007231236,5.907378774372418e-06
500,2,8,0.004265239918556247,0.44596949964761734,0.24260499980300665,5.902385355360806e-06
500,2,9,0.004270032250930588,0.4217980997636914,0.26415659999474883,5.907311688702066e-06
500,3,0,0.004265722650752137,0.42985110031440854,0.24193450016900897,9.205368014963966e-06
500,3,1,0.004268290423316935,0.7595788002945483,0.2664200998842716,6.363424740030155e-06
500,3,2,0.00425309549635112,0.4397728997282684,0.2445605997927487,5.9039202617849895e-06
500,3,3,0.0042634018823192905,0.42828029999509454,0.24145149998366833,5.90725178795104e-06
500,3,4,0.0042509274540841625,0.45274540036916733,0.2352781998924911,9.114849587765761e-06
500,3,5,0.004264115684578302,0.470703000202775,0.24658589996397495,5.904772191200891e-06
500,3,6,0.004264553265325967,0.6703614997677505,0.2449957998469472,9.168010460802734e-06
500,3,7,0.004262517244503918,0.4329984998330474,0.2443705997429788,5.907378774372418e-06
500,3,8,0.004265239918557923,0.4476940999738872,0.2551064998842776,5.902385355360806e-06
500,3,9,0.004270032250930162,0.4384820000268519,0.25011910032480955,5.907311688702066e-06
500,4,0,0.004265722650751496,0.4504809998907149,0.2430435996502638,9.205368014963966e-06
500,4,1,0.0042682904233165096,0.7360554998740554,0.24204110028222203,6.363424740030155e-06
500,4,2,0.004253095496351121,0.4253135002218187,0.2373263998888433,5.9039202617849895e-06
500,4,3,0.0042634018823192905,0.4417173000983894,0.24563190015032887,5.90725178795104e-06
500,4,4,0.004250927454083103,0.4644019999541342,0.239765299949795,9.114849587765761e-06
500,4,5,0.004264115684578726,0.46915740007534623,0.24742549983784556,5.904772191200891e-06
500,4,6,0.0042645532653218104,0.6562708001583815,0.24084059987217188,9.168010460802734e-06
500,4,7,0.00426251724449858,0.44111099978908896,0.25063710007816553,5.907378774372418e-06
500,4,8,0.004265239918557098,0.44518510019406676,0.25050520012155175,5.902385355360806e-06
500,4,9,0.004270032250930588,0.42936720000579953,0.24382239999249578,5.907311688702066e-06
1000,0,0,1.8491315051182516e-05,2.844639000017196,2.345398699864745,1.2853162002501861e-05
1000,0,1,2.2845401416150407e-05,2.9522823998704553,2.3967063003219664,1.2807288569005593e-05
1000,0,2,1.6218371002490007e-05,1.6033813999965787,2.246212299913168,1.2960784582238816e-05
1000,0,3,1.8511214428208194e-05,1.6263663996942341,2.194744700100273,8.88209433580478e-06
1000,0,4,1.7266035256624484e-05,1.5601980001665652,2.175061299931258,8.879020543028915e-06
1000,0,5,2.5927340314064714e-05,1.561087400186807,2.2574097998440266,8.879176629283947e-06
1000,0,6,1.9214825588046616e-05,2.5975887002423406,2.166266200132668,9.46159539805258e-06
1000,0,7,1.889754631407831e-05,1.526260499842465,2.283495799638331,8.88194582726598e-06
1000,0,8,2.2636900566420175e-05,1.6823240001685917,2.359318000264466,8.876019530701384e-06
1000,0,9,2.3749146119498346e-05,1.5663207997567952,2.1867852001450956,8.881686467177019e-06
1000,1,0,1.849131505632834e-05,2.7339723999612033,2.317584600299597,1.2853162002501861e-05
1000,1,1,2.2845401415771644e-05,2.7239068001508713,2.4474174003116786,1.2807288569005593e-05
1000,1,2,1.6218371000715713e-05,1.6059607998467982,2.3890684000216424,1.2960784582238816e-05
1000,1,3,1.851121443180518e-05,1.6199384997598827,2.3271026997826993,8.88209433580478e-06
1000,1,4,1.7266035258036745e-05,1.5888106003403664,2.387121499981731,8.879020543028915e-06
1000,1,5,2.5927340314627797e-05,1.593150199856609,2.3270157002843916,8.879176629283947e-06
1000,1,6,1.9214825589985288e-05,2.7381726000458,2.3704844997264445,9.46159539805258e-06
1000,1,7,1.8897546321654384e-05,1.6432690001092851,2.415509100072086,8.881945827488025e-06
1000,1,8,2.2636900569691657e-05,1.6839351998642087,2.564965699799359,8.876019530701384e-06
1000,1,9,2.3749146117726987e-05,1.5971110998652875,2.242899800185114,8.881686467177019e-06
1000,2,0,1.8491315050615363e-05,2.7128725997172296,2.3121519000269473,1.2853162002501861e-05
1000,2,1,2.2845401413067234e-05,2.7375583997927606,2.3887097002007067,1.2807288569005593e-05
1000,2,2,1.6218370998116352e-05,1.56643020035699,2.2919573998078704,1.2960784582238816e-05
1000,2,3,1.8511214428569054e-05,1.6539658000692725,2.215806399937719,8.88209433580478e-06
1000,2,4,1.726603525688559e-05,1.641788000240922,2.2871306999586523,8.879020543028915e-06
1000,2,5,2.5927340316514692e-05,1.5713555999100208,2.246493799611926,8.879176629283947e-06
1000,2,6,1.9214825588994226e-05,2.8786464002914727,2.2520749997347593,9.46159539805258e-06
1000,2,7,1.8897546321879932e-05,1.570114300120622,2.2284086998552084,8.881945827488025e-06
1000,2,8,2.263690056932852e-05,1.6468927999958396,2.5606379001401365,8.876019530701384e-06
1000,2,9,2.3749146119064455e-05,1.689681500196457,2.336119200102985,8.881686467177019e-06
1000,3,0,1.8491315056778016e-05,2.8127616001293063,2.2969675003550947,1.2853162002501861e-05
1000,3,1,2.2845401418029922e-05,2.8323332997970283,2.3054539002478123,1.2807288569005593e-05
1000,3,2,1.621837099776482e-05,1.5856313002295792,2.4003587001934648,1.296078458246086e-05
1000,3,3,1.851121443073939e-05,1.6261376002803445,2.33938379958272,8.88209433580478e-06
1000,3,4,1.7266035253451817e-05,1.7044350001960993,2.2262868997640908,8.879020543028915e-06
1000,3,5,2.59273403135072e-05,1.5996739999391139,2.2876246999949217,8.879176629283947e-06
1000,3,6,1.9214825585524497e-05,2.7177150999195874,2.1944250003434718,9.46159539805258e-06
1000,3,7,1.8897546315494835e-05,1.629862300120294,2.2366645000874996,8.881945827488025e-06
1000,3,8,2.2636900567728078e-05,1.6215047999285161,2.1983444998040795,8.876019530701384e-06
1000,3,9,2.374914611661315e-05,1.6606892999261618,2.3749913997016847,8.881686467177019e-06
1000,4,0,1.8491315058405315e-05,2.785569400060922,2.3221216001547873,1.2853162002501861e-05
1000,4,1,2.2845401411742908e-05,2.8425621003843844,2.2929842001758516,1.2807288569005593e-05
1000,4,2,1.621837099983564e-05,1.651955499779433,2.375686100218445,1.296078458246086e-05
1000,4,3,1.8511214430348148e-05,1.8161036004312336,2.5781568000093102,8.88209433580478e-06
1000,4,4,1.7266035253451817e-05,1.6605735998600721,2.260311800055206,8.879020543028915e-06
1000,4,5,2.5927340315205735e-05,1.6272913999855518,2.59497859980911,8.879176629283947e-06
1000,4,6,1.921482558551543e-05,2.6941748997196555,2.3550994996912777,9.46159539805258e-06
1000,4,7,1.8897546318545645e-05,1.6055284002795815,2.278609999921173,8.881945827488025e-06
1000,4,8,2.2636900570069396e-05,1.6308615999296308,2.4041999001055956,8.876019530701384e-06
1000,4,9,2.374914611641838e-05,1.615828299894929,2.4152427995577455,8.881686467177019e-06
