step,state,first_control,objective,constraint_violation_inf,wall_time_sec,forward_time_sec,backward_time_sec,compute_backward,outer_iterations,inner_iterations_total,backward_iterations
0,"[-1.0, 0.65, 0.0, 0.0, 0.15, 0.0]","[0.0, -3.0]",415.1996515205635,0.00026773822670284053,0.035540899989428,0.031851000007009134,0.002040500025032088,True,8,1236,11
1,"[-1.0, 0.625475, 0.0, -0.49050000000000005, 0.12, -0.6000000000000001]","[2.163368957030824, -3.0]",390.79595681681013,1.3756327660485734e-05,0.021956599986879155,0.01963399999658577,0.0017721999902278185,True,4,754,11
2,"[-1.0006474541825663, 0.581794528457696, -0.012949083651324364, -0.8736094308460814, 0.059999999999999984, -1.2000000000000002]","[7.492042709903156, -3.0]",366.81961121041655,0.00021589250889353373,0.03579580000950955,0.03341279999585822,0.00185500000952743,True,7,1288,11
3,"[-1.0024180406091348, 0.5322854596109993, -0.035411728531369785, -0.9901813769339345, -0.03000000000000004, -1.8000000000000003]","[14.089174256076863, -3.0]",343.0297118895727,4.605882954189511e-05,0.026631300017470494,0.024207500013289973,0.0018208000110462308,True,5,1002,12
4,"[-1.0031320974625753, 0.49345847727219505, -0.014281137068812247, -0.7765396467760848, -0.15000000000000008, -2.4000000000000004]","[21.198553970879665, 2.7479684522259804]",317.8558427635211,8.126191096086144e-05,0.02279899999848567,0.020421299996087328,0.0017451999883633107,True,6,923,11
5,"[-0.9959264735246433, 0.48250778758457097, 0.14411247875864075, -0.2190137937524821, -0.24252031547774028, -1.8504063095548042]","[21.582000000000004, 3.0]",289.38837804345667,8.126191096086144e-05,0.017651500005740672,0.015304199972888455,0.0018167000089306384,True,5,677,11
6,"[-0.9757635591949444, 0.49940814825112523, 0.4032582865939777, 0.3380072133310851, -0.3050406309554805, -1.2504063095548041]","[21.577567051387113, 2.9986270749677946]",262.1278455276455,0.00010872041160497892,0.01377140000113286,0.01150330001837574,0.0017860000079963356,True,5,509,12
7,"[-0.9393995639357446, 0.5432370921342319, 0.7272799051839944, 0.8765788776621329, -0.33757467568354277, -0.6506808945612452]","[18.489220914939807, 3.0]",235.9455922480255,0.00010872041160497892,0.010218099982012063,0.007814399985363707,0.0019166000129189342,True,6,350,12
8,"[-0.8877265109655259, 0.6061552918835085, 1.033461059404375, 1.2583639949855312, -0.340108720411605, -0.05068089456124514]","[14.749454150223228, 2.116287851998663]",211.64849142309927,0.0,0.0041591000044718385,0.0020394000166561455,0.0016762000159360468,True,1,98,12
9,"[-0.823752797204903, 0.6793099462906244, 1.2794742752124582, 1.4630930881423183, -0.32147988661968063, 0.37257667583848747]","[11.37641571443883, 1.681059155180691]",189.25409771176663,0.0,0.004038199986098334,0.0019808999786619097,0.0016516000032424927,True,1,95,12
10,"[-0.7507925404901672, 0.7549235730036703, 1.4592051342947163, 1.5122725342609196, -0.28604046127594934, 0.7087885068746257]","[8.722684270356819, 1.0565129077278164]",168.18497892431483,0.0,0.0043990999984089285,0.0020828999986406416,0.0018151000258512795,True,1,88,12
11,"[-0.6716793941035253, 0.8269328732046185, 1.5822629277328373, 1.4401860040189645, -0.2400359068549399, 0.9200910884201889]","[6.960710662722714, 0.5174954153169689]",148.46146813505575,0.0,0.00433670001802966,0.002011300006415695,0.0018464000022504479,True,1,92,11
12,"[-0.5884291927699264, 0.8913200313644813, 1.6650040266719772, 1.2877431631972573, -0.18885639828076076, 1.0235901714835827]","[6.040477963897449, 0.1255419841404186]",130.23585069889603,0.0,0.004835400002775714,0.0024006000021472573,0.0018252000154461712,True,1,106,10
13,"[-0.5023439572841634, 0.9460148787295467, 1.7217047097152613, 1.0938969473013063, -0.13642146986517745, 1.0486985683116663]","[5.788150161931447, -0.12411450595649251]",113.68711754574699,0.0,0.0050066999974660575,0.0023055000056046993,0.0020901000243611634,True,1,99,10
14,"[-0.41429076939653026, 0.990520657445614, 1.7610637577526618, 0.8901155743213469, -0.08522768650915906, 1.0238756671203677]","[5.997388480092183, -0.28069622642039]",98.8921421316667,0.0,0.004926199995679781,0.002525099989725277,0.0017877999925985932,True,1,107,10
15,"[-0.32496126909370837, 1.0254404858386512, 1.7865900060564375, 0.6983965678607453, -0.03684086541734457, 0.9677364218362897]","[6.4856699254460075, -0.3737121190200453]",85.7960085643048,0.0,0.005399799993028864,0.0021699999924749136,0.0025511999847367406,True,1,97,10
16,"[-0.23503455967373516, 1.0520384869505377, 1.7985341883994639, 0.5319600222377293, 0.007808834484269465, 0.8929939980322806]","[7.115774257768648, -0.437533814565023]",74.25600742667015,0.0,0.009490600001299754,0.004765800025779754,0.0035205000021960586,True,1,80,10
17,"[-0.14524676360049382, 1.0719003813284236, 1.7957559214648264, 0.39723788755771694, 0.048083196240233265, 0.805487235119276]","[7.7672025016315995, -0.48091397419732174]",64.09517323196191,0.0,0.003952800005208701,0.0014501000114250928,0.001802499988116324,True,1,61,10
18,"[-0.05639228759716855, 1.0866328391302098, 1.7770895200665053, 0.2946491560357249, 0.08354841825422385, 0.7093044402798117]","[8.376573318668441, -0.5081820010558327]",55.14143086870493,0.0,0.004333199991378933,0.0019779999856837094,0.0017717000155244023,True,1,81,10
19,"[0.030714599562045197, 1.097708683591028, 1.7421377431842748, 0.2215168892163636, 0.11393182025765611, 0.6076680400686452]","[8.902638630057718, -0.5192347831270965]",47.248777623665525,0.0007671872789525302,0.0040169999992940575,0.0018533999973442405,0.0016792999813333154,True,1,87,10
20,"[0.11529123443474568, 1.106371830385057, 1.6915326974540095, 0.17326293588057926, 0.1391228744298174, 0.5038210834432258]","[9.320163640455107, -0.5159987893745761]",40.29921928866875,0.000594832432089909,0.007542600011220202,0.0050475000170990825,0.0018144000205211341,True,4,209,10
21,"[0.19663669632229885, 1.1135852580098893, 1.6269092377510634, 0.14426855249664508, 0.15915394070823294, 0.40062132556831065]","[9.626216455215047, -0.499332916114356]",34.196731160717086,0.0008883205305585395,0.006294500024523586,0.003878399991663173,0.0017539999971631914,True,1,82,10
22,"[0.27416818153539707, 1.1200350797898062, 1.550629704261964, 0.12899643559833943, 0.1741916778255049, 0.3007547423454394]","[9.837788752826548, -0.4681786160217014]",28.861586289910505,0.000526415821390902,0.0071943999791983515,0.003076099994359538,0.003315100009785965,True,2,132,10
23,"[0.34743714706746787, 1.1261821841443818, 1.4653793106414164, 0.12294208709151047, 0.18454762878255987, 0.20711901914109915]","[9.95684294771974, -0.4244871127215952]",24.22255904667022,0.0006757951058113942,0.0043080000032205135,0.0017777000030037016,0.0017605999892111868,True,1,78,10
24,"[0.41613836453190234, 1.1322737120082134, 1.3740243492886894, 0.121830557276631, 0.19065870861239886, 0.12222159659678011]","[10.010292423049913, -0.377078162684464]",20.214009563597788,0.0007324333687586115,0.004091399983735755,0.0017333999858237803,0.0017924999992828816,True,1,67,10
25,"[0.48009706309892475, 1.1384124951506362, 1.2791739713404477, 0.12277566284845573, 0.19299900681539323, 0.04680596405988731]","[10.027236775879109, -0.3251077887557453]",16.77212960448808,0.0007748198026376052,0.0038964999839663506,0.0016890999977476895,0.0016965999966487288,True,1,74,10
26,"[0.5392476244559324, 1.1446289417681141, 1.1830112271401547, 0.12432893234955877, 0.19208822713083012, -0.01821559369126176]","[9.99908720581145, -0.27076308225266377]",13.836114473783454,0.0007152471557572149,0.003897100017638877,0.0015409000043291599,0.0017555000085849315,True,1,68,10
27,"[0.593625893224929, 1.1508583412217255, 1.0875653753799315, 0.12458798907222494, 0.1884698166237404, -0.07236821014179451]","[9.952490903615843, -0.20363956412367903]",11.349299738232004,0.00021227979897742166,0.010523300006752834,0.008166100014932454,0.0017864999826997519,True,5,339,10
28,"[0.6433425140852935, 1.157003373005371, 0.9943324172072915, 0.12290063567291283, 0.18281501047541387, -0.11309612296653032]","[9.899239116222887, -0.15183939945142036]",9.25680255068521,0.0006594641905981469,0.005333899985998869,0.002644499996677041,0.0020880000083707273,True,1,126,10
29,"[0.6885599705937231, 1.162959095952106, 0.9043491301685911, 0.11911445893469781, 0.17564181033257315, -0.1434640028568144]","[9.84720047142321, -0.11730240423597216]",7.50644382083413,0.0009735931235936857,0.005194900004426017,0.0028105999808758497,0.0017764999938663095,True,1,134,11
30,"[0.7294756748840292, 1.168629062077648, 0.8183140858061211, 0.11339932251084284, 0.1672955861473727, -0.16692448370400884]","[9.798084607757277, -0.08055991476777628]",6.052595251014147,0.0007915300091663191,0.007280199992237613,0.004902799992123619,0.0018582000047899783,True,2,224,11
31,"[0.7663125270733872, 1.173927254756146, 0.7367370437871581, 0.10596385356995663, 0.1581437628144945, -0.1830364666575641]","[9.751232264750401, -0.059111204439624414]",4.84936441963765,0.0009859075726055266,0.005057500005932525,0.0025689000030979514,0.0019249999895691872,True,1,105,11
32,"[0.7993101873517594, 1.1787743217017317, 0.6599532055674459, 0.096941338911714, 0.14840082743722005, -0.19485870754548898]","[9.715440548926393, -0.03868606742944966]",3.8615302477346902,0.0007183063112097265,0.007439899985911325,0.005196899990551174,0.0017139999836217612,True,3,236,10
33,"[0.8287166145403009, 1.1831180289226562, 0.5881285437708293, 0.08687414441848784, 0.1382710313856511, -0.2025959210313789]","[9.694229780524873, -0.01718257286925861]",3.054118992063199,0.0008657560112177443,0.004317799990531057,0.001985500013688579,0.0017931000038515776,True,1,95,10
34,"[0.8547826317917561, 1.1869410009820902, 0.5213203450291033, 0.07645944118868091, 0.12796940960538958, -0.20603243560523063]","[9.662512357455018, -0.0030213728517692997]",2.3990670473302798,0.0008622744116175696,0.004497499990975484,0.002075399999739602,0.0018542000034358352,True,1,93,10
35,"[0.8777658143133471, 1.1901977300343372, 0.459663650431821, 0.06513458104493923, 0.11763757409661035, -0.2066367101755845]","[9.660591947031575, 0.01000013071716234]",1.870928167413123,0.0008068458414594026,0.005837100005010143,0.0035265999904368073,0.001760399987688288,True,2,149,10
36,"[0.8979144236566367, 1.1929140202602, 0.4029721868657904, 0.05432580451725759, 0.10740573989500275, -0.20463668403215202]","[9.670282593913713, 0.025661761593721796]",1.448602415406091,0.0008758748994828203,0.004982999991625547,0.0026406999968457967,0.0017645999905653298,True,1,99,10
37,"[0.9154714128903733, 1.1951417055827949, 0.35113978467473206, 0.04455370645189742, 0.09743052330933237, -0.19950433171340765]","[9.672869653459031, 0.032909495443083914]",1.1131704610222897,0.0009668010497172475,0.004099200014024973,0.001728600007481873,0.0017632999806664884,True,1,75,10
38,"[0.9306760460737706, 1.1969118786605022, 0.30409266366794835, 0.03540346155414593, 0.08778440167809283, -0.19292243262479086]","[9.674469674005396, 0.05528175621301101]",0.8491641274179688,0.0009027706689208603,0.010563199990428984,0.008049099997151643,0.0019193000043742359,True,4,314,11
39,"[0.9437602362692652, 1.198250095199816, 0.2616838039098903, 0.026764330786278663, 0.07869109760898339, -0.18186608138218865]","[9.680766907196041, 0.06412195497074753]",0.6428431571506654,0.000946072452301383,0.006608600000618026,0.004088099987711757,0.0018042000010609627,True,2,185,11
40,"[0.9549419159325694, 1.1991903350350432, 0.2236335932660843, 0.018804796704544397, 0.07023901308958144, -0.16904169038803915]","[9.71805680974568, 0.0639940602017746]",0.48336824132617373,0.0008742264628733842,0.006291199999395758,0.003890099993441254,0.001872900000307709,True,2,152,11
41,"[0.9644185315988465, 1.1998408112576067, 0.18953231332554193, 0.013009524451270255, 0.06242686917219723, -0.15624287834768424]","[9.72918440644739, 0.05560437099103642]",0.36091600560956616,0.0009513551822724065,0.0039063999720383435,0.0016534000169485807,0.0017342999926768243,True,1,74,10
42,"[0.9723777270014781, 1.200241869210277, 0.15918390805263186, 0.008021159053407095, 0.05517076896472338, -0.14512200414947696]","[9.751946456704305, 0.05219912253349924]",0.2677090478454465,0.000933342779742441,0.0057305000082124025,0.0033287999976892024,0.0017337999888695776,True,2,141,10
43,"[0.9789925486879436, 1.200460698829326, 0.13229643372931046, 0.0043765923809831065, 0.04843665998258452, -0.13468217964277712]","[9.76804393501473, 0.05322938098626512]",0.1969131349497094,0.0009633198266045806,0.006021900015184656,0.0035228999913670123,0.0018338999943807721,True,3,145,10
44,"[0.9844250042708762, 1.2005459977537405, 0.10864911165865285, 0.001705978488289721, 0.042234844810308314, -0.1240363034455241]","[9.784610145171301, 0.05013138815213838]",0.143598021526703,0.0009892390030894482,0.004812900006072596,0.002504500007489696,0.0017746000085026026,True,2,107,10
45,"[0.9888246382449806, 1.2005460082682191, 0.08799267948208664, 2.1028957412514912e-07, 0.036534343519553494, -0.11401002581509642]","[9.793187600870008, 0.07368963955225334]",0.10489149820572223,0.000748339937326481,0.008259299997007474,0.0058868000051006675,0.0018291999876964837,True,4,237,10
46,"[0.9923300019892598, 1.200487650179715, 0.07010727488558513, -0.0011671617700803893, 0.03157073862432121, -0.09927209790464575]","[9.796182874588355, 0.05169918698803928]",0.07530728581505328,0.0007326372212423937,0.005268400011118501,0.002761000010650605,0.0019085999811068177,True,2,101,10
47,"[0.995062312344388, 1.2003825453307682, 0.054646207102563404, -0.0021020969789392677, 0.02712412559896931, -0.0889322605070379]","[9.795892253763459, 0.030636630887521128]",0.053931728145970026,0.0007688957975722222,0.0037312999775167555,0.0014291999978013337,0.001787300017895177,True,1,60,11
48,"[0.9971304416185783, 1.2002331628984007, 0.04136258548380527, -0.002987648647349579, 0.022983878882492627, -0.08280493432953367]","[9.815139843749671, 0.026104758604093586]",0.038391043813244756,0.0007921440844997907,0.0052866000041831285,0.002969299996038899,0.0017541999986860901,True,2,103,10
49,"[0.9986346455821109, 1.200090149194587, 0.030084079270650328, -0.0028602740762749003, 0.019104679752056878, -0.07758398260871496]","[9.814015142798132, 0.028306644023599545]",0.02711563254336077,0.0008003008985628668,0.0036240000044927,0.0014603000017814338,0.0016744000022299588,True,1,64,10
