method,n,repetition,trial_id,penalty_scale,refinement_tol,gradient_relative_error,reference_residual,base_forward_time_sec,refinement_time_sec,backward_time_sec,combined_backward_time_sec,combined_call_wall_time_sec,backward_solver_used,backward_fallback_used
lapanda aligned,100,0,0,10.0,0.001,0.009294768724782016,5.049039584771627e-16,0.0059776003472507,0.0038294997066259384,0.00026879971846938133,0.00409829942509532,0.0037899999879300594,cg,False
lapanda aligned,100,0,1,10.0,0.001,0.00922964899388658,4.516550037668072e-16,0.010264900047332048,0.003682199865579605,0.00026899995282292366,0.003951199818402529,0.0054061999544501305,cg,False
lapanda aligned,100,0,2,10.0,0.001,0.009269573294455657,5.461338383946669e-16,0.008780200034379959,0.003486400004476309,0.00025480007752776146,0.0037412000820040703,0.0036943000741302967,cg,False
lapanda aligned,100,0,3,10.0,0.001,0.00920695454174177,7.105844119128113e-16,0.006805600132793188,0.003522399812936783,0.0005129002965986729,0.004035300109535456,0.004804400261491537,cg,False
lapanda aligned,100,0,4,10.0,0.001,0.00905437575960225,6.223538031605938e-16,0.007961399853229523,0.004494799766689539,0.00026799971237778664,0.004762799479067326,0.005353599786758423,cg,False
lapanda aligned,100,0,5,10.0,0.001,0.009293177316775496,5.66503810489977e-16,0.018355200067162514,0.003736100159585476,0.0002468000166118145,0.00398290017619729,0.0038274996913969517,cg,False
lapanda aligned,100,0,6,10.0,0.001,0.011559399798521334,6.209924321180003e-16,0.006423800252377987,0.0024839998222887516,0.00027270009741187096,0.0027566999197006226,0.002880500163882971,cg,False
lapanda aligned,100,0,7,10.0,0.001,0.009164288034199974,4.252010513194308e-16,0.00596269965171814,0.0040939003229141235,0.0004958002828061581,0.004589700605720282,0.007706800010055304,cg,False
lapanda aligned,100,0,8,10.0,0.001,0.009234393035934513,5.140636044202469e-16,0.007215899880975485,0.0030789002776145935,0.0002715000882744789,0.0033504003658890724,0.0032735001295804977,cg,False
lapanda aligned,100,0,9,10.0,0.001,0.009306612282354217,3.9647974405643916e-16,0.006308999843895435,0.004067699890583754,0.000309899915009737,0.004377599805593491,0.004523499868810177,cg,False
lapanda aligned,100,1,0,10.0,0.001,0.009294768724782016,5.049039584771627e-16,0.0060119000263512135,0.0034935995936393738,0.0002700001932680607,0.0037635997869074345,0.0036687999963760376,cg,False
lapanda aligned,100,1,1,10.0,0.001,0.00922964899388658,4.516550037668072e-16,0.014666299801319838,0.0060904002748429775,0.0002530999481678009,0.006343500223010778,0.004283600021153688,cg,False
lapanda aligned,100,1,2,10.0,0.001,0.009269573294455657,5.461338383946669e-16,0.009237700141966343,0.0034050000831484795,0.0002644001506268978,0.0036694002337753773,0.0044469996355473995,cg,False
lapanda aligned,100,1,3,10.0,0.001,0.00920695454174177,7.105844119128113e-16,0.006674299947917461,0.0034935004077851772,0.0002639000304043293,0.0037574004381895065,0.0040444000624120235,cg,False
lapanda aligned,100,1,4,10.0,0.001,0.00905437575960225,6.223538031605938e-16,0.00845880014821887,0.00792060000821948,0.0002632997930049896,0.00818389980122447,0.005380699876695871,cg,False
lapanda aligned,100,1,5,10.0,0.001,0.009293177316775496,5.66503810489977e-16,0.013466699980199337,0.003790799994021654,0.0005073999054729939,0.004298199899494648,0.004361400380730629,cg,False
lapanda aligned,100,1,6,10.0,0.001,0.011559399798521334,6.209924321180003e-16,0.006435699760913849,0.0025598998181521893,0.00025590043514966965,0.002815800253301859,0.002964099869132042,cg,False
lapanda aligned,100,1,7,10.0,0.001,0.009164288034199974,4.252010513194308e-16,0.005620799958705902,0.003405699972063303,0.0002528997138142586,0.0036585996858775616,0.0036257999017834663,cg,False
lapanda aligned,100,1,8,10.0,0.001,0.009234393035934513,5.140636044202469e-16,0.006314599886536598,0.0035890000872313976,0.00025509996339678764,0.0038441000506281853,0.003589299973100424,cg,False
lapanda aligned,100,1,9,10.0,0.001,0.009306612282354217,3.9647974405643916e-16,0.006362699903547764,0.0038238000124692917,0.0003431001678109169,0.004166900180280209,0.004212399944663048,cg,False
lapanda aligned,100,2,0,10.0,0.001,0.009294768724782016,5.049039584771627e-16,0.006778399925678968,0.004031499847769737,0.0002816002815961838,0.004313100129365921,0.004108600318431854,cg,False
lapanda aligned,100,2,1,10.0,0.001,0.00922964899388658,4.516550037668072e-16,0.010175799950957298,0.0038404003717005253,0.0002566003240644932,0.0040970006957650185,0.003972599748522043,cg,False
lapanda aligned,100,2,2,10.0,0.001,0.009269573294455657,5.461338383946669e-16,0.010859000030905008,0.0038167997263371944,0.00026539992541074753,0.004082199651747942,0.003981999587267637,cg,False
lapanda aligned,100,2,3,10.0,0.001,0.00920695454174177,7.105844119128113e-16,0.007299700286239386,0.0034257997758686543,0.0002749003469944,0.0037007001228630543,0.004263200331479311,cg,False
lapanda aligned,100,2,4,10.0,0.001,0.00905437575960225,6.223538031605938e-16,0.008188299834728241,0.004713600035756826,0.0002652001567184925,0.004978800192475319,0.004841399844735861,cg,False
lapanda aligned,100,2,5,10.0,0.001,0.009293177316775496,5.66503810489977e-16,0.01367209991440177,0.003988699987530708,0.00024560000747442245,0.004234299995005131,0.00394099997356534,cg,False
lapanda aligned,100,2,6,10.0,0.001,0.011559399798521334,6.209924321180003e-16,0.006294999737292528,0.0027001998387277126,0.0002212999388575554,0.002921499777585268,0.0027646999806165695,cg,False
lapanda aligned,100,2,7,10.0,0.001,0.009164288034199974,4.252010513194308e-16,0.006482100114226341,0.003316200338304043,0.0002617998979985714,0.003578000236302614,0.0035820999182760715,cg,False
lapanda aligned,100,2,8,10.0,0.001,0.009234393035934513,5.140636044202469e-16,0.006503700278699398,0.0029310001991689205,0.00024749990552663803,0.0031785001046955585,0.003108399920165539,cg,False
lapanda aligned,100,2,9,10.0,0.001,0.009306612282354217,3.9647974405643916e-16,0.0061274003237485886,0.004231499973684549,0.0002544000744819641,0.0044859000481665134,0.005240300204604864,cg,False
lapanda aligned,100,3,0,10.0,0.001,0.009294768724782016,5.049039584771627e-16,0.006523400079458952,0.0037280996330082417,0.00025509996339678764,0.003983199596405029,0.0037715998478233814,cg,False
lapanda aligned,100,3,1,10.0,0.001,0.00922964899388658,4.516550037668072e-16,0.010294000152498484,0.003799899946898222,0.0002438998781144619,0.004043799825012684,0.003783700056374073,cg,False
lapanda aligned,100,3,2,10.0,0.001,0.009269573294455657,5.461338383946669e-16,0.008481800090521574,0.004069599788635969,0.00025380030274391174,0.004323400091379881,0.003611600026488304,cg,False
lapanda aligned,100,3,3,10.0,0.001,0.00920695454174177,7.105844119128113e-16,0.006526200100779533,0.0034003998152911663,0.0002442002296447754,0.0036446000449359417,0.0036416002549231052,cg,False
lapanda aligned,100,3,4,10.0,0.001,0.00905437575960225,6.223538031605938e-16,0.008413699921220541,0.0045692999847233295,0.0004846998490393162,0.005053999833762646,0.006491499952971935,cg,False
lapanda aligned,100,3,5,10.0,0.001,0.009293177316775496,5.66503810489977e-16,0.012865500058978796,0.0041240002028644085,0.00027030007913708687,0.004394300282001495,0.004361400380730629,cg,False
lapanda aligned,100,3,6,10.0,0.001,0.011559399798521334,6.209924321180003e-16,0.0064199999906122684,0.002510900143533945,0.00021999981254339218,0.0027308999560773373,0.002830900251865387,cg,False
lapanda aligned,100,3,7,10.0,0.001,0.009164288034199974,4.252010513194308e-16,0.005958799738436937,0.003583999816328287,0.0005482002161443233,0.0041322000324726105,0.0039404998533427715,cg,False
lapanda aligned,100,3,8,10.0,0.001,0.009234393035934513,5.140636044202469e-16,0.006486900150775909,0.0032815001904964447,0.00027009984478354454,0.0035516000352799892,0.0032468000426888466,cg,False
lapanda aligned,100,3,9,10.0,0.001,0.009306612282354217,3.9647974405643916e-16,0.006109700072556734,0.003414600156247616,0.0006371000781655312,0.004051700234413147,0.004451500251889229,cg,False
lapanda aligned,100,4,0,10.0,0.001,0.009294768724782016,5.049039584771627e-16,0.006993200164288282,0.0034435000270605087,0.00026799971237778664,0.0037114997394382954,0.0037703998386859894,cg,False
lapanda aligned,100,4,1,10.0,0.001,0.00922964899388658,4.516550037668072e-16,0.00948779983446002,0.003554800059646368,0.0002933996729552746,0.0038481997326016426,0.004282299894839525,cg,False
lapanda aligned,100,4,2,10.0,0.001,0.009269573294455657,5.461338383946669e-16,0.010483500082045794,0.003606900107115507,0.00024620024487376213,0.0038531003519892693,0.0036363000981509686,cg,False
lapanda aligned,100,4,3,10.0,0.001,0.00920695454174177,7.105844119128113e-16,0.007042299956083298,0.003746600355952978,0.0002630995586514473,0.004009699914604425,0.0039079999551177025,cg,False
lapanda aligned,100,4,4,10.0,0.001,0.00905437575960225,6.223538031605938e-16,0.010224699974060059,0.004962699953466654,0.0002594003453850746,0.0052221002988517284,0.0050526997074484825,cg,False
lapanda aligned,100,4,5,10.0,0.001,0.009293177316775496,5.66503810489977e-16,0.015812699683010578,0.003708499949425459,0.00027059996500611305,0.003979099914431572,0.004195200279355049,cg,False
lapanda aligned,100,4,6,10.0,0.001,0.011559399798521334,6.209924321180003e-16,0.005850499961525202,0.0026780003681778908,0.00022449996322393417,0.002902500331401825,0.0028453003615140915,cg,False
lapanda aligned,100,4,7,10.0,0.001,0.009164288034199974,4.252010513194308e-16,0.0055749001912772655,0.003216900397092104,0.00025900034233927727,0.0034759007394313812,0.00443299999460578,cg,False
lapanda aligned,100,4,8,10.0,0.001,0.009234393035934513,5.140636044202469e-16,0.0058650001883506775,0.0032699001021683216,0.0002458002418279648,0.0035157003439962864,0.0031958003528416157,cg,False
lapanda aligned,100,4,9,10.0,0.001,0.009306612282354217,3.9647974405643916e-16,0.006448199972510338,0.0034860000014305115,0.0002449001185595989,0.0037309001199901104,0.003611799795180559,cg,False
lapanda aligned,200,0,0,10.0,0.001,0.013747773112532398,6.708948475348503e-16,0.012207599822431803,0.004074299708008766,0.0004405002109706402,0.004514799918979406,0.00459330016747117,cg,False
lapanda aligned,200,0,1,10.0,0.001,0.013742371147968644,6.505454278910321e-16,0.012777499854564667,0.005358600057661533,0.00045110005885362625,0.00580970011651516,0.005919199902564287,cg,False
lapanda aligned,200,0,2,10.0,0.001,0.013682185766342543,5.79898175215124e-16,0.01266800006851554,0.00449489988386631,0.0004665004089474678,0.004961400292813778,0.004826100077480078,cg,False
lapanda aligned,200,0,3,10.0,0.001,0.013713190068716574,6.8228545187540155e-16,0.013699399773031473,0.005001300014555454,0.0004397002048790455,0.0054410002194345,0.00516449986025691,cg,False
lapanda aligned,200,0,4,10.0,0.001,0.013569624474450525,5.551513866998986e-16,0.012496700044721365,0.005305300001055002,0.00046189967542886734,0.0057671996764838696,0.005818099714815617,cg,False
lapanda aligned,200,0,5,10.0,0.001,0.014649255814198396,5.192421155656181e-16,0.01798840006813407,0.004891599994152784,0.0004507000558078289,0.005342300049960613,0.005024999845772982,cg,False
lapanda aligned,200,0,6,10.0,0.001,0.010390217174087179,5.896650410559147e-16,0.02110069990158081,0.007609999738633633,0.0005721999332308769,0.00818219967186451,0.0076385000720620155,cg,False
lapanda aligned,200,0,7,10.0,0.001,0.013575136178557101,4.477502941576921e-16,0.016060700174421072,0.00493369996547699,0.0004306999035179615,0.005364399868994951,0.004944299813359976,cg,False
lapanda aligned,200,0,8,10.0,0.001,0.013690834769429115,4.980908288882603e-16,0.009707899764180183,0.00544700026512146,0.0004603997804224491,0.005907400045543909,0.00555400038138032,cg,False
lapanda aligned,200,0,9,10.0,0.001,0.013758000605058565,5.882547927539161e-16,0.01460999995470047,0.007292000111192465,0.00045640021562576294,0.007748400326818228,0.007990299724042416,cg,False
lapanda aligned,200,1,0,10.0,0.001,0.013747773112532398,6.708948475348503e-16,0.012220900040119886,0.004005900118499994,0.0004425002261996269,0.004448400344699621,0.005285200197249651,cg,False
lapanda aligned,200,1,1,10.0,0.001,0.013742371147968644,6.505454278910321e-16,0.012571099679917097,0.005354899913072586,0.0004553999751806259,0.005810299888253212,0.005817700177431107,cg,False
lapanda aligned,200,1,2,10.0,0.001,0.013682185766342543,5.79898175215124e-16,0.011958099901676178,0.004294400103390217,0.0004456997849047184,0.004740099888294935,0.005066799931228161,cg,False
lapanda aligned,200,1,3,10.0,0.001,0.013713190068716574,6.8228545187540155e-16,0.013462400063872337,0.0050491997972130775,0.0004905997775495052,0.005539799574762583,0.005480499938130379,cg,False
lapanda aligned,200,1,4,10.0,0.001,0.013569624474450525,5.551513866998986e-16,0.01289290003478527,0.005319599993526936,0.00044980039820075035,0.005769400391727686,0.005576299969106913,cg,False
lapanda aligned,200,1,5,10.0,0.001,0.014649255814198396,5.192421155656181e-16,0.018571900203824043,0.00455900002270937,0.00046289991587400436,0.005021899938583374,0.005052800290286541,cg,False
lapanda aligned,200,1,6,10.0,0.001,0.010390217174087179,5.896650410559147e-16,0.02057819999754429,0.007622200064361095,0.0004923003725707531,0.008114500436931849,0.00798740005120635,cg,False
lapanda aligned,200,1,7,10.0,0.001,0.013575136178557101,4.477502941576921e-16,0.01608880003914237,0.0045149000361561775,0.000443900004029274,0.0049588000401854515,0.005204800050705671,cg,False
lapanda aligned,200,1,8,10.0,0.001,0.013690834769429115,4.980908288882603e-16,0.00957359978929162,0.004955700132995844,0.00041530001908540726,0.005371000152081251,0.005980299785733223,cg,False
lapanda aligned,200,1,9,10.0,0.001,0.013758000605058565,5.882547927539161e-16,0.014417700003832579,0.007148799952119589,0.0004550996236503124,0.007603899575769901,0.007898300420492887,cg,False
lapanda aligned,200,2,0,10.0,0.001,0.013747773112532398,6.708948475348503e-16,0.013144600205123425,0.004098700359463692,0.000465999823063612,0.004564700182527304,0.004839600063860416,cg,False
lapanda aligned,200,2,1,10.0,0.001,0.013742371147968644,6.505454278910321e-16,0.012735300231724977,0.0053484998643398285,0.0004284000024199486,0.005776899866759777,0.005539500154554844,cg,False
lapanda aligned,200,2,2,10.0,0.001,0.013682185766342543,5.79898175215124e-16,0.012550000101327896,0.004306800197809935,0.0004862002097070217,0.004793000407516956,0.004929000046104193,cg,False
lapanda aligned,200,2,3,10.0,0.001,0.013713190068716574,6.8228545187540155e-16,0.01373889995738864,0.004633400123566389,0.0004352000541985035,0.005068600177764893,0.005246700253337622,cg,False
lapanda aligned,200,2,4,10.0,0.001,0.013569624474450525,5.551513866998986e-16,0.013490700162947178,0.005223399959504604,0.00045720022171735764,0.005680600181221962,0.005999600049108267,cg,False
lapanda aligned,200,2,5,10.0,0.001,0.014649255814198396,5.192421155656181e-16,0.017822999972850084,0.0048120999708771706,0.00045819999650120735,0.005270299967378378,0.005450200289487839,cg,False
lapanda aligned,200,2,6,10.0,0.001,0.010390217174087179,5.896650410559147e-16,0.020918899681419134,0.007211599964648485,0.0004847003147006035,0.007696300279349089,0.00816159974783659,cg,False
lapanda aligned,200,2,7,10.0,0.001,0.013575136178557101,4.477502941576921e-16,0.015212900005280972,0.005690599791705608,0.00047479989007115364,0.006165399681776762,0.005277100019156933,cg,False
lapanda aligned,200,2,8,10.0,0.001,0.013690834769429115,4.980908288882603e-16,0.009428100194782019,0.005303899757564068,0.00042380020022392273,0.005727699957787991,0.005822500213980675,cg,False
lapanda aligned,200,2,9,10.0,0.001,0.013758000605058565,5.882547927539161e-16,0.014586299657821655,0.00717219989746809,0.0004444001242518425,0.0076166000217199326,0.00784350000321865,cg,False
lapanda aligned,200,3,0,10.0,0.001,0.013747773112532398,6.708948475348503e-16,0.01296730013564229,0.004222800023853779,0.00042719999328255653,0.004650000017136335,0.004664600361138582,cg,False
lapanda aligned,200,3,1,10.0,0.001,0.013742371147968644,6.505454278910321e-16,0.012589700054377317,0.005234099924564362,0.00044129975140094757,0.005675399675965309,0.005966099910438061,cg,False
lapanda aligned,200,3,2,10.0,0.001,0.013682185766342543,5.79898175215124e-16,0.012760800309479237,0.004650900140404701,0.00045110005885362625,0.0051020001992583275,0.005025200080126524,cg,False
lapanda aligned,200,3,3,10.0,0.001,0.013713190068716574,6.8228545187540155e-16,0.012446200009435415,0.004604899790138006,0.000462300144135952,0.005067199934273958,0.0056861997582018375,cg,False
lapanda aligned,200,3,4,10.0,0.001,0.013569624474450525,5.551513866998986e-16,0.013371100183576345,0.005292799789458513,0.0005235997959971428,0.005816399585455656,0.00570639967918396,cg,False
lapanda aligned,200,3,5,10.0,0.001,0.014649255814198396,5.192421155656181e-16,0.017799300141632557,0.004713000264018774,0.0004960997030138969,0.005209099967032671,0.005416200030595064,cg,False
lapanda aligned,200,3,6,10.0,0.001,0.010390217174087179,5.896650410559147e-16,0.021871699951589108,0.007142800372093916,0.0007995995692908764,0.007942399941384792,0.007795399986207485,cg,False
lapanda aligned,200,3,7,10.0,0.001,0.013575136178557101,4.477502941576921e-16,0.01552130002528429,0.004713799804449081,0.00043080002069473267,0.005144599825143814,0.004934800323098898,cg,False
lapanda aligned,200,3,8,10.0,0.001,0.013690834769429115,4.980908288882603e-16,0.0098341996781528,0.005514000076800585,0.0005135000683367252,0.00602750014513731,0.00584070011973381,cg,False
lapanda aligned,200,3,9,10.0,0.001,0.013758000605058565,5.882547927539161e-16,0.015343500301241875,0.008664499968290329,0.0004918999038636684,0.009156399872153997,0.008040099870413542,cg,False
lapanda aligned,200,4,0,10.0,0.001,0.013747773112532398,6.708948475348503e-16,0.012649599928408861,0.004439299926161766,0.00044109998270869255,0.004880399908870459,0.004551299847662449,cg,False
lapanda aligned,200,4,1,10.0,0.001,0.013742371147968644,6.505454278910321e-16,0.013234300073236227,0.005202499683946371,0.00044560013338923454,0.005648099817335606,0.005868399981409311,cg,False
lapanda aligned,200,4,2,10.0,0.001,0.013682185766342543,5.79898175215124e-16,0.012186600361019373,0.004711700137704611,0.0004404997453093529,0.005152199883013964,0.004638599697500467,cg,False
lapanda aligned,200,4,3,10.0,0.001,0.013713190068716574,6.8228545187540155e-16,0.013294400181621313,0.004839599598199129,0.00047500012442469597,0.005314599722623825,0.0060223001055419445,cg,False
lapanda aligned,200,4,4,10.0,0.001,0.013569624474450525,5.551513866998986e-16,0.013601700309664011,0.005537600256502628,0.0004786001518368721,0.0060162004083395,0.006691199727356434,cg,False
lapanda aligned,200,4,5,10.0,0.001,0.014649255814198396,5.192421155656181e-16,0.01872259983792901,0.004884299822151661,0.000476200133562088,0.005360499955713749,0.008390199858695269,cg,False
lapanda aligned,200,4,6,10.0,0.001,0.010390217174087179,5.896650410559147e-16,0.021047700196504593,0.007863900158554316,0.0005034999921917915,0.008367400150746107,0.00848799990490079,cg,False
lapanda aligned,200,4,7,10.0,0.001,0.013575136178557101,4.477502941576921e-16,0.016079700086265802,0.004655700176954269,0.0005357000045478344,0.005191400181502104,0.005339799914509058,cg,False
lapanda aligned,200,4,8,10.0,0.001,0.013690834769429115,4.980908288882603e-16,0.009832700248807669,0.005502899643033743,0.0004497002810239792,0.005952599924057722,0.005597500130534172,cg,False
lapanda aligned,200,4,9,10.0,0.001,0.013758000605058565,5.882547927539161e-16,0.014004700351506472,0.0073426999151706696,0.0005241003818809986,0.007866800297051668,0.008091599680483341,cg,False
lapanda aligned,500,0,0,10.0,0.001,0.013117648473947212,4.426750737145756e-16,0.04266569996252656,0.011779699940234423,0.0010973000898957253,0.012877000030130148,0.012803900055587292,cg,False
lapanda aligned,500,0,1,10.0,0.001,0.012998642367586759,5.939153367280045e-16,0.0428780997171998,0.011537800077348948,0.001059800386428833,0.01259760046377778,0.011651600245386362,cg,False
lapanda aligned,500,0,2,10.0,0.001,0.013462555745883256,4.596591808942009e-16,0.04440880008041859,0.012777900323271751,0.0011096000671386719,0.013887500390410423,0.01409090030938387,cg,False
lapanda aligned,500,0,3,10.0,0.001,0.013180500320989401,4.3062226079987338e-16,0.05880020000040531,0.012258099857717752,0.0011885999701917171,0.01344669982790947,0.014346000272780657,cg,False
lapanda aligned,500,0,4,10.0,0.001,0.013054059667676813,4.4690809138595e-16,0.044420700054615736,0.01074719987809658,0.001111800316721201,0.011859000194817781,0.0132835004478693,cg,False
lapanda aligned,500,0,5,10.0,0.001,0.013386444028833844,4.871573535126298e-16,0.050817899871617556,0.013795800041407347,0.0011501000262796879,0.014945900067687035,0.014815600123256445,cg,False
lapanda aligned,500,0,6,10.0,0.001,0.011851197060805556,4.571137222958626e-16,0.05707720015197992,0.015639000106602907,0.0011879997327923775,0.016826999839395285,0.017368999775499105,cg,False
lapanda aligned,500,0,7,10.0,0.001,0.012701963525653294,4.952807398047991e-16,0.05867510009557009,0.014047100208699703,0.0012423000298440456,0.015289400238543749,0.016008300241082907,cg,False
lapanda aligned,500,0,8,10.0,0.001,0.012696085956238062,5.896590691862204e-16,0.03909300034865737,0.012843800242990255,0.0011267000809311867,0.013970500323921442,0.013966100290417671,cg,False
lapanda aligned,500,0,9,10.0,0.001,0.013070853594428795,4.965101664337995e-16,0.04391589993610978,0.013179299887269735,0.001029800157994032,0.014209100045263767,0.01456940034404397,cg,False
lapanda aligned,500,1,0,10.0,0.001,0.013117648473947212,4.426750737145756e-16,0.040775700006634,0.010514999739825726,0.0014865999110043049,0.01200159965083003,0.012113400269299746,cg,False
lapanda aligned,500,1,1,10.0,0.001,0.012998642367586759,5.939153367280045e-16,0.04110219981521368,0.01118809962645173,0.0010683001019060612,0.012256399728357792,0.012213599868118763,cg,False
lapanda aligned,500,1,2,10.0,0.001,0.013462555745883256,4.596591808942009e-16,0.04534620000049472,0.013863199856132269,0.0010814000852406025,0.014944599941372871,0.014474499970674515,cg,False
lapanda aligned,500,1,3,10.0,0.001,0.013180500320989401,4.3062226079987338e-16,0.06057860003784299,0.011928800027817488,0.0010582003742456436,0.012987000402063131,0.013017300050705671,cg,False
lapanda aligned,500,1,4,10.0,0.001,0.013054059667676813,4.4690809138595e-16,0.039983199909329414,0.01050119986757636,0.0022905003279447556,0.012791700195521116,0.01281069964170456,cg,False
lapanda aligned,500,1,5,10.0,0.001,0.013386444028833844,4.871573535126298e-16,0.04912419989705086,0.013168999925255775,0.0011001001112163067,0.014269100036472082,0.014452099800109863,cg,False
lapanda aligned,500,1,6,10.0,0.001,0.011851197060805556,4.571137222958626e-16,0.05851890007033944,0.015571600291877985,0.001061399932950735,0.01663300022482872,0.01629509963095188,cg,False
lapanda aligned,500,1,7,10.0,0.001,0.012701963525653294,4.952807398047991e-16,0.06433960003778338,0.015196299646049738,0.0011459002271294594,0.016342199873179197,0.015806599985808134,cg,False
lapanda aligned,500,1,8,10.0,0.001,0.012696085956238062,5.896590691862204e-16,0.038388899993151426,0.014852900058031082,0.0011237002909183502,0.015976600348949432,0.015155000146478415,cg,False
lapanda aligned,500,1,9,10.0,0.001,0.013070853594428795,4.965101664337995e-16,0.05079160025343299,0.015627100132405758,0.0010516997426748276,0.016678799875080585,0.015882699750363827,cg,False
lapanda aligned,500,2,0,10.0,0.001,0.013117648473947212,4.426750737145756e-16,0.04384029982611537,0.011868699919432402,0.0011486997827887535,0.013017399702221155,0.012254100292921066,cg,False
lapanda aligned,500,2,1,10.0,0.001,0.012998642367586759,5.939153367280045e-16,0.041731299832463264,0.010827499907463789,0.0010914001613855362,0.011918900068849325,0.012337100226432085,cg,False
lapanda aligned,500,2,2,10.0,0.001,0.013462555745883256,4.596591808942009e-16,0.04850719962269068,0.013871300034224987,0.0011025001294910908,0.014973800163716078,0.015024200081825256,cg,False
lapanda aligned,500,2,3,10.0,0.001,0.013180500320989401,4.3062226079987338e-16,0.06362280016764998,0.011645699851214886,0.0011040996760129929,0.012749799527227879,0.013511399738490582,cg,False
lapanda aligned,500,2,4,10.0,0.001,0.013054059667676813,4.4690809138595e-16,0.04965330008417368,0.011084300000220537,0.001138600055128336,0.012222900055348873,0.011868500150740147,cg,False
lapanda aligned,500,2,5,10.0,0.001,0.013386444028833844,4.871573535126298e-16,0.04928140016272664,0.013867900241166353,0.0011934000067412853,0.015061300247907639,0.015004500281065702,cg,False
lapanda aligned,500,2,6,10.0,0.001,0.011851197060805556,4.571137222958626e-16,0.06464300025254488,0.01572880009189248,0.0011148001067340374,0.016843600198626518,0.01765609998255968,cg,False
lapanda aligned,500,2,7,10.0,0.001,0.012701963525653294,4.952807398047991e-16,0.06323849968612194,0.015333000104874372,0.001178900245577097,0.01651190035045147,0.01631740015000105,cg,False
lapanda aligned,500,2,8,10.0,0.001,0.012696085956238062,5.896590691862204e-16,0.03750189999118447,0.014662300236523151,0.00316169997677207,0.01782400021329522,0.017435799818485975,cg,False
lapanda aligned,500,2,9,10.0,0.001,0.013070853594428795,4.965101664337995e-16,0.04646149976179004,0.014668899588286877,0.001115699764341116,0.015784599352627993,0.015991699881851673,cg,False
lapanda aligned,500,3,0,10.0,0.001,0.013117648473947212,4.426750737145756e-16,0.05328139988705516,0.010473399888724089,0.001075000036507845,0.011548399925231934,0.012175700161606073,cg,False
lapanda aligned,500,3,1,10.0,0.001,0.012998642367586759,5.939153367280045e-16,0.043174199759960175,0.01127070002257824,0.0010575000196695328,0.012328200042247772,0.011773500125855207,cg,False
lapanda aligned,500,3,2,10.0,0.001,0.013462555745883256,4.596591808942009e-16,0.04461519978940487,0.01308130007237196,0.0012980001047253609,0.01437930017709732,0.015806700102984905,cg,False
lapanda aligned,500,3,3,10.0,0.001,0.013180500320989401,4.3062226079987338e-16,0.05612060008570552,0.011594100389629602,0.0010444000363349915,0.012638500425964594,0.012392799835652113,cg,False
lapanda aligned,500,3,4,10.0,0.001,0.013054059667676813,4.4690809138595e-16,0.04082479979842901,0.010668400209397078,0.0012511997483670712,0.011919599957764149,0.01180560002103448,cg,False
lapanda aligned,500,3,5,10.0,0.001,0.013386444028833844,4.871573535126298e-16,0.05574830016121268,0.013679500203579664,0.0012984001077711582,0.014977900311350822,0.014697799924761057,cg,False
lapanda aligned,500,3,6,10.0,0.001,0.011851197060805556,4.571137222958626e-16,0.06094549968838692,0.018188599962741137,0.0011221999302506447,0.01931079989299178,0.017769800033420324,cg,False
lapanda aligned,500,3,7,10.0,0.001,0.012701963525653294,4.952807398047991e-16,0.06197160016745329,0.01566090015694499,0.0012969998642802238,0.016957900021225214,0.015778400003910065,cg,False
lapanda aligned,500,3,8,10.0,0.001,0.012696085956238062,5.896590691862204e-16,0.035496500320732594,0.01350490003824234,0.0010945000685751438,0.014599400106817484,0.014366799965500832,cg,False
lapanda aligned,500,3,9,10.0,0.001,0.013070853594428795,4.965101664337995e-16,0.056685800198465586,0.012826300226151943,0.0010672998614609241,0.013893600087612867,0.015292900148779154,cg,False
lapanda aligned,500,4,0,10.0,0.001,0.013117648473947212,4.426750737145756e-16,0.044756799936294556,0.011840900406241417,0.0011983998119831085,0.013039300218224525,0.013757799752056599,cg,False
lapanda aligned,500,4,1,10.0,0.001,0.012998642367586759,5.939153367280045e-16,0.0432243999093771,0.012430300004780293,0.0011054002679884434,0.013535700272768736,0.01253500021994114,cg,False
lapanda aligned,500,4,2,10.0,0.001,0.013462555745883256,4.596591808942009e-16,0.045280799735337496,0.013382900040596724,0.0011746999807655811,0.014557600021362305,0.015852800104767084,cg,False
lapanda aligned,500,4,3,10.0,0.001,0.013180500320989401,4.3062226079987338e-16,0.060555600095540285,0.012271800078451633,0.00106489984318614,0.013336699921637774,0.012816700153052807,cg,False
lapanda aligned,500,4,4,10.0,0.001,0.013054059667676813,4.4690809138595e-16,0.045884800143539906,0.01209229975938797,0.001125900074839592,0.013218199834227562,0.012523800134658813,cg,False
lapanda aligned,500,4,5,10.0,0.001,0.013386444028833844,4.871573535126298e-16,0.052295499946922064,0.014265799894928932,0.0011276998557150364,0.015393499750643969,0.020109899807721376,cg,False
lapanda aligned,500,4,6,10.0,0.001,0.011851197060805556,4.571137222958626e-16,0.07107229996472597,0.015565000008791685,0.0010621999390423298,0.016627199947834015,0.017377600073814392,cg,False
lapanda aligned,500,4,7,10.0,0.001,0.012701963525653294,4.952807398047991e-16,0.05707600014284253,0.014332400169223547,0.001142200082540512,0.015474600251764059,0.015631099697202444,cg,False
lapanda aligned,500,4,8,10.0,0.001,0.012696085956238062,5.896590691862204e-16,0.03447000030428171,0.013246700167655945,0.0010887999087572098,0.014335500076413155,0.01421999977901578,cg,False
lapanda aligned,500,4,9,10.0,0.001,0.013070853594428795,4.965101664337995e-16,0.04371309978887439,0.012935500126332045,0.0011474001221358776,0.014082900248467922,0.01513239974156022,cg,False
lapanda aligned,1000,0,0,10.0,0.001,0.012459758350788816,4.089142691992002e-16,0.1572885001078248,0.0287474999204278,0.0028527001850306988,0.0316002001054585,0.032728500198572874,cg,False
lapanda aligned,1000,0,1,10.0,0.001,0.01246017645786313,4.2070094706724416e-16,0.22868230007588863,0.04589209984987974,0.0035093999467790127,0.049401499796658754,0.050823400262743235,cg,False
lapanda aligned,1000,0,2,10.0,0.001,0.0125479434332765,3.7160201437056334e-16,0.33034970005974174,0.03251679986715317,0.0033313999883830547,0.03584819985553622,0.03591670002788305,cg,False
lapanda aligned,1000,0,3,10.0,0.001,0.0122720931944391,3.942653713946755e-16,0.24002980021759868,0.03456699987873435,0.0034793000668287277,0.03804629994556308,0.03837540000677109,cg,False
lapanda aligned,1000,0,4,10.0,0.001,0.012485635699744792,3.8487834880923557e-16,0.14525689976289868,0.02879600040614605,0.0028882999904453754,0.031684300396591425,0.03225849987939,cg,False
lapanda aligned,1000,0,5,10.0,0.001,0.012469007165395408,4.973115233562608e-16,0.12986249988898635,0.028605200350284576,0.0028219004161655903,0.03142710076645017,0.03150840010493994,cg,False
lapanda aligned,1000,0,6,10.0,0.001,0.011283906422743413,3.8874899198657505e-16,0.29548530001193285,0.04220150038599968,0.0027076001279056072,0.04490910051390529,0.04676949977874756,cg,False
lapanda aligned,1000,0,7,10.0,0.001,0.01247589824999548,4.050728436431927e-16,0.17039939993992448,0.037488500121980906,0.0037911003455519676,0.04127960046753287,0.04174879984930158,cg,False
lapanda aligned,1000,0,8,10.0,0.001,0.012628802313590886,3.933907817358792e-16,0.14092639973387122,0.030272099655121565,0.0030408999882638454,0.03331299964338541,0.03215360036119819,cg,False
lapanda aligned,1000,0,9,10.0,0.001,0.012494405185764586,4.391912000061684e-16,0.18700090004131198,0.028588800225406885,0.0027747000567615032,0.03136350028216839,0.030754600185900927,cg,False
lapanda aligned,1000,1,0,10.0,0.001,0.012459758350788816,4.089142691992002e-16,0.1550488001666963,0.028912500012665987,0.002959500066936016,0.031872000079602,0.03118970012292266,cg,False
lapanda aligned,1000,1,1,10.0,0.001,0.01246017645786313,4.2070094706724416e-16,0.2223475002683699,0.044710599817335606,0.0030293003655970097,0.047739900182932615,0.04873650008812547,cg,False
lapanda aligned,1000,1,2,10.0,0.001,0.0125479434332765,3.7160201437056334e-16,0.33526060031726956,0.029645700007677078,0.0026938999071717262,0.032339599914848804,0.03224519966170192,cg,False
lapanda aligned,1000,1,3,10.0,0.001,0.0122720931944391,3.942653713946755e-16,0.23468359978869557,0.039112200029194355,0.0029020002111792564,0.04201420024037361,0.040507799945771694,cg,False
lapanda aligned,1000,1,4,10.0,0.001,0.012485635699744792,3.8487834880923557e-16,0.15545149985700846,0.030747499782592058,0.0034074997529387474,0.034154999535530806,0.03618959989398718,cg,False
lapanda aligned,1000,1,5,10.0,0.001,0.012469007165395408,4.973115233562608e-16,0.1252986998297274,0.029219099786132574,0.0027406997978687286,0.0319597995840013,0.03148079989477992,cg,False
lapanda aligned,1000,1,6,10.0,0.001,0.011283906422743413,3.8874899198657505e-16,0.2875186000019312,0.03998890006914735,0.0028837001882493496,0.0428726002573967,0.045376399997621775,cg,False
lapanda aligned,1000,1,7,10.0,0.001,0.01247589824999548,4.050728436431927e-16,0.15507519990205765,0.034214699640870094,0.002544100396335125,0.03675880003720522,0.03703270014375448,cg,False
lapanda aligned,1000,1,8,10.0,0.001,0.012628802313590886,3.933907817358792e-16,0.13421379961073399,0.028852700255811214,0.002521299757063389,0.0313740000128746,0.03174259979277849,cg,False
lapanda aligned,1000,1,9,10.0,0.001,0.012494405185764586,4.391912000061684e-16,0.1810707999393344,0.030347599647939205,0.0027846000157296658,0.03313219966366887,0.03368359990417957,cg,False
lapanda aligned,1000,2,0,10.0,0.001,0.012459758350788816,4.089142691992002e-16,0.17007509991526604,0.03150339983403683,0.0030998997390270233,0.03460329957306385,0.03734740009531379,cg,False
lapanda aligned,1000,2,1,10.0,0.001,0.01246017645786313,4.2070094706724416e-16,0.2445187997072935,0.04838870000094175,0.0027705999091267586,0.05115929991006851,0.047663799952715635,cg,False
lapanda aligned,1000,2,2,10.0,0.001,0.0125479434332765,3.7160201437056334e-16,0.31022239988669753,0.029375700280070305,0.004363199695944786,0.03373889997601509,0.03416839987039566,cg,False
lapanda aligned,1000,2,3,10.0,0.001,0.0122720931944391,3.942653713946755e-16,0.21363819995895028,0.03411309979856014,0.0027784998528659344,0.03689159965142608,0.03622859995812178,cg,False
lapanda aligned,1000,2,4,10.0,0.001,0.012485635699744792,3.8487834880923557e-16,0.1400856003165245,0.029302299953997135,0.002634800039231777,0.03193709999322891,0.032246300019323826,cg,False
lapanda aligned,1000,2,5,10.0,0.001,0.012469007165395408,4.973115233562608e-16,0.12391809979453683,0.030075200367718935,0.003158099949359894,0.03323330031707883,0.03160989983007312,cg,False
lapanda aligned,1000,2,6,10.0,0.001,0.011283906422743413,3.8874899198657505e-16,0.3098407997749746,0.05070609971880913,0.0034873997792601585,0.054193499498069286,0.04623520001769066,cg,False
lapanda aligned,1000,2,7,10.0,0.001,0.01247589824999548,4.050728436431927e-16,0.16089180018752813,0.037012599874287844,0.003239199984818697,0.04025179985910654,0.036932799965143204,cg,False
lapanda aligned,1000,2,8,10.0,0.001,0.012628802313590886,3.933907817358792e-16,0.1326751997694373,0.03140420001000166,0.002545699942857027,0.033949899952858686,0.032041499856859446,cg,False
lapanda aligned,1000,2,9,10.0,0.001,0.012494405185764586,4.391912000061684e-16,0.1877733999863267,0.028804800007492304,0.0035139000974595547,0.03231870010495186,0.030451999977231026,cg,False
lapanda aligned,1000,3,0,10.0,0.001,0.012459758350788816,4.089142691992002e-16,0.16414389992132783,0.02963099954649806,0.0030077998526394367,0.0326387993991375,0.032565100118517876,cg,False
lapanda aligned,1000,3,1,10.0,0.001,0.01246017645786313,4.2070094706724416e-16,0.22428640024736524,0.044491199776530266,0.004346400033682585,0.04883759981021285,0.049279299564659595,cg,False
lapanda aligned,1000,3,2,10.0,0.001,0.0125479434332765,3.7160201437056334e-16,0.32773320004343987,0.04114029975607991,0.0027163997292518616,0.043856699485331774,0.03829719964414835,cg,False
lapanda aligned,1000,3,3,10.0,0.001,0.0122720931944391,3.942653713946755e-16,0.2267828001640737,0.03419460030272603,0.003364100120961666,0.037558700423687696,0.03767240000888705,cg,False
lapanda aligned,1000,3,4,10.0,0.001,0.012485635699744792,3.8487834880923557e-16,0.1373994001187384,0.03116529993712902,0.003931500017642975,0.035096799954771996,0.03323240019381046,cg,False
lapanda aligned,1000,3,5,10.0,0.001,0.012469007165395408,4.973115233562608e-16,0.12602850003167987,0.028952999971807003,0.002691099885851145,0.03164409985765815,0.03184569999575615,cg,False
lapanda aligned,1000,3,6,10.0,0.001,0.011283906422743413,3.8874899198657505e-16,0.28574510011821985,0.0411727000027895,0.002841399982571602,0.0440140999853611,0.04418819956481457,cg,False
lapanda aligned,1000,3,7,10.0,0.001,0.01247589824999548,4.050728436431927e-16,0.159960700199008,0.03378030005842447,0.0026374999433755875,0.03641780000180006,0.03678009985014796,cg,False
lapanda aligned,1000,3,8,10.0,0.001,0.012628802313590886,3.933907817358792e-16,0.1425768998451531,0.03570410003885627,0.0032793995924293995,0.03898349963128567,0.03479430032894015,cg,False
lapanda aligned,1000,3,9,10.0,0.001,0.012494405185764586,4.391912000061684e-16,0.20045839995145798,0.031466399785131216,0.00267999991774559,0.034146399702876806,0.0315545997582376,cg,False
lapanda aligned,1000,4,0,10.0,0.001,0.012459758350788816,4.089142691992002e-16,0.15746410004794598,0.02852059993892908,0.0029418999329209328,0.031462499871850014,0.03209730004891753,cg,False
lapanda aligned,1000,4,1,10.0,0.001,0.01246017645786313,4.2070094706724416e-16,0.22271799994632602,0.04593779984861612,0.0030338000506162643,0.04897159989923239,0.05067429970949888,cg,False
lapanda aligned,1000,4,2,10.0,0.001,0.0125479434332765,3.7160201437056334e-16,0.3201807998120785,0.032686099875718355,0.002906200010329485,0.03559229988604784,0.033650100231170654,cg,False
lapanda aligned,1000,4,3,10.0,0.001,0.0122720931944391,3.942653713946755e-16,0.22507730033248663,0.03461150033399463,0.0030486001633107662,0.03766010049730539,0.039370300248265266,cg,False
lapanda aligned,1000,4,4,10.0,0.001,0.012485635699744792,3.8487834880923557e-16,0.15466869994997978,0.031102600041776896,0.002668000292032957,0.03377060033380985,0.03277719998732209,cg,False
lapanda aligned,1000,4,5,10.0,0.001,0.012469007165395408,4.973115233562608e-16,0.14126789988949895,0.03189409989863634,0.0027244999073445797,0.03461859980598092,0.03416119981557131,cg,False
lapanda aligned,1000,4,6,10.0,0.001,0.011283906422743413,3.8874899198657505e-16,0.2942427000962198,0.04298759996891022,0.0034036999568343163,0.046391299925744534,0.045226499903947115,cg,False
lapanda aligned,1000,4,7,10.0,0.001,0.01247589824999548,4.050728436431927e-16,0.17133470019325614,0.03606930002570152,0.0027278997004032135,0.038797199726104736,0.039044799748808146,cg,False
lapanda aligned,1000,4,8,10.0,0.001,0.012628802313590886,3.933907817358792e-16,0.13386989990249276,0.029649099800735712,0.0029904996044933796,0.03263959940522909,0.03261470003053546,cg,False
lapanda aligned,1000,4,9,10.0,0.001,0.012494405185764586,4.391912000061684e-16,0.1789781004190445,0.026861899998039007,0.0025800997391343117,0.02944199973717332,0.030250899959355593,cg,False
