step,model,device,forward_time_ms,backward_time_ms,value_grad_time_ms,forward_time_sec,backward_time_sec,value_grad_time_sec,loss,loss_u,loss_x,constraint_violation_inf,solve_convergence_error,sqp_num_iter
0,quadrotor,cpu,24.705718038603663,11.755009880289435,36.4607279188931,0.024705718038603663,0.011755009880289435,0.0364607279188931,308.2776976839517,298.02232810247756,10.255369581474135,1.4655409241726147e-07,0.00033321787251461315,9
1,quadrotor,cpu,16.511705005541444,15.452725114300847,31.96443011984229,0.016511705005541444,0.015452725114300847,0.03196443011984229,266.3849501164203,256.22137892970613,10.163571186714186,0.0002713526260996191,0.0006625699512361471,5
2,quadrotor,cpu,52.81474185176194,24.6879521291703,77.50269398093224,0.05281474185176194,0.0246879521291703,0.07750269398093224,242.45817368506223,232.49677005312668,9.96140363193555,0.007526361542977311,0.007573388607544251,50
3,quadrotor,cpu,66.22091098688543,5.873356014490128,72.09426700137556,0.06622091098688543,0.0058733560144901276,0.07209426700137556,241.15341157098683,231.18729557865586,9.96611599233097,0.00018603069897860092,0.000990892975041846,22
4,quadrotor,cpu,43.941579991951585,6.224543089047074,50.16612308099866,0.043941579991951585,0.006224543089047074,0.05016612308099866,229.84038752424783,220.0830099822519,9.757377541995922,2.8998964416715456e-05,0.0007310903536197622,13
5,quadrotor,cpu,53.388711996376514,9.520496940240264,62.90920893661678,0.053388711996376514,0.009520496940240264,0.06290920893661678,178.61951917361841,168.72790710919168,9.891612064426731,0.00023165904403238402,0.0009737230161810384,17
6,quadrotor,cpu,73.78738117404282,2.3895599879324436,76.17694116197526,0.07378738117404282,0.0023895599879324436,0.07617694116197526,130.9480256576587,121.02570929414,9.922316363518682,0.00048736128763382514,0.0009298378981104083,28
7,quadrotor,cpu,83.27774005010724,5.204153945669532,88.48189399577677,0.08327774005010724,0.005204153945669532,0.08848189399577677,87.08396843623818,77.55387668251248,9.530091753725705,0.00400381003470035,0.004076726428797084,50
8,quadrotor,cpu,75.26778802275658,8.199538802728057,83.46732682548463,0.07526778802275658,0.008199538802728057,0.08346732682548463,66.98413370231158,58.23869986036562,8.745433841945959,0.004879298755237627,0.004915061735985715,50
9,quadrotor,cpu,34.104702062904835,6.256163120269775,40.36086518317461,0.034104702062904835,0.006256163120269775,0.04036086518317461,62.239326427040595,54.50765421734294,7.73167220969766,0.005628013478827465,0.0056304928076924,50
10,quadrotor,cpu,34.79441301897168,3.291275817900896,38.08568883687258,0.03479441301897168,0.003291275817900896,0.03808568883687258,60.242378641170845,53.59550750204798,6.646871139122865,0.005617038664432583,0.005617038357853044,50
11,quadrotor,cpu,27.20589516684413,1.8166147638112307,29.02250993065536,0.02720589516684413,0.0018166147638112307,0.02902250993065536,54.852729791224284,49.12881520418501,5.723914587039277,0.005611413620246586,0.005611378512280274,50
12,quadrotor,cpu,7.693540072068572,13.441442977637053,21.134983049705625,0.007693540072068572,0.013441442977637053,0.021134983049705625,45.2630343132789,40.2146955995229,5.048338713756,0.0,0.00012622235433923298,4
13,quadrotor,cpu,9.761994006112218,18.56350083835423,28.325494844466448,0.009761994006112218,0.01856350083835423,0.028325494844466448,33.82287575560067,29.20811643582632,4.614759319774348,0.0,8.931215638208201e-05,4
14,quadrotor,cpu,7.843940984457731,17.177639063447714,25.021580047905445,0.007843940984457731,0.017177639063447714,0.025021580047905445,23.30950003279394,18.960977160819787,4.348522871974155,0.0,5.356383671140108e-05,4
15,quadrotor,cpu,8.578262059018016,58.14052606001496,66.71878811903298,0.008578262059018016,0.05814052606001496,0.06671878811903298,15.271206240094381,11.098648481232711,4.17255775886167,0.0,7.273228399379446e-05,4
16,quadrotor,cpu,14.318449888378382,8.418090175837278,22.73654006421566,0.014318449888378382,0.008418090175837278,0.02273654006421566,10.06338181506857,6.033715194418149,4.029666620650422,0.0,2.789187773466484e-05,4
17,quadrotor,cpu,8.080207975581288,5.024404032155871,13.10461200773716,0.008080207975581288,0.005024404032155871,0.01310461200773716,7.1451092255545685,3.263022281686859,3.882086943867709,0.0,2.1320357358245445e-05,4
18,quadrotor,cpu,22.053209831938148,5.741950357332826,27.795160189270973,0.022053209831938148,0.005741950357332826,0.027795160189270973,5.7705289416817,2.0558144684858903,3.7147144731958104,0.0009957908359299328,0.0009957908359299328,16
19,quadrotor,cpu,11.122016003355384,72.2996958065778,83.42171180993319,0.011122016003355384,0.0722996958065778,0.08342171180993319,5.205525628576451,1.6814996187311053,3.5240260098453455,0.0007872256419001467,0.0007872256419001467,5
20,quadrotor,cpu,11.835988843813539,76.04857720434666,87.8845660481602,0.011835988843813539,0.07604857720434666,0.0878845660481602,4.925704033616537,1.6093982379202698,3.316305795696267,0.00014291088426432452,0.00019354161350354504,4
21,quadrotor,cpu,10.883229086175561,59.57684898748994,70.4600780736655,0.010883229086175561,0.05957684898748994,0.0704600780736655,4.641006683489691,1.5468006611211815,3.0942060223685086,0.0004858429652716545,0.0004858429652716545,4
22,quadrotor,cpu,21.094273077324033,0.36771385930478573,21.46198693662882,0.021094273077324033,0.00036771385930478573,0.02146198693662882,4.26717718174495,1.4061802493921216,2.860996932352829,0.0007726019788383276,0.0007726019788383276,9
23,quadrotor,cpu,16.36613393202424,7.865229854360223,24.231363786384463,0.01636613393202424,0.007865229854360223,0.024231363786384463,3.8102802395337143,1.1894909113761345,2.6207893281575796,0.000801837832966612,0.000801837832966612,9
24,quadrotor,cpu,10.91940887272358,7.352318149060011,18.27172702178359,0.01091940887272358,0.007352318149060011,0.01827172702178359,3.32338466310207,0.9461286401096529,2.377256022992417,0.0009702908158437662,0.0009702908158437662,4
25,quadrotor,cpu,10.697497986257076,6.682093953713775,17.37959193997085,0.010697497986257076,0.006682093953713775,0.01737959193997085,2.850437380047675,0.7157866802928009,2.134650699754874,0.0008864820872929169,0.0008864820872929169,4
26,quadrotor,cpu,19.91581288166344,0.5132320802658796,20.42904496192932,0.01991581288166344,0.0005132320802658796,0.02042904496192932,2.407539126667558,0.5096497272206092,1.897889399446949,0.0009448815866008875,0.0009448815866008875,6
27,quadrotor,cpu,12.580480892211199,8.49118223413825,21.07166312634945,0.012580480892211199,0.00849118223413825,0.02107166312634945,2.028797088951677,0.3520051079410428,1.6767919810106344,0.0009596823885569261,0.0009596823885569261,6
28,quadrotor,cpu,11.067085899412632,7.3793800547719,18.446465954184532,0.011067085899412632,0.0073793800547719,0.018446465954184532,1.7076075209321122,0.23921685250400285,1.4683906684281094,0.0009544830928807091,0.0009544830928807091,4
29,quadrotor,cpu,10.775758884847164,7.047830149531364,17.82358903437853,0.010775758884847164,0.0070478301495313644,0.01782358903437853,1.435955707042165,0.16087366907134376,1.2750820379708212,0.0008865505103941018,0.0008865505103941018,5
30,quadrotor,cpu,13.962019002065063,2.4364988785237074,16.39851788058877,0.013962019002065063,0.0024364988785237074,0.01639851788058877,1.210010070392298,0.10963097985293226,1.1003790905393658,0.0009368622261760606,0.0009368622261760606,3
31,quadrotor,cpu,6.800175877287984,4.103959072381258,10.904134949669242,0.006800175877287984,0.004103959072381258,0.010904134949669242,1.0148923398382494,0.07422679223325038,0.940665547604999,0.0008126730216813094,0.0008126730216813094,2
32,quadrotor,cpu,12.826116988435388,7.770814001560211,20.5969309899956,0.012826116988435388,0.007770814001560211,0.0205969309899956,0.8514992878613018,0.05286287375655274,0.7986364141047491,0.0009704773642023046,0.0009704773642023046,12
33,quadrotor,cpu,6.686009932309389,4.17042407207191,10.856434004381299,0.006686009932309389,0.00417042407207191,0.010856434004381299,0.7110583124933723,0.03864307217958334,0.672415240313789,0.0004267363714156591,0.0004267363714156591,2
34,quadrotor,cpu,7.543155923485756,3.527222201228142,11.070378124713898,0.007543155923485756,0.003527222201228142,0.011070378124713898,0.5880748471160511,0.027601118998191093,0.56047372811786,0.0002116709796335936,0.0002116709796335936,2
35,quadrotor,cpu,10.187986074015498,2.945618936792016,13.133605010807514,0.010187986074015498,0.002945618936792016,0.013133605010807514,0.4832697802755087,0.02067318605069392,0.4625965942248148,0.0009298904563523891,0.0009298904563523891,4
36,quadrotor,cpu,33.75403699465096,3.524889936670661,37.27892693132162,0.03375403699465096,0.003524889936670661,0.03727892693132162,0.3933308972246976,0.014852167328868867,0.37847872989582876,0.0009834553573817573,0.0009834553573817573,49
37,quadrotor,cpu,10.632581077516079,5.341836018487811,15.97441709600389,0.010632581077516079,0.005341836018487811,0.01597441709600389,0.31802805429596426,0.01077895917212223,0.307249095123842,0.0008763940892440036,0.0008763940892440036,4
38,quadrotor,cpu,11.350234039127827,5.189880961552262,16.54011500068009,0.011350234039127827,0.005189880961552262,0.01654011500068009,0.25869784868695556,0.010834935788684778,0.24786291289827078,0.0009137284024633985,0.0009137284024633985,6
39,quadrotor,cpu,9.796139085665345,3.80775798112154,13.603897066786885,0.009796139085665345,0.00380775798112154,0.013603897066786885,0.20830191490110758,0.00960238430058701,0.19869953060052056,0.0009844473954512267,0.0009844473954512267,4
40,quadrotor,cpu,7.022041827440262,3.3027289900928736,10.324770817533135,0.007022041827440262,0.0033027289900928736,0.010324770817533135,0.16439148085076927,0.006343105391578224,0.15804837545919104,0.0007272618562892408,0.0007272618562892408,2
41,quadrotor,cpu,6.296380888670683,3.9699841290712357,10.266365017741919,0.006296380888670683,0.003969984129071236,0.010266365017741919,0.13038031302760944,0.005387642346786314,0.12499267068082312,0.0007167263951037839,0.0007167263951037839,2
42,quadrotor,cpu,5.198419094085693,3.3853817731142044,8.583800867199898,0.005198419094085693,0.0033853817731142044,0.008583800867199898,0.10308521348028837,0.005014535835790417,0.09807067764449795,0.0005378430818256952,0.0009395578763940447,1
43,quadrotor,cpu,6.001428002491593,3.986894153058529,9.988322155550122,0.006001428002491593,0.003986894153058529,0.009988322155550122,0.08090138990699172,0.004689786591098321,0.0762116033158934,0.00030409868476355406,0.00030409868476355406,2
44,quadrotor,cpu,6.399920908734202,3.3905270975083113,9.790448006242514,0.006399920908734202,0.0033905270975083113,0.009790448006242514,0.06317067936008028,0.004388597464229275,0.058782081895851,0.0002749223049043348,0.0002749223049043348,2
45,quadrotor,cpu,5.939223105087876,3.5374779254198074,9.476701030507684,0.005939223105087876,0.0035374779254198074,0.009476701030507684,0.05038488662161011,0.004927750372732778,0.04545713624887733,0.00026296826281058117,0.00026296826281058117,2
46,quadrotor,cpu,5.687515018507838,6.905426038429141,12.59294105693698,0.005687515018507838,0.006905426038429141,0.01259294105693698,0.03870221251418615,0.004220339657493464,0.034481872856692686,0.0003073984145300912,0.0003073984145300912,2
47,quadrotor,cpu,6.148407002910972,2.9137120582163334,9.062119061127305,0.006148407002910972,0.0029137120582163334,0.009062119061127305,0.029461042001440875,0.0037016122316437324,0.025759429769797143,0.0003381659456653807,0.0003381659456653807,2
48,quadrotor,cpu,6.114566931501031,3.385139163583517,9.499706095084548,0.006114566931501031,0.003385139163583517,0.009499706095084548,0.02243714948099772,0.0033782285992945494,0.019058920881703172,0.000360691863941609,0.000360691863941609,2
49,quadrotor,cpu,6.022176938131452,3.027163213118911,9.049340151250362,0.006022176938131452,0.003027163213118911,0.009049340151250362,0.016200020365727277,0.0021072977373027546,0.014092722628424523,0.00037157186036052003,0.00037157186036052003,2
