step,state,first_control,objective,constraint_violation_inf,forward_time_sec,backward_time_sec,barrier_fallback
0,"[-1.0, 1.25]","[3.00000002812449, 0.6000001696922347]",88.63320559952497,9.884327328846254e-09,0.04944159998558462,0.011249200004385784,0
1,"[-0.8499999985937755, 1.2800000084846117]","[3.000000029466458, -2.187553227119338]",66.95327740556884,9.97497690002902e-09,0.030128000013064593,0.01194619998568669,0
2,"[-0.6999999971204526, 1.1706223471286448]","[3.0000000292489237, -3.000000023768969]",50.36545964470986,9.974975206938907e-09,0.039849799999501556,0.014291800005594268,0
3,"[-0.5499999956580064, 1.0206223459401962]","[3.0000000295636102, -3.0000000288707516]",36.94939417093136,9.990921451263901e-09,0.03087059999234043,0.013968799990834668,0
4,"[-0.39999999417982585, 0.8706223444966585]","[3.0000000273981566, -3.0000000278468395]",26.200651943688865,9.974974263249337e-09,0.03525059999083169,0.01598949998151511,0
5,"[-0.249999992809918, 0.7206223431043166]","[2.986350603643205, -3.0000000282924084]",17.872510726882002,9.974973846915702e-09,0.02779950000694953,0.012919300002977252,0
6,"[-0.10068246262775776, 0.5706223416896962]","[3.0000000273191834, -1.835470179514957]",11.680755314873762,0.0,0.026880399993387982,0.011973100015893579,0
7,"[0.04931753873820142, 0.47884883271394835]","[3.0000000237703914, -3.000000000936503]",7.403790998285212,0.0,0.035251099994638935,0.012524199992185459,0
8,"[0.199317539926721, 0.32884883266712317]","[3.0000000178493353, -3.000000023635204]",4.657345794372984,0.0,0.028070100001059473,0.012677599996095523,0
9,"[0.3493175408191878, 0.17884883148536296]","[2.010340671102876, -3.000000008871788]",2.9178156498200454,0.0,0.031844999990426004,0.0130217999976594,0
10,"[0.4498345743743316, 0.028848831041773545]","[1.424449521794565, -2.9999999914430027]",1.8921775766757003,0.0,0.02767800001311116,0.013324800005648285,0
11,"[0.5210570504640599, -0.12115116853037661]","[1.2609345631735827, -2.9999998455778676]",1.1618797263043579,0.0,0.03249949999735691,0.012650799995753914,0
12,"[0.5841037786227391, -0.27115116080927]","[1.006039168406574, -2.3635682144472927]",0.6193651095280537,0.0,0.028247899987036362,0.011691200023051351,0
13,"[0.6344057370430678, -0.3893295715316346]","[0.728001183441907, -1.6585197063753188]",0.30342731824899194,0.0,0.029663900000741705,0.012806100014131516,0
14,"[0.6708057962151631, -0.47225555685040055]","[0.508988040565703, -1.1480526885503108]",0.1444664578709107,0.0,0.03011049999622628,0.012258500006282702,0
15,"[0.6962551982434483, -0.529658191277916]","[0.34982051889745613, -0.785618566577048]",0.06732290004708925,0.0,0.03000860000611283,0.012905800016596913,0
16,"[0.7137462241883211, -0.5689391196067685]","[0.23794799921755444, -0.5330717545208931]",0.030894564759635642,0.0,0.030147300014505163,0.013108500017551705,0
17,"[0.7256436241491989, -0.5955927073328131]","[0.16075541582635378, -0.3595695782192173]",0.014026211396816863,0.0,0.02890439998009242,0.012229400017531589,0
18,"[0.7336813949405165, -0.613571186243774]","[0.10810961475900131, -0.2415552025293209]",0.0063211918713280985,0.0,0.02853700000559911,0.012022300012176856,0
19,"[0.7390868756784666, -0.62564894637024]","[0.0724803070148241, -0.16182799838077472]",0.002834556429575151,0.0,0.02884710000944324,0.01233880000654608,0
20,"[0.7427108910292078, -0.6337403462892788]","[0.048491665849593295, -0.108214016749447]",0.0012668093155649403,0.0,0.03395859999000095,0.011836900026537478,0
21,"[0.7451354743216876, -0.6391510471267511]","[0.03239645340387433, -0.07227145516776601]",0.000564899946626996,0.0,0.0335956999915652,0.013783599977614358,0
22,"[0.7467552969918813, -0.6427646198851393]","[0.02162233254547198, -0.048225131329884346]",0.0002515475542754429,0.0,0.027980800019577146,0.0135180999932345,0
23,"[0.7478364136191549, -0.6451758764516335]","[0.014421114264274778, -0.03215921649609961]",0.0001119286603260157,0.0,0.03425960001186468,0.014056999993044883,0
24,"[0.7485574693323686, -0.6467838372764385]","[0.009612555272585479, -0.021434180583718387]",4.980027865433799e-05,0.0,0.028957200003787875,0.014553999993950129,0
25,"[0.7490380970959978, -0.6478555463056244]","[0.006403325908776767, -0.014277687420776083]",2.217851693737178e-05,0.0,0.0294440999859944,0.01298329999553971,0
26,"[0.7493582633914366, -0.6485694306766632]","[0.0042617031801001045, -0.009502714021511989]",9.905787308099998e-06,0.0,0.03285170000162907,0.012954100006027147,0
27,"[0.7495713485504416, -0.6490445663777388]","[0.0028319750627057087, -0.006315592304342734]",4.455509266467425e-06,0.0,0.029134000011254102,0.01327499997569248,0
28,"[0.7497129473035768, -0.6493603459929559]","[0.0018764866086554007, -0.004186326470371313]",2.0361947378580414e-06,0.0,0.028723399998852983,0.012981600011698902,0
29,"[0.7498067716340096, -0.6495696623164744]","[0.0012366567751253567, -0.002761516002482793]",9.62904326004401e-07,0.0,0.029938499996205792,0.01290470000822097,0
30,"[0.7498686044727658, -0.6497077381165985]","[0.0008069185016319025, -0.0018061722188469516]",4.871222439246532e-07,0.0,0.029102399974362925,0.012996999983442947,0
31,"[0.7499089503978474, -0.6497980467275409]","[0.0005175021865380015, -0.0011648955059126763]",2.763882663367467e-07,0.0,0.03192969999508932,0.012892800004919991,0
32,"[0.7499348255071744, -0.6498562915028366]","[0.0003232443682426809, -0.0007358265239782912]",1.8305481878951366e-07,0.0,0.029269800026668236,0.013737099972786382,0
33,"[0.7499509877255865, -0.6498930828290356]","[0.00019541693042397594, -0.00045255674995463334]",1.4158005461940265e-07,0.0,0.02771170000778511,0.013189999997848645,0
34,"[0.7499607585721078, -0.6499157106665333]","[0.00011448433374442108, -0.00027052492926261533]",1.2293063624094488e-07,0.0,0.02914590001455508,0.012945599999511614,0
35,"[0.749966482788795, -0.6499292369129964]","[6.548403042642566e-05, -0.00015768186067842172]",1.1433078197490913e-07,0.0,0.03046789998188615,0.013553199998568743,0
36,"[0.7499697569903162, -0.6499371210060303]","[3.689197074685407e-05, -9.016555645379945e-05]",1.1021461980444586e-07,0.0,0.03071540000382811,0.014233599998988211,0
37,"[0.7499716015888535, -0.649941629283853]","[2.0608207901083667e-05, -5.0895026465742324e-05]",1.0816214276721716e-07,0.0,0.031047600001329556,0.012346999981673434,0
38,"[0.7499726319992485, -0.6499441740351763]","[1.146126729507086e-05, -2.849635976657171e-05]",1.071014442533298e-07,0.0,0.02907080002478324,0.015715600020485,0
39,"[0.7499732050626132, -0.6499455988531647]","[6.360078111959758e-06, -1.5878339960545215e-05]",1.0653862398376295e-07,0.0,0.031184100022073835,0.013224099995568395,0
40,"[0.7499735230665189, -0.6499463927701628]","[3.525422351015182e-06, -8.822813572926548e-06]",1.0623474260789789e-07,0.0,0.031358899985207245,0.0149418999790214,0
41,"[0.7499736993376365, -0.6499468339108414]","[1.9530648468656835e-06, -4.894626635283184e-06]",1.0606890855371296e-07,0.0,0.02989859998342581,0.013034099974902347,0
42,"[0.7499737969908788, -0.6499470786421732]","[1.0816754129752487e-06, -2.712966517106675e-06]",1.0597784058092256e-07,0.0,0.03133990001515485,0.01439969998318702,0
43,"[0.7499738510746495, -0.6499472142904991]","[5.989789291178992e-07, -1.5029785548249667e-06]",1.0592765069220829e-07,0.0,0.03256749999127351,0.014149099995847791,0
44,"[0.7499738810235961, -0.6499472894394268]","[3.316584637109185e-07, -8.324164134882535e-07]",1.0589993369346107e-07,0.0,0.04541859999881126,0.016671899997163564,0
45,"[0.7499738976065192, -0.6499473310602475]","[1.836334114519052e-07, -4.6095822420265473e-07]",1.0588460983119246e-07,0.0,0.03033310000319034,0.01285150001058355,0
46,"[0.7499739067881898, -0.6499473541081586]","[1.0167215024883478e-07, -2.5523803211116927e-07]",1.0587613239816315e-07,0.0,0.029806399979861453,0.02466140000615269,0
47,"[0.7499739118717972, -0.6499473668700603]","[5.6291997707169465e-08, -1.4132162873736667e-07]",1.0587144088779542e-07,0.0,0.030369299987796694,0.012347999989287928,0
48,"[0.7499739146863971, -0.6499473739361417]","[3.116651380448117e-08, -7.824570124465025e-08]",1.0586884404557593e-07,0.0,0.03063530000508763,0.012842999974964187,0
49,"[0.7499739162447228, -0.6499473778484267]","[1.7255518501319445e-08, -4.332175423455613e-08]",1.0586740648822722e-07,0.0,0.028154100000392646,0.01268690000870265,0
